api,table,column,type,format,required,description
EELIS/PostgREST,f_alad,id,integer,integer,jah,Ala ID  Note: This is a Primary Key.<pk/>
EELIS/PostgREST,f_alad,id_text,string,text,,ID kood tekst väljatüübina
EELIS/PostgREST,f_alad,nimi,string,text,,Nimi
EELIS/PostgREST,f_alad,tyyp,string,text,,Tüübi kood
EELIS/PostgREST,f_alad,tyyp_selg,string,text,,Tüübi selgitus
EELIS/PostgREST,f_alad,kuulub_id,integer,integer,,Asub kaitsealal ID
EELIS/PostgREST,f_alad,kuulub_selg,string,text,,Asub kaitsealal nimi
EELIS/PostgREST,f_alad,on_regobj,boolean,boolean,,On registriobjekt
EELIS/PostgREST,f_alad,kkr_kood,string,text,,KKR kood
EELIS/PostgREST,f_alad,cdda_kood,string,text,,CDDA kood
EELIS/PostgREST,f_alad,iucn_tyyp,string,text,,IUCN kood
EELIS/PostgREST,f_alad,iucn_tyyp_selg,string,text,,IUCN koodi selgitus
EELIS/PostgREST,f_alad,al_yksiktyyp,string,text,,Üksikobjekti tüüp
EELIS/PostgREST,f_alad,al_yksiktyyp_selg,string,text,,Üksikobjekti tüübi selgitus
EELIS/PostgREST,f_alad,yksikobj_seisund,string,text,,Üksikobjekti seisund
EELIS/PostgREST,f_alad,yksikobj_seisund_selg,string,text,,Üksikobjekti seisundi selgitus
EELIS/PostgREST,f_alad,al_voondtyyp,string,text,,Vöönditüüp
EELIS/PostgREST,f_alad,al_voondtyyp_selg,string,text,,Vöönditüüp nimi
EELIS/PostgREST,f_alad,al_staatus,string,text,,Ala staatus
EELIS/PostgREST,f_alad,al_staatus_selg,string,text,,Ala staatus nimi
EELIS/PostgREST,f_alad,kaitsekorra_alus_id,integer,integer,,Kaitsekorra alus
EELIS/PostgREST,f_alad,pindala_maa,number,double precision,,Maismaa pindala
EELIS/PostgREST,f_alad,pindala_vesi,number,double precision,,Siseveekogude pindala
EELIS/PostgREST,f_alad,pindala_meri,number,double precision,,Mereosa pindala
EELIS/PostgREST,f_alad,veekogu_id,integer,integer,,Koelmuala veekogu
EELIS/PostgREST,f_alad,on_msoodust,boolean,boolean,,On maamaksusoodustus
EELIS/PostgREST,f_alad,msoodust_prots,string,text,,Maamaksu protsent
EELIS/PostgREST,f_alad,tx_kirjeldus,string,text,,Iseloomustus
EELIS/PostgREST,f_alad,tx_eesmark,string,text,,Kaitse-eesmärgi täpsustus
EELIS/PostgREST,f_alad,kesk_x,number,double precision,,Ala tsentroidi x-koordinaat LEST97
EELIS/PostgREST,f_alad,kesk_y,number,double precision,,Ala tsentroidi y-koordinaat LEST97
EELIS/PostgREST,f_alad,muut_aeg,string,timestamp without time zone,,Viimase muutmise aeg
EELIS/PostgREST,f_alad,keht_staatus,string,text,,Kehtivuse staatus
EELIS/PostgREST,f_alad,valitseja_reg_kood,string,text,,Ala valitseja kood
EELIS/PostgREST,f_alad,valitseja_nimetus,string,text,,Ala valitseja nimetus
EELIS/PostgREST,f_alad,ehak_tekst,string,text,,EHAK koondinfo
EELIS/PostgREST,f_alad,ehak_kood1,string,text,,EHAK kood maakond
EELIS/PostgREST,f_alad,ehak_kood2,string,text,,EHAK kood vald
EELIS/PostgREST,f_alad,ehak_kood3,string,text,,EHAK alamtase
EELIS/PostgREST,f_alad,on_seotud_ala,integer,integer,,Lisa väli seotud alal asuvad kaitsealused alad või üksikobjektid
EELIS/PostgREST,f_alad_dok,dok_id,integer,integer,,Dok ID
EELIS/PostgREST,f_alad_dok,dok_kood,string,text,,Dok kood
EELIS/PostgREST,f_alad_dok,dok_tyyp,string,text,,Dok tüüp
EELIS/PostgREST,f_alad_dok,dok_tyyp_selg,string,text,,Dok tüüp selgitus
EELIS/PostgREST,f_alad_dok,dok_number,string,text,,Dokumendi number
EELIS/PostgREST,f_alad_dok,dok_pealkiri,string,text,,Dokumendi pealkiri
EELIS/PostgREST,f_alad_dok,dok_alg_kehtib,string,timestamp without time zone,,Dokument kehtib alates kp
EELIS/PostgREST,f_alad_dok,dok_alg_kp,string,timestamp without time zone,,Dokument algus kp
EELIS/PostgREST,f_alad_dok,dok_lopp_kp,string,timestamp without time zone,,Dokument lõpp kp
EELIS/PostgREST,f_alad_dok,dok_url,string,text,,Dok URL
EELIS/PostgREST,f_alad_dok,dok_alus_dok_id,integer,integer,,Alus dok ID
EELIS/PostgREST,f_alad_dok,dok_muut_aeg,string,timestamp without time zone,,Viimase muutmise aeg (dok)
EELIS/PostgREST,f_alad_dok,ala_id,integer,integer,,Ala ID  Note: This is a Foreign Key to `f_alad.id`.<fk table='f_alad' column='id'/>
EELIS/PostgREST,f_alad_ehak,id,integer,integer,,EHAK ID
EELIS/PostgREST,f_alad_ehak,ehak_kood,string,text,,EHAK kood
EELIS/PostgREST,f_alad_ehak,ehak_nimi,string,text,,EHAK nimi
EELIS/PostgREST,f_alad_ehak,ehak_rnimi,string,text,,EHAK rööpnimi
EELIS/PostgREST,f_alad_ehak,vald,string,text,,Vald nimi
EELIS/PostgREST,f_alad_ehak,maa,string,text,,Maakond nimi
EELIS/PostgREST,f_alad_ehak,tyyp,string,text,,EHAK tase
EELIS/PostgREST,f_alad_ehak,ehak_tyyp_selg,string,text,,EHAK tase selgitus
EELIS/PostgREST,f_alad_ehak,ehak_parent,string,text,,EHAK kõrgema taseme kood
EELIS/PostgREST,f_alad_ehak,ehak_muut_aeg,string,timestamp without time zone,,Viimase muudatuse aeg (EHAK)
EELIS/PostgREST,f_alad_ehak,ala_id,integer,integer,,Ala ID  Note: This is a Foreign Key to `f_alad.id`.<fk table='f_alad' column='id'/>
EELIS/PostgREST,f_alad_elupaigatyyp,elupaigatp_id,integer,integer,,Elupaigatüübi ID
EELIS/PostgREST,f_alad_elupaigatyyp,elupaigatp_kood,string,text,,Elupaigatüübi kood
EELIS/PostgREST,f_alad_elupaigatyyp,elupaigatp_staatus,string,text,,Elupaigatüübi staatus
EELIS/PostgREST,f_alad_elupaigatyyp,elupaigatp_staatus_selg,string,text,,Elupaigatüübi staatus nimetus
EELIS/PostgREST,f_alad_elupaigatyyp,elupaigatp_nimi,string,text,,Elupaigatüübi nimi
EELIS/PostgREST,f_alad_elupaigatyyp,elupaigatp_grupp,string,text,,Elupaigatüübi grupp
EELIS/PostgREST,f_alad_elupaigatyyp,elupaigatp_grupp_selg,string,text,,Elupaigatüübi grupi nimi
EELIS/PostgREST,f_alad_elupaigatyyp,elupaigatp_muut_aeg,string,timestamp without time zone,,Viimase muutmise aeg (elupaigatüüp)
EELIS/PostgREST,f_alad_elupaigatyyp,seirejaam_id,integer,integer,,Seirejaama ID
EELIS/PostgREST,f_alad_elupaigatyyp,ala_id,integer,integer,,Ala ID  Note: This is a Foreign Key to `f_alad.id`.<fk table='f_alad' column='id'/>
EELIS/PostgREST,f_alad_fjisik,fjsik_seos_id,integer,integer,,Fjisik seose ID
EELIS/PostgREST,f_alad_fjisik,fjsik_id,integer,integer,,ID
EELIS/PostgREST,f_alad_fjisik,kood,string,text,,äriregistri kood
EELIS/PostgREST,f_alad_fjisik,nimetus,string,text,,Nimetus
EELIS/PostgREST,f_alad_fjisik,reoveeala_id,integer,integer,,reoveeala id 
EELIS/PostgREST,f_alad_fjisik,ala_id,integer,integer,,Ala id  Note: This is a Foreign Key to `f_alad.id`.<fk table='f_alad' column='id'/>
EELIS/PostgREST,f_alad_invelupaik,id,integer,integer,,Inventeeritud elupaiga ID
EELIS/PostgREST,f_alad_invelupaik,inventuur_id,integer,integer,,Inventuuri ID
EELIS/PostgREST,f_alad_invelupaik,inv_projekt,string,text,,Projekti nimi
EELIS/PostgREST,f_alad_invelupaik,tyyp,string,text,,Tüüp
EELIS/PostgREST,f_alad_invelupaik,tyyp_selg,string,text,,Tüübi selgitus
EELIS/PostgREST,f_alad_invelupaik,alamtyyp,string,text,,Alamtüüp
EELIS/PostgREST,f_alad_invelupaik,alamtyyp_selg,string,text,,Alamtüüp selgitus
EELIS/PostgREST,f_alad_invelupaik,kkr_kood,string,text,,KKR kood
EELIS/PostgREST,f_alad_invelupaik,pindala,number,double precision,,Pindala
EELIS/PostgREST,f_alad_invelupaik,inv_kp,string,timestamp without time zone,,Inv. Kp
EELIS/PostgREST,f_alad_invelupaik,hindamise_kp,string,timestamp without time zone,,Hindamise kp
EELIS/PostgREST,f_alad_invelupaik,on_rannaala,boolean,boolean,,On rannaala
EELIS/PostgREST,f_alad_invelupaik,andmekvaliteet,string,text,,Andmekvaliteet kood
EELIS/PostgREST,f_alad_invelupaik,andmekv_selgitus,string,text,,Andmekvaliteet
EELIS/PostgREST,f_alad_invelupaik,tx_kirjeldus,string,text,,Kirjeldus
EELIS/PostgREST,f_alad_invelupaik,tx_liigid,string,text,,Liikide loend
EELIS/PostgREST,f_alad_invelupaik,elupaigatyyp_id,integer,integer,,Elupaigatüübi ID
EELIS/PostgREST,f_alad_invelupaik,elupaigatyyp_kood,string,text,,Elupaigatüübi kood
EELIS/PostgREST,f_alad_invelupaik,elupaigatyyp_kood_selg,string,text,,Elupaigatüübi selgitus
EELIS/PostgREST,f_alad_invelupaik,elupaigatyyp_grupp,string,text,,Elupaigatüübi grupp
EELIS/PostgREST,f_alad_invelupaik,elupaigatyyp_grupp_selg,string,text,,Elupaigatüübi grupp selgitus
EELIS/PostgREST,f_alad_invelupaik,elupaigatyyp_staatus,string,text,,Elupaigatüübi staatus
EELIS/PostgREST,f_alad_invelupaik,elupaigatyyp_staatus_selg,string,text,,Elupaigatüübi staatus selgitus
EELIS/PostgREST,f_alad_invelupaik,kooslus,string,text,,Kooslus kood
EELIS/PostgREST,f_alad_invelupaik,kooslus_selg,string,text,,Kooslus
EELIS/PostgREST,f_alad_invelupaik,esinduslikkus,string,text,,Esinduslikkus kood
EELIS/PostgREST,f_alad_invelupaik,esinduslikkus_selg,string,text,,Esindluslikkus
EELIS/PostgREST,f_alad_invelupaik,struktsail,string,text,,Struktsail kood
EELIS/PostgREST,f_alad_invelupaik,struktsail_selg,string,text,,Struktsail 
EELIS/PostgREST,f_alad_invelupaik,funktssail,string,text,,Funktssail kood
EELIS/PostgREST,f_alad_invelupaik,funktssail_selg,string,text,,Funktssail
EELIS/PostgREST,f_alad_invelupaik,taastatavus,string,text,,Taastatavus kood
EELIS/PostgREST,f_alad_invelupaik,taastatavus_selg,string,text,,Taastatavus
EELIS/PostgREST,f_alad_invelupaik,hinnang,string,text,,Hinnang kood
EELIS/PostgREST,f_alad_invelupaik,hinnang_selg,string,text,,Hinnang
EELIS/PostgREST,f_alad_invelupaik,puistu_koosseis,string,text,,Puistu koosseis
EELIS/PostgREST,f_alad_invelupaik,puistu_liitus,integer,integer,,Puistu liitus
EELIS/PostgREST,f_alad_invelupaik,poosad_koosseis,string,text,,Põõsad kooseis
EELIS/PostgREST,f_alad_invelupaik,poosad_liitus,integer,integer,,Põõsad liitus
EELIS/PostgREST,f_alad_invelupaik,niiskus,string,text,,Niiskus koodid
EELIS/PostgREST,f_alad_invelupaik,niiskus_selg,string,text,,Niiskus 
EELIS/PostgREST,f_alad_invelupaik,niitmine,string,text,,Niitmine
EELIS/PostgREST,f_alad_invelupaik,niitmine_selg,string,text,,Niitmine selgitus
EELIS/PostgREST,f_alad_invelupaik,karjatamine,string,text,,Karjatamine koodid
EELIS/PostgREST,f_alad_invelupaik,karjatamine_selg,string,text,,Karjatamine
EELIS/PostgREST,f_alad_invelupaik,majandamine,string,text,,Majandaine kood
EELIS/PostgREST,f_alad_invelupaik,majandamine_selg,string,text,,Majandamine
EELIS/PostgREST,f_alad_invelupaik,tx_majandamine,string,text,,Majandamine kommentaar
EELIS/PostgREST,f_alad_invelupaik,perspektiiv,string,text,,Perspektiiv kood
EELIS/PostgREST,f_alad_invelupaik,perspektiiv_selg,string,text,,Perspektiiv
EELIS/PostgREST,f_alad_invelupaik,puistu_i_koosseis,string,text,,Puistu I koosseis
EELIS/PostgREST,f_alad_invelupaik,puistu_i_vanus,integer,integer,,Puistu I vanus
EELIS/PostgREST,f_alad_invelupaik,puistu_i_vanus_max,integer,integer,,Puistu_I_Vanus max
EELIS/PostgREST,f_alad_invelupaik,puistu_i_vanus_min,integer,integer,,Puistu_I_Vanus min
EELIS/PostgREST,f_alad_invelupaik,puistu_i_liitus,string,text,,Puistu I liitus
EELIS/PostgREST,f_alad_invelupaik,puistu_i_liitus_selg,string,text,,Puistu I liitus selgitus
EELIS/PostgREST,f_alad_invelupaik,puistu_ii_koosseis,string,text,,Puistu II koosseis
EELIS/PostgREST,f_alad_invelupaik,puistu_ii_liitus,string,text,,Puistu II liitus
EELIS/PostgREST,f_alad_invelupaik,puistu_ii_liitus_selg,string,text,,Puistu II liitus selgitus
EELIS/PostgREST,f_alad_invelupaik,puurinde_vanus,string,text,,Puurinde vanus
EELIS/PostgREST,f_alad_invelupaik,puistu_vanad_puud,string,text,,Puistu vanad puud
EELIS/PostgREST,f_alad_invelupaik,jarelkasv_lnim_id,integer,integer,,Jarelkasv liigi ID
EELIS/PostgREST,f_alad_invelupaik,jarelkasv_lad_nim,string,text,,Liigi ladina k nimetus (jarelkasv)
EELIS/PostgREST,f_alad_invelupaik,jarelkasv_eest_nim,string,text,,Liigi eesti k nimetus (jarelkasv)
EELIS/PostgREST,f_alad_invelupaik,jarelkasv_ryhm,string,text,,Leiukoha liigi rühm (jarelkasv)
EELIS/PostgREST,f_alad_invelupaik,jarelkasv_ryhm_selg,string,text,,Leiukoha liigi rühma seletus (jarelkasv)
EELIS/PostgREST,f_alad_invelupaik,jarelkasv_kaitsekat,string,text,,Leiukoha liigi katisekategooria (jarelkasv)
EELIS/PostgREST,f_alad_invelupaik,jarelkasv_kaitsekat_selg,string,text,,Leiukoha liigi kaitsekategooria selgitus (jarelkasv)
EELIS/PostgREST,f_alad_invelupaik,jarelkasv_tyyp,string,text,,Liigi tüüp (jarelkasv)
EELIS/PostgREST,f_alad_invelupaik,jarelkasv_tyyp_selg,string,text,,Liigi tüübi seletus (jarelkasv)
EELIS/PostgREST,f_alad_invelupaik,jarelkasv_tvoorliik_tyyp,string,text,,Liigi võõrliigi tüüp (jarelkasv)
EELIS/PostgREST,f_alad_invelupaik,jarelkasv_tvoorliik_tyyp_selg,string,text,,Liigi võõrliigi tüübi selgitus (jarelkasv)
EELIS/PostgREST,f_alad_invelupaik,alusmets_lnim_id,integer,integer,,Alusmets liigi ID
EELIS/PostgREST,f_alad_invelupaik,alusmets_lad_nim,string,text,,Liigi ladina k nimetus (alusmets)
EELIS/PostgREST,f_alad_invelupaik,alusmets_eest_nim,string,text,,Liigi eesti k nimetus (alusmets)
EELIS/PostgREST,f_alad_invelupaik,alusmets_ryhm,string,text,,Leiukoha liigi rühm (alusmets)
EELIS/PostgREST,f_alad_invelupaik,alusmets_ryhm_selg,string,text,,Leiukoha liigi rühma seletus (alusmets)
EELIS/PostgREST,f_alad_invelupaik,alusmets_kaitsekat,string,text,,Leiukoha liigi katisekategooria (alusmets)
EELIS/PostgREST,f_alad_invelupaik,alusmets_kaitsekat_selg,string,text,,Leiukoha liigi kaitsekategooria selgitus (alusmets)
EELIS/PostgREST,f_alad_invelupaik,alusmets_tyyp,string,text,,Liigi tüüp (alusmets)
EELIS/PostgREST,f_alad_invelupaik,alusmets_tyyp_selg,string,text,,Liigi tüübi selgitus (alusmets)
EELIS/PostgREST,f_alad_invelupaik,alusmets_tvoorliik_tyyp,string,text,,Liigi võõrliigi tüüp (alusmets)
EELIS/PostgREST,f_alad_invelupaik,alusmets_tvoorliik_tyyp_selg,string,text,,Liigi võõrliigi tüübi selgitus (alusmets)
EELIS/PostgREST,f_alad_invelupaik,graminoidid,string,text,,Graminoidid
EELIS/PostgREST,f_alad_invelupaik,graminoidid_selg,string,text,,Graminoidid selgitus
EELIS/PostgREST,f_alad_invelupaik,on_surnudpuud,boolean,boolean,,On surnud puud
EELIS/PostgREST,f_alad_invelupaik,on_lamapuit,boolean,boolean,,On lamapuit
EELIS/PostgREST,f_alad_invelupaik,lagunemisastmed,string,text,,Lagunemisastmed
EELIS/PostgREST,f_alad_invelupaik,lagunemisastmed_selg,string,text,,Lagunemisastmed selgitus
EELIS/PostgREST,f_alad_invelupaik,tx_erisused,string,text,,Erisused 
EELIS/PostgREST,f_alad_invelupaik,elemendid,string,text,,Elemendid 
EELIS/PostgREST,f_alad_invelupaik,elemendid_selg,string,text,,Elemendid selgitus
EELIS/PostgREST,f_alad_invelupaik,taimede_katvus,integer,integer,,Taimede katvus
EELIS/PostgREST,f_alad_invelupaik,taimede_sygavus,integer,integer,,Taimede sügavus
EELIS/PostgREST,f_alad_invelupaik,veeoitseng,string,text,,Veeõitseng kood
EELIS/PostgREST,f_alad_invelupaik,veeoitseng_selg,string,text,,Veeõitseng
EELIS/PostgREST,f_alad_invelupaik,virgestus,string,text,,Virgestus kood
EELIS/PostgREST,f_alad_invelupaik,virgestus_selg,string,text,,Virgestus
EELIS/PostgREST,f_alad_invelupaik,tx_virgestus,string,text,,Virgestus tekst
EELIS/PostgREST,f_alad_invelupaik,hydromorf,string,text,,Hüdromorf kood
EELIS/PostgREST,f_alad_invelupaik,hydromorf_selg,string,text,,Hüdromorf
EELIS/PostgREST,f_alad_invelupaik,reostus,string,text,,Reostus kood
EELIS/PostgREST,f_alad_invelupaik,reostus_selg,string,text,,Reostus
EELIS/PostgREST,f_alad_invelupaik,voorl_moju,string,text,,Võõrliik mõju kood
EELIS/PostgREST,f_alad_invelupaik,voorl_moju_selg,string,text,,Võõrliik mõju
EELIS/PostgREST,f_alad_invelupaik,kesk_x,number,double precision,,Inventeeritud elupaiga tsentroidi x-koordinaat LEST97
EELIS/PostgREST,f_alad_invelupaik,kesk_y,number,double precision,,Inventeeritud elupaiga tsentroidi y-koordinaat LEST97
EELIS/PostgREST,f_alad_invelupaik,muut_aeg,string,timestamp without time zone,,Viimase muutmise aeg
EELIS/PostgREST,f_alad_invelupaik,keht_staatus,string,text,,Kehtivuse staatus
EELIS/PostgREST,f_alad_invelupaik,ehak_tekst,string,text,,EHAK koondinfo
EELIS/PostgREST,f_alad_invelupaik,ehak_kood1,string,text,,EHAK kood maakond
EELIS/PostgREST,f_alad_invelupaik,ehak_kood2,string,text,,EHAK kood vald
EELIS/PostgREST,f_alad_invelupaik,ehak_kood3,string,text,,EHAK alamtase
EELIS/PostgREST,f_alad_invelupaik,ala_id,integer,integer,,Ala ID  Note: This is a Foreign Key to `f_alad.id`.<fk table='f_alad' column='id'/>
EELIS/PostgREST,f_alad_kandealus,kand_id,integer,integer,,Kandealus ID
EELIS/PostgREST,f_alad_kandealus,kand_kood,string,text,,Kandealus kood
EELIS/PostgREST,f_alad_kandealus,kand_tyyp,string,text,,Kandealus tüüp
EELIS/PostgREST,f_alad_kandealus,kand_tyyp_selg,string,text,,Kandealus tüüp selgitus
EELIS/PostgREST,f_alad_kandealus,kand_nimi,string,text,,Kandealus nimi
EELIS/PostgREST,f_alad_kandealus,kand_obj_tyyp,string,text,,Objekti tüüp (kandealus)
EELIS/PostgREST,f_alad_kandealus,kand_obj_tyyp_selg,string,text,,Objekti tüüp selgitus (kandealus)
EELIS/PostgREST,f_alad_kandealus,kand_kpv,string,timestamp without time zone,,Kandealus kuupäev
EELIS/PostgREST,f_alad_kandealus,kand_alusdok_id,integer,integer,,Alusdokumendi ID 
EELIS/PostgREST,f_alad_kandealus,kand_alusdok_nimi,string,text,,Alusdokumendi nimi
EELIS/PostgREST,f_alad_kandealus,kand_alusdok_alg_kehtib,string,timestamp without time zone,,Alusdokumendi kehtib alates kuupäev
EELIS/PostgREST,f_alad_kandealus,kand_aruanne_id,integer,integer,,Aruanne
EELIS/PostgREST,f_alad_kandealus,kand_aruanne_nimi,string,text,,Aruande nimi
EELIS/PostgREST,f_alad_kandealus,kand_aruanne_aasta,integer,integer,,Aruande aasta
EELIS/PostgREST,f_alad_kandealus,kand_esitamise_viis,string,text,,Esitamise viis
EELIS/PostgREST,f_alad_kandealus,kand_esit_viis_selg,string,text,,Esitamise viis selgitus
EELIS/PostgREST,f_alad_kandealus,kand_dok_kpv,string,timestamp without time zone,,Kandealus dokumendi kuupäev
EELIS/PostgREST,f_alad_kandealus,kand_tx_lisainfo,string,text,,Lisainfo (kandealus)
EELIS/PostgREST,f_alad_kandealus,kand_muut_aeg,string,timestamp without time zone,,Viimase muutmise aeg (kandealus)
EELIS/PostgREST,f_alad_kandealus,ala_id,integer,integer,,Ala ID  Note: This is a Foreign Key to `f_alad.id`.<fk table='f_alad' column='id'/>
EELIS/PostgREST,f_alad_kava,kava_id,integer,integer,,Kaitsekorralduskava Id
EELIS/PostgREST,f_alad_kava,kava_nimi,string,text,,Kaitsekorralduskava nimetus
EELIS/PostgREST,f_alad_kava,kava_alg_aasta,integer,integer,,Kava algusaasta
EELIS/PostgREST,f_alad_kava,kava_staatus,string,text,,Kava staatus
EELIS/PostgREST,f_alad_kava,kava_staatus_selg,string,text,,Kava staatuse selgitus
EELIS/PostgREST,f_alad_kava,kava_muut_aeg,string,timestamp without time zone,,Viimase muutmise aeg (kava)
EELIS/PostgREST,f_alad_kava,ala_id,integer,integer,,Ala ID  Note: This is a Foreign Key to `f_alad.id`.<fk table='f_alad' column='id'/>
EELIS/PostgREST,f_alad_kirjandus,kirj_seose_id,integer,integer,,Kirjandus seose ID
EELIS/PostgREST,f_alad_kirjandus,kirj_id,integer,integer,,Kirjandus ID
EELIS/PostgREST,f_alad_kirjandus,tyyp,string,text,,Tüüp
EELIS/PostgREST,f_alad_kirjandus,kirjandus_tyyp_selg,string,text,,Kirjandus tüübi selgitus
EELIS/PostgREST,f_alad_kirjandus,kuulub_id,integer,integer,,Kuulub
EELIS/PostgREST,f_alad_kirjandus,kirj_nimi_sari,string,text,,Sarja nimi
EELIS/PostgREST,f_alad_kirjandus,kirj_nimi,string,text,,Teose nimi
EELIS/PostgREST,f_alad_kirjandus,kirj_artikkel,string,text,,Artikkel
EELIS/PostgREST,f_alad_kirjandus,kirj_tx_viide,string,text,,Kirjanduse viide
EELIS/PostgREST,f_alad_kirjandus,kirj_autor,string,text,,Teose autor
EELIS/PostgREST,f_alad_kirjandus,kirj_fjisik_nimi,string,text,,Autori ees-ja perekonnanimi
EELIS/PostgREST,f_alad_kirjandus,kirj_fjisik_nimetus,string,text,,Nimetus
EELIS/PostgREST,f_alad_kirjandus,valjaandja,string,text,,Teose väljaandja
EELIS/PostgREST,f_alad_kirjandus,valjaandja_id,integer,integer,,Teose väljaandja ID
EELIS/PostgREST,f_alad_kirjandus,aeg_kp,string,timestamp without time zone,,Avaldamise kuupäev (kirjandus)
EELIS/PostgREST,f_alad_kirjandus,kirj_aeg_aasta,integer,integer,,Avaldamise aasta (kirjandus)
EELIS/PostgREST,f_alad_kirjandus,aeg_kuu,integer,integer,,Avaldamise kuu (kirjandus)
EELIS/PostgREST,f_alad_kirjandus,teema,string,text,,Kirjanduse teemad
EELIS/PostgREST,f_alad_kirjandus,url,string,text,,Kirjanduse link
EELIS/PostgREST,f_alad_kirjandus,tx_kirjeldus,string,text,,Teose kirjeldus
EELIS/PostgREST,f_alad_kirjandus,tx_litsents,string,text,,Teose litsents
EELIS/PostgREST,f_alad_kirjandus,sisu_tyyp,string,text,,Sisu tüüp
EELIS/PostgREST,f_alad_kirjandus,sisu_tyyp_selg,string,text,,Sisu tüübi selgitus
EELIS/PostgREST,f_alad_kirjandus,tx_sisu,string,text,,Kirjanduse sisu
EELIS/PostgREST,f_alad_kirjandus,kirj_muut_aeg,string,timestamp without time zone,,Viimase muutmise aeg (kirjandus)
EELIS/PostgREST,f_alad_kirjandus,ala_id,integer,integer,,Ala ID  Note: This is a Foreign Key to `f_alad.id`.<fk table='f_alad' column='id'/>
EELIS/PostgREST,f_alad_lkoht,id,integer,integer,,Leiukoha ID
EELIS/PostgREST,f_alad_lkoht,lnim_id,integer,integer,,Liik
EELIS/PostgREST,f_alad_lkoht,ladnimi,string,text,,Liigi ladina k nimetus
EELIS/PostgREST,f_alad_lkoht,estnimi,string,text,,Liigi eesti k nimetus
EELIS/PostgREST,f_alad_lkoht,ryhm,string,text,,Leiukoha liigi rühm
EELIS/PostgREST,f_alad_lkoht,ryhm_selg,string,text,,Leiukoha liigi rühma seletus
EELIS/PostgREST,f_alad_lkoht,kaitsekategooria,string,text,,Leiukoha liigi katisekategooria
EELIS/PostgREST,f_alad_lkoht,kaitsekategooria_selg,string,text,,Leiukoha liigi kaitsekategooria selgitus
EELIS/PostgREST,f_alad_lkoht,liigi_tyyp,string,text,,Liigi tüüp
EELIS/PostgREST,f_alad_lkoht,liigi_tyyp_selg,string,text,,Liigi tüübi selgitus
EELIS/PostgREST,f_alad_lkoht,voorliik_tyyp,string,text,,Liigi võõrliigi tüüp
EELIS/PostgREST,f_alad_lkoht,voorliik_tyyp_selg,string,text,,Liigi võõrliigi tüübi selgitus
EELIS/PostgREST,f_alad_lkoht,linnudirektiiv_kood,string,text,,Linnudirektiiv
EELIS/PostgREST,f_alad_lkoht,linnudirektiiv_selg,string,text,,Linnudirektiiv seletus
EELIS/PostgREST,f_alad_lkoht,loodusdirketiiv_kood,string,text,,Loodusdirektiiv
EELIS/PostgREST,f_alad_lkoht,loodusdirektiiv_selg,string,text,,Loodusdirektiiv seletus
EELIS/PostgREST,f_alad_lkoht,nimi,string,text,,Nimi
EELIS/PostgREST,f_alad_lkoht,tyyp,string,text,,Tüüp kood
EELIS/PostgREST,f_alad_lkoht,tyyp_selg,string,text,,Tüüp
EELIS/PostgREST,f_alad_lkoht,kuulub_id,integer,integer,,Kuulub
EELIS/PostgREST,f_alad_lkoht,tx_asukoht,string,text,,Asukohakirjeldus
EELIS/PostgREST,f_alad_lkoht,on_regobj,boolean,boolean,,On registriobjekt
EELIS/PostgREST,f_alad_lkoht,kkr_kood,string,text,,KKR kood
EELIS/PostgREST,f_alad_lkoht,tx_elupaik,string,text,,Elupaiga kirjeldus
EELIS/PostgREST,f_alad_lkoht,elup_kasutus,string,text,,Elupaiga kasutus kood
EELIS/PostgREST,f_alad_lkoht,elup_kasutus_selg,string,text,,Elupaiga kasutus
EELIS/PostgREST,f_alad_lkoht,elup_nat,string,text,,Elupaik (Natura) kood
EELIS/PostgREST,f_alad_lkoht,elup_nat_selg,string,text,,Elupaik (Natura)
EELIS/PostgREST,f_alad_lkoht,elup_paal,string,text,,Kasvukoht (Paal) kood
EELIS/PostgREST,f_alad_lkoht,elup_paal_selg,string,text,,Kasvukoht (Paal)
EELIS/PostgREST,f_alad_lkoht,ohud,string,text,,Ohutegurid
EELIS/PostgREST,f_alad_lkoht,ohud_aste,string,text,,Mõjutegurite ohu aste
EELIS/PostgREST,f_alad_lkoht,ohud_aste_selg,string,text,,Mõjutegurite ohu astme selgitus
EELIS/PostgREST,f_alad_lkoht,kasvamise_koht,string,text,,Kasvamise koht
EELIS/PostgREST,f_alad_lkoht,kasvamise_koht_selg,string,text,,Kasvamise koha selgitus
EELIS/PostgREST,f_alad_lkoht,koht_vesi,string,text,,Asukoha niiskus
EELIS/PostgREST,f_alad_lkoht,koht_vesi_selg,string,text,,Asukoha niiskus selgitus
EELIS/PostgREST,f_alad_lkoht,koht_valgus,string,text,,Asukoha valgustatus
EELIS/PostgREST,f_alad_lkoht,koht_valgus_selg,string,text,,Asukoha valgustatus selgitus
EELIS/PostgREST,f_alad_lkoht,koht_muld,string,text,,Asukoha mullastik
EELIS/PostgREST,f_alad_lkoht,koht_muld_selg,string,text,,Asukoha mullastik selgitus
EELIS/PostgREST,f_alad_lkoht,tx_biol_kirjeldus,string,text,,Bioloogiline kirjeldus
EELIS/PostgREST,f_alad_lkoht,on_voorliik_teavitus,boolean,boolean,,On saadetud teavitus võõrliigi kohta
EELIS/PostgREST,f_alad_lkoht,kesk_x,number,double precision,,x
EELIS/PostgREST,f_alad_lkoht,kesk_y,number,double precision,,y
EELIS/PostgREST,f_alad_lkoht,muut_aeg,string,timestamp without time zone,,Muutmise aeg
EELIS/PostgREST,f_alad_lkoht,keht_staatus,string,text,,Kehtivuse staatus
EELIS/PostgREST,f_alad_lkoht,ala_id,integer,integer,,Ala ID  Note: This is a Foreign Key to `f_alad.id`.<fk table='f_alad' column='id'/>
EELIS/PostgREST,f_alad_lkoht_py,id,integer,integer,,Leiukoha ID
EELIS/PostgREST,f_alad_lkoht_py,lnim_id,integer,integer,,Liik
EELIS/PostgREST,f_alad_lkoht_py,ladnimi,string,text,,Liigi ladina k nimetus
EELIS/PostgREST,f_alad_lkoht_py,estnimi,string,text,,Liigi eesti k nimetus
EELIS/PostgREST,f_alad_lkoht_py,ryhm,string,text,,Leiukoha liigi rühm
EELIS/PostgREST,f_alad_lkoht_py,ryhm_selg,string,text,,Leiukoha liigi rühma seletus
EELIS/PostgREST,f_alad_lkoht_py,kaitsekategooria,string,text,,Leiukoha liigi katisekategooria
EELIS/PostgREST,f_alad_lkoht_py,kaitsekategooria_selg,string,text,,Leiukoha liigi kaitsekategooria selgitus
EELIS/PostgREST,f_alad_lkoht_py,liigi_tyyp,string,text,,Liigi tüüp
EELIS/PostgREST,f_alad_lkoht_py,liigi_tyyp_selg,string,text,,Liigi tüübi selgitus
EELIS/PostgREST,f_alad_lkoht_py,voorliik_tyyp,string,text,,Liigi võõrliigi tüüp
EELIS/PostgREST,f_alad_lkoht_py,voorliik_tyyp_selg,string,text,,Liigi võõrliigi tüübi selgitus
EELIS/PostgREST,f_alad_lkoht_py,linnudirektiiv_kood,string,text,,Linnudirektiiv
EELIS/PostgREST,f_alad_lkoht_py,linnudirektiiv_selg,string,text,,Linnudirektiiv seletus
EELIS/PostgREST,f_alad_lkoht_py,loodusdirketiiv_kood,string,text,,Loodusdirektiiv
EELIS/PostgREST,f_alad_lkoht_py,loodusdirektiiv_selg,string,text,,Loodusdirektiiv seletus
EELIS/PostgREST,f_alad_lkoht_py,nimi,string,text,,Nimi
EELIS/PostgREST,f_alad_lkoht_py,tyyp,string,text,,Tüüp kood
EELIS/PostgREST,f_alad_lkoht_py,tyyp_selg,string,text,,Tüüp
EELIS/PostgREST,f_alad_lkoht_py,kuulub_id,integer,integer,,Kuulub
EELIS/PostgREST,f_alad_lkoht_py,tx_asukoht,string,text,,Asukohakirjeldus
EELIS/PostgREST,f_alad_lkoht_py,on_regobj,boolean,boolean,,On registriobjekt
EELIS/PostgREST,f_alad_lkoht_py,kkr_kood,string,text,,KKR kood
EELIS/PostgREST,f_alad_lkoht_py,tx_elupaik,string,text,,Elupaiga kirjeldus
EELIS/PostgREST,f_alad_lkoht_py,elup_kasutus,string,text,,Elupaiga kasutus kood
EELIS/PostgREST,f_alad_lkoht_py,elup_kasutus_selg,string,text,,Elupaiga kasutus
EELIS/PostgREST,f_alad_lkoht_py,elup_nat,string,text,,Elupaik (Natura) kood
EELIS/PostgREST,f_alad_lkoht_py,elup_nat_selg,string,text,,Elupaik (Natura)
EELIS/PostgREST,f_alad_lkoht_py,elup_paal,string,text,,Kasvukoht (Paal) kood
EELIS/PostgREST,f_alad_lkoht_py,elup_paal_selg,string,text,,Kasvukoht (Paal)
EELIS/PostgREST,f_alad_lkoht_py,ohud,string,text,,Ohutegurid
EELIS/PostgREST,f_alad_lkoht_py,ohud_aste,string,text,,Mõjutegurite ohu aste
EELIS/PostgREST,f_alad_lkoht_py,ohud_aste_selg,string,text,,Mõjutegurite ohu astme selgitus
EELIS/PostgREST,f_alad_lkoht_py,kasvamise_koht,string,text,,Kasvamise koht
EELIS/PostgREST,f_alad_lkoht_py,kasvamise_koht_selg,string,text,,Kasvamise koha selgitus
EELIS/PostgREST,f_alad_lkoht_py,koht_vesi,string,text,,Asukoha niiskus
EELIS/PostgREST,f_alad_lkoht_py,koht_vesi_selg,string,text,,Asukoha niiskus selgitus
EELIS/PostgREST,f_alad_lkoht_py,koht_valgus,string,text,,Asukoha valgustatus
EELIS/PostgREST,f_alad_lkoht_py,koht_valgus_selg,string,text,,Asukoha valgustatus selgitus
EELIS/PostgREST,f_alad_lkoht_py,koht_muld,string,text,,Asukoha mullastik
EELIS/PostgREST,f_alad_lkoht_py,koht_muld_selg,string,text,,Asukoha mullastik selgitus
EELIS/PostgREST,f_alad_lkoht_py,tx_biol_kirjeldus,string,text,,Bioloogiline kirjeldus
EELIS/PostgREST,f_alad_lkoht_py,on_voorliik_teavitus,boolean,boolean,,On saadetud teavitus võõrliigi kohta
EELIS/PostgREST,f_alad_lkoht_py,kesk_x,number,double precision,,x
EELIS/PostgREST,f_alad_lkoht_py,kesk_y,number,double precision,,y
EELIS/PostgREST,f_alad_lkoht_py,muut_aeg,string,timestamp without time zone,,Muutmise aeg
EELIS/PostgREST,f_alad_lkoht_py,keht_staatus,string,text,,Kehtivuse staatus
EELIS/PostgREST,f_alad_lkoht_py,ala_id,integer,integer,,Ala ID  Note: This is a Foreign Key to `f_alad.id`.<fk table='f_alad' column='id'/>
EELIS/PostgREST,f_alad_lnim,id,integer,integer,,Liigi id
EELIS/PostgREST,f_alad_lnim,ladnimi,string,text,,Liigi ladina k nimetus
EELIS/PostgREST,f_alad_lnim,estnimi,string,text,,Liigi eesti k nimetus
EELIS/PostgREST,f_alad_lnim,ryhm,string,text,,Leiukoha liigi rühm
EELIS/PostgREST,f_alad_lnim,ryhm_selg,string,text,,Leiukoha liigi rühma seletus
EELIS/PostgREST,f_alad_lnim,kaitsekategooria,string,text,,Leiukoha liigi katisekategooria
EELIS/PostgREST,f_alad_lnim,kaitsekategooria_selg,string,text,,Leiukoha liigi kaitsekategooria selgitus
EELIS/PostgREST,f_alad_lnim,tyyp,string,text,,Liigi tüüp
EELIS/PostgREST,f_alad_lnim,liigi_tyyp_selg,string,text,,Liigi tüübi selgitus
EELIS/PostgREST,f_alad_lnim,voorliik_tyyp,string,text,,Liigi võõrliigi tüüp
EELIS/PostgREST,f_alad_lnim,voorliik_tyyp_selg,string,text,,Liigi võõrliigi tüübi selgitus
EELIS/PostgREST,f_alad_lnim,linnudirektiiv_kood,string,text,,Linnudirektiiv
EELIS/PostgREST,f_alad_lnim,linnudirektiiv_selg,string,text,,Linnudirektiiv seletus
EELIS/PostgREST,f_alad_lnim,loodusdirketiiv_kood,string,text,,Loodusdirektiiv
EELIS/PostgREST,f_alad_lnim,loodusdirektiiv_selg,string,text,,Loodusdirektiiv seletus
EELIS/PostgREST,f_alad_lnim,ala_id,integer,integer,,Ala ID  Note: This is a Foreign Key to `f_alad.id`.<fk table='f_alad' column='id'/>
EELIS/PostgREST,f_alad_rahvala,id,integer,integer,,Rahv.ala ID
EELIS/PostgREST,f_alad_rahvala,kood,string,text,,Kood
EELIS/PostgREST,f_alad_rahvala,nimi,string,text,,Rahv.ala nimi
EELIS/PostgREST,f_alad_rahvala,tyyp,string,text,,Rahv.ala tüüp 
EELIS/PostgREST,f_alad_rahvala,tyyp_selg,string,text,,Rahv.ala tüüp selgitus
EELIS/PostgREST,f_alad_rahvala,on_regobj,boolean,boolean,,On registriobjekt JAH/EI
EELIS/PostgREST,f_alad_rahvala,kkr_kood,string,text,,KKR kood
EELIS/PostgREST,f_alad_rahvala,koostamise_kp,string,timestamp without time zone,,Koostamise kp
EELIS/PostgREST,f_alad_rahvala,kinnitamise_kp,string,timestamp without time zone,,Kinnitamise kp
EELIS/PostgREST,f_alad_rahvala,tx_markused,string,text,,Märkused
EELIS/PostgREST,f_alad_rahvala,pindala_maa,number,double precision,,Maismaa pindala (ha)
EELIS/PostgREST,f_alad_rahvala,pindala_vesi,number,double precision,,Siseveekogude pindala (ha)
EELIS/PostgREST,f_alad_rahvala,pindala_meri,number,double precision,,Mereosa pindala (ha)
EELIS/PostgREST,f_alad_rahvala,spa_klassif_kp,string,timestamp without time zone,,SPA klassifitseerimise kuupäev
EELIS/PostgREST,f_alad_rahvala,sci_esit_kp,string,timestamp without time zone,,SCI esitamise kuupäev
EELIS/PostgREST,f_alad_rahvala,sci_kinnit_kp,string,timestamp without time zone,,SCI kinnitamise kuupäev
EELIS/PostgREST,f_alad_rahvala,sac_eri_kp,string,timestamp without time zone,,SAC määramise kuupäev
EELIS/PostgREST,f_alad_rahvala,kesk_x,number,double precision,,Rahv.ala tsentroidi x-koordinaat LEST97
EELIS/PostgREST,f_alad_rahvala,kesk_y,number,double precision,,Rahv.ala tsentroidi y-koordinaat LEST97
EELIS/PostgREST,f_alad_rahvala,muut_aeg,string,timestamp without time zone,,Viimase muutmise aeg
EELIS/PostgREST,f_alad_rahvala,keht_staatus,string,text,,Kehtivuse staatus
EELIS/PostgREST,f_alad_rahvala,staatus,string,text,,Staatus
EELIS/PostgREST,f_alad_rahvala,staatus_selg,string,text,,Staatus selgitus
EELIS/PostgREST,f_alad_rahvala,muut_staatus,string,text,,Muutmise staatus
EELIS/PostgREST,f_alad_rahvala,muut_staatus_selg,string,text,,Muutmise staatus selgitus
EELIS/PostgREST,f_alad_rahvala,ehak_tekst,string,text,,EHAK koondinfo
EELIS/PostgREST,f_alad_rahvala,ehak_kood1,string,text,,EHAK kood maakond
EELIS/PostgREST,f_alad_rahvala,ehak_kood2,string,text,,EHAK kood vald
EELIS/PostgREST,f_alad_rahvala,ehak_kood3,string,text,,EHAK alamtase
EELIS/PostgREST,f_alad_rahvala,ala_id,integer,integer,,Ala ID  Note: This is a Foreign Key to `f_alad.id`.<fk table='f_alad' column='id'/>
EELIS/PostgREST,f_alad_seotud_ala,seotud_ala_id,integer,integer,,Seotud ala ID
EELIS/PostgREST,f_alad_seotud_ala,nimi,string,text,,Nimi
EELIS/PostgREST,f_alad_seotud_ala,tyyp,string,text,,Tüübi kood
EELIS/PostgREST,f_alad_seotud_ala,tyyp_selg,string,text,,Tüübi selgitus
EELIS/PostgREST,f_alad_seotud_ala,kuulub_id,integer,integer,,Asub kaitsealal ID
EELIS/PostgREST,f_alad_seotud_ala,kuulub_selg,string,text,,Asub kaitsealal nimi
EELIS/PostgREST,f_alad_seotud_ala,on_regobj,boolean,boolean,,On registriobjekt
EELIS/PostgREST,f_alad_seotud_ala,kkr_kood,string,text,,KKR kood
EELIS/PostgREST,f_alad_seotud_ala,cdda_kood,string,text,,CDDA kood
EELIS/PostgREST,f_alad_seotud_ala,iucn_tyyp,string,text,,IUCN kood
EELIS/PostgREST,f_alad_seotud_ala,iucn_tyyp_selg,string,text,,IUCN koodi selgitus
EELIS/PostgREST,f_alad_seotud_ala,al_yksiktyyp,string,text,,Üksikobjekti tüüp
EELIS/PostgREST,f_alad_seotud_ala,al_yksiktyyp_selg,string,text,,Üksikobjekti tüübi selgitus
EELIS/PostgREST,f_alad_seotud_ala,yksikobj_seisund,string,text,,Üksikobjekti seisund
EELIS/PostgREST,f_alad_seotud_ala,yksikobj_seisund_selg,string,text,,Üksikobjekti seisundi selgitus
EELIS/PostgREST,f_alad_seotud_ala,al_voondtyyp,string,text,,Vöönditüüp
EELIS/PostgREST,f_alad_seotud_ala,al_voondtyyp_selg,string,text,,Vöönditüüp nimi
EELIS/PostgREST,f_alad_seotud_ala,al_staatus,string,text,,Ala staatus
EELIS/PostgREST,f_alad_seotud_ala,al_staatus_selg,string,text,,Ala staatus nimi
EELIS/PostgREST,f_alad_seotud_ala,kaitsekorra_alus_id,integer,integer,,Kaitsekorra alus
EELIS/PostgREST,f_alad_seotud_ala,pindala_maa,number,double precision,,Maismaa pindala
EELIS/PostgREST,f_alad_seotud_ala,pindala_vesi,number,double precision,,Siseveekogude pindala
EELIS/PostgREST,f_alad_seotud_ala,pindala_meri,number,double precision,,Mereosa pindala
EELIS/PostgREST,f_alad_seotud_ala,veekogu_id,integer,integer,,Koelmuala veekogu
EELIS/PostgREST,f_alad_seotud_ala,on_msoodust,boolean,boolean,,On maamaksusoodustus
EELIS/PostgREST,f_alad_seotud_ala,msoodust_prots,string,text,,Maamaksu protsent
EELIS/PostgREST,f_alad_seotud_ala,tx_kirjeldus,string,text,,Iseloomustus
EELIS/PostgREST,f_alad_seotud_ala,tx_eesmark,string,text,,Kaitse-eesmärgi täpsustus
EELIS/PostgREST,f_alad_seotud_ala,kesk_x,number,double precision,,Ala tsentroidi x-koordinaat LEST97
EELIS/PostgREST,f_alad_seotud_ala,kesk_y,number,double precision,,Ala tsentroidi y-koordinaat LEST97
EELIS/PostgREST,f_alad_seotud_ala,muut_aeg,string,timestamp without time zone,,Viimase muutmise aeg
EELIS/PostgREST,f_alad_seotud_ala,keht_staatus,string,text,,Kehtivuse staatus
EELIS/PostgREST,f_alad_seotud_ala,valitseja_reg_kood,string,text,,Ala valitseja kood
EELIS/PostgREST,f_alad_seotud_ala,valitseja_nimetus,string,text,,Ala valitseja nimetus
EELIS/PostgREST,f_alad_seotud_ala,ehak_tekst,string,text,,EHAK koondinfo
EELIS/PostgREST,f_alad_seotud_ala,ehak_kood1,string,text,,EHAK kood maakond
EELIS/PostgREST,f_alad_seotud_ala,ehak_kood2,string,text,,EHAK kood vald
EELIS/PostgREST,f_alad_seotud_ala,ehak_kood3,string,text,,EHAK alamtase
EELIS/PostgREST,f_alad_seotud_ala,ala_id,integer,integer,,Note: This is a Foreign Key to `f_alad.id`.<fk table='f_alad' column='id'/>
EELIS/PostgREST,f_alad_veekogu,id,integer,integer,,Veekogu id
EELIS/PostgREST,f_alad_veekogu,kood,string,text,,Veekogu kood
EELIS/PostgREST,f_alad_veekogu,tyyp,string,text,,Veekogu tüüp
EELIS/PostgREST,f_alad_veekogu,tyyp_selg,string,text,,Veekogu tüüp selgitus
EELIS/PostgREST,f_alad_veekogu,staatus,string,text,,Veekogu staatus
EELIS/PostgREST,f_alad_veekogu,staatus_selg,string,text,,Veekogu staatus selgitus
EELIS/PostgREST,f_alad_veekogu,keht_staatus,string,text,,Kehivuse staatus
EELIS/PostgREST,f_alad_veekogu,nimi,string,text,,Veekogu nimi
EELIS/PostgREST,f_alad_veekogu,kkr_kood,string,text,,KKR kood
EELIS/PostgREST,f_alad_veekogu,muud_nimed,string,text,,Veekogu muud nimed
EELIS/PostgREST,f_alad_veekogu,avalik_kasut,string,text,,Avalik kasutatavus
EELIS/PostgREST,f_alad_veekogu,avalik_kasut_selg,string,text,,Avalik kasutatavus selgitus
EELIS/PostgREST,f_alad_veekogu,vesikond_id,integer,integer,,Vesikond (VRD)
EELIS/PostgREST,f_alad_veekogu,vesikond_selg,string,text,,Vesikond nimi
EELIS/PostgREST,f_alad_veekogu,vesikond_kuulub_id,string,text,,Kuulub id(vesikond)
EELIS/PostgREST,f_alad_veekogu,vesikond_kuulub_nimi,string,text,,Kuulub nimi (vesikond)
EELIS/PostgREST,f_alad_veekogu,on_pandivere_pv,boolean,boolean,,Asub nitraaditundlikul alal 
EELIS/PostgREST,f_alad_veekogu,tx_lisainfo,string,text,,Lisainfo
EELIS/PostgREST,f_alad_veekogu,valgla_suurus,string,text,,Valgala suurus 
EELIS/PostgREST,f_alad_veekogu,valgla_suurus_selg,string,text,,Valgala suurus selgitus
EELIS/PostgREST,f_alad_veekogu,valgla_pindala,number,double precision,,Valgala pindala
EELIS/PostgREST,f_alad_veekogu,valgla_aasta,integer,integer,,Valgala aasta
EELIS/PostgREST,f_alad_veekogu,vee_pindala,number,double precision,,Veepeegli pindala 
EELIS/PostgREST,f_alad_veekogu,saarte_pindala,number,double precision,,Saarte pindala
EELIS/PostgREST,f_alad_veekogu,saarte_arv,integer,integer,,Saarte arv
EELIS/PostgREST,f_alad_veekogu,kesk_sygavus,number,double precision,,Keskmine sügavus
EELIS/PostgREST,f_alad_veekogu,max_sygavus,number,double precision,,Maksimaalne sügavus
EELIS/PostgREST,f_alad_veekogu,vrd_tyyp,string,text,,Veetüüp VRD
EELIS/PostgREST,f_alad_veekogu,vrd_tyyp_selg,string,text,,Veetüüp VRD selgitus
EELIS/PostgREST,f_alad_veekogu,tx_valgala,string,text,,Valgala kirjeldus
EELIS/PostgREST,f_alad_veekogu,vv_latte_ehak_id,integer,integer,,Lätte EHAK
EELIS/PostgREST,f_alad_veekogu,vv_latte_ehak_nimi,string,text,,Lätte EHAK nimi
EELIS/PostgREST,f_alad_veekogu,vv_latte_tyyp,string,text,,Lätte tüüp
EELIS/PostgREST,f_alad_veekogu,vv_latte_tyyp_selg,string,text,,Lätte tüüp selgitus
EELIS/PostgREST,f_alad_veekogu,vv_latte_id,integer,integer,,Lätte veekogu
EELIS/PostgREST,f_alad_veekogu,vv_latte_selg,string,text,,Lätte veekogu nimi
EELIS/PostgREST,f_alad_veekogu,vv_latte_kkr,string,text,,Lätte veekogu kkr 
EELIS/PostgREST,f_alad_veekogu,vv_latte_x,number,double precision,,Lätte X
EELIS/PostgREST,f_alad_veekogu,vv_latte_y,number,double precision,,Lätte Y
EELIS/PostgREST,f_alad_veekogu,vv_suub_ehak_id,integer,integer,,Suubla EHAK
EELIS/PostgREST,f_alad_veekogu,vv_suub_ehak_selg,string,text,,Suubla EHAK nimi
EELIS/PostgREST,f_alad_veekogu,vv_suub_tyyp,string,text,,Suubumise tüüp
EELIS/PostgREST,f_alad_veekogu,vv_suub_tyyp_selg,string,text,,Suubub veekogusse
EELIS/PostgREST,f_alad_veekogu,vv_suub_id,integer,integer,,
EELIS/PostgREST,f_alad_veekogu,vv_suub_selg,string,text,,Suubub veekogusse nimi
EELIS/PostgREST,f_alad_veekogu,vv_suub_kkr,string,text,,Suubub veekogusse kkr
EELIS/PostgREST,f_alad_veekogu,vv_suub_x,number,double precision,,Suubla X
EELIS/PostgREST,f_alad_veekogu,vv_suub_y,number,double precision,,Suubla Y
EELIS/PostgREST,f_alad_veekogu,vv_suub_jark,integer,integer,,Suubumise järk
EELIS/PostgREST,f_alad_veekogu,vv_suub_suudmest,number,double precision,,Suubumiskoha kaugus põhijõe suudmest (km)
EELIS/PostgREST,f_alad_veekogu,vv_pikkus3,number,double precision,,Vooluveekogu põhitelje pikkus (km)
EELIS/PostgREST,f_alad_veekogu,vv_tx_alg_kirj,string,text,,Lähtekoha kirjeldus
EELIS/PostgREST,f_alad_veekogu,vv_tx_suub_kirj,string,text,,Suubumiskoha kirjeldus
EELIS/PostgREST,f_alad_veekogu,jv_laius,number,double precision,,Järve laius (m)
EELIS/PostgREST,f_alad_veekogu,jv_pikkus,number,double precision,,Järve pikkus (m)
EELIS/PostgREST,f_alad_veekogu,jv_kaldaj,number,double precision,,Kaldajoone pikkus (m)
EELIS/PostgREST,f_alad_veekogu,jv_maht,number,double precision,,Maht (tuh m³)
EELIS/PostgREST,f_alad_veekogu,jv_kalda_liigend,number,double precision,,Kalda liigendatus
EELIS/PostgREST,f_alad_veekogu,jv_veevahetus,number,double precision,,Veevahetus (korda aastas)
EELIS/PostgREST,f_alad_veekogu,jv_on_umbjarv,boolean,boolean,,On umbjärv
EELIS/PostgREST,f_alad_veekogu,jv_limn_tyyp,string,text,,Limnoloogiline tüüp
EELIS/PostgREST,f_alad_veekogu,jv_limn_tyyp_selg,string,text,,Limnoloogiline tüüp selgitus
EELIS/PostgREST,f_alad_veekogu,v_veevah_skaala,string,text,,Veevahetuse skaala (järv)
EELIS/PostgREST,f_alad_veekogu,v_veevah_skaala_selg,string,text,,Veevahetus skaala (järv) selgitus
EELIS/PostgREST,f_alad_veekogu,jv_labiv_id,integer,integer,,Läbivoolav veekogu
EELIS/PostgREST,f_alad_veekogu,jv_labiv_selg,string,text,,Läbivoolav veekogu nimi
EELIS/PostgREST,f_alad_veekogu,jv_labiv_kkr,string,text,,Läbivoolav veekogu kkr kood
EELIS/PostgREST,f_alad_veekogu,me_grupp_id,integer,integer,,Kuulub mereala juurde
EELIS/PostgREST,f_alad_veekogu,me_grupp_selg,string,text,,Mereala nimi
EELIS/PostgREST,f_alad_veekogu,me_grupp_kkr,string,text,,Mereala kkr kood
EELIS/PostgREST,f_alad_veekogu,al_tundlik_ala_id,integer,integer,,Asub olulisel allika- või karstialal
EELIS/PostgREST,f_alad_veekogu,tundlik_ala_selg,string,text,,Allika- või karstiala nimi
EELIS/PostgREST,f_alad_veekogu,tundlik_ala_kkr,string,text,,Allika- või karstiala kkr kood
EELIS/PostgREST,f_alad_veekogu,kesk_x,number,double precision,,Veekogu tsentroidi x-koordinaat
EELIS/PostgREST,f_alad_veekogu,kesk_y,number,double precision,,Veekogu tsentroidi y-koordinaat
EELIS/PostgREST,f_alad_veekogu,muut_staatus,string,text,,Menetlusfaas
EELIS/PostgREST,f_alad_veekogu,muut_staatus_selg,string,text,,Menetlusfaas selgitus
EELIS/PostgREST,f_alad_veekogu,muut_aeg,string,timestamp without time zone,,Viimase muutmise aeg
EELIS/PostgREST,f_alad_veekogu,ehak_tekst,string,text,,EHAK koondinfo
EELIS/PostgREST,f_alad_veekogu,ehak_kood1,string,text,,EHAK kood maakond
EELIS/PostgREST,f_alad_veekogu,ehak_kood2,string,text,,EHAK kood vald
EELIS/PostgREST,f_alad_veekogu,ehak_kood3,string,text,,EHAK  alamtase
EELIS/PostgREST,f_alad_veekogu,ala_id,integer,integer,,Ala ID  Note: This is a Foreign Key to `f_alad.id`.<fk table='f_alad' column='id'/>
EELIS/PostgREST,f_alad_vep,id,integer,integer,,Vääriselupaiga ID
EELIS/PostgREST,f_alad_vep,kood,string,text,,Kood
EELIS/PostgREST,f_alad_vep,nimi,string,text,,nimi
EELIS/PostgREST,f_alad_vep,tyyp,string,text,,Tüüp
EELIS/PostgREST,f_alad_vep,tyyp_selg,string,text,,Vääriselupaiga tüübi nimi
EELIS/PostgREST,f_alad_vep,pindala,number,double precision,,Pindala (ha)
EELIS/PostgREST,f_alad_vep,on_regobj,boolean,boolean,,On registriobjekt
EELIS/PostgREST,f_alad_vep,kkr_kood,string,text,,KKR kood
EELIS/PostgREST,f_alad_vep,tx_kirjeldus,string,text,,Kirjeldus
EELIS/PostgREST,f_alad_vep,tx_majandsoovitus,string,text,,Majandamise soovitused
EELIS/PostgREST,f_alad_vep,tx_indikaatorliigid,string,text,,Indikaatorliigid
EELIS/PostgREST,f_alad_vep,tx_tunnused,string,text,,Tunnused
EELIS/PostgREST,f_alad_vep,kaitse,string,text,,Kaitse kood
EELIS/PostgREST,f_alad_vep,kaitse_selg,string,text,,Kaitse
EELIS/PostgREST,f_alad_vep,veptyyp,string,text,,Vep tüüp kood
EELIS/PostgREST,f_alad_vep,veptyyp_selg,string,text,,Vep tüüp seletus
EELIS/PostgREST,f_alad_vep,veptyyp_kaasnev,string,text,,Kaasnev vep tüüp kood
EELIS/PostgREST,f_alad_vep,veptyyp_kaasnev_selg,string,text,,Kaasnev vep tüüp
EELIS/PostgREST,f_alad_vep,tx_veptyyp,string,text,,Vep tüüp täpsustus
EELIS/PostgREST,f_alad_vep,elupaik_paal,string,text,,Kasvukoha tüüp (Paal) kood
EELIS/PostgREST,f_alad_vep,elupaik_paal_selg,string,text,,Kasvukoha tüübi selgitus (Paal)
EELIS/PostgREST,f_alad_vep,mojutegur,string,text,,Mõjutegurid koodid (loend)
EELIS/PostgREST,f_alad_vep,mojutegur_selg,string,text,,Mõjutegurid
EELIS/PostgREST,f_alad_vep,esmane_kp,string,timestamp without time zone,,Esmase registreerimise kuupäev
EELIS/PostgREST,f_alad_vep,reg_kp,string,timestamp without time zone,,Viimase vaatluse kuupäev
EELIS/PostgREST,f_alad_vep,kesk_x,number,double precision,,Vääriselupaiga tsentroidi x-koordinaat LEST97
EELIS/PostgREST,f_alad_vep,kesk_y,number,double precision,,Vääriselupaiga tsentroidi y-koordinaat LEST97
EELIS/PostgREST,f_alad_vep,muut_aeg,string,timestamp without time zone,,Viimase muutmise aeg
EELIS/PostgREST,f_alad_vep,keht_staatus,string,text,,Kehtivuse staatus
EELIS/PostgREST,f_alad_vep,staatus,string,text,,Staatus
EELIS/PostgREST,f_alad_vep,omandiv,string,text,,Omandivorm
EELIS/PostgREST,f_alad_vep,omandiv_selg,string,text,,omandivorm selgitus
EELIS/PostgREST,f_alad_vep,ehak_tekst,string,text,,EHAK koondinfo
EELIS/PostgREST,f_alad_vep,ehak_kood1,string,text,,EHAK kood maakond
EELIS/PostgREST,f_alad_vep,ehak_kood2,string,text,,EHAK kood vald
EELIS/PostgREST,f_alad_vep,ehak_kood3,string,text,,EHAK alamtase
EELIS/PostgREST,f_alad_vep,ala_id,integer,integer,,Ala ID  Note: This is a Foreign Key to `f_alad.id`.<fk table='f_alad' column='id'/>
EELIS/PostgREST,f_alad_voond,voond_id,integer,integer,,Vööndi ID
EELIS/PostgREST,f_alad_voond,voond_tyyp,string,text,,Vööndi tüüp
EELIS/PostgREST,f_alad_voond,voond_tyyp_selg,string,text,,Vööndi tüüp selgitus
EELIS/PostgREST,f_alad_voond,voond_nimi,string,text,,Vööndi nimi
EELIS/PostgREST,f_alad_voond,ala_id,integer,integer,,Ala ID  Note: This is a Foreign Key to `f_alad.id`.<fk table='f_alad' column='id'/>
EELIS/PostgREST,f_alad_voond,puurauk_id,integer,integer,,Puurauk ID
EELIS/PostgREST,f_alad_voond,veehaare_id,integer,integer,,Veehaare ID
EELIS/PostgREST,f_alad_voond,dok_id,integer,integer,,Vööndi dokumendi ID
EELIS/PostgREST,f_alad_voond,ulatus,number,double precision,,Kaitsevööndi ulatus
EELIS/PostgREST,f_alad_voond,pind_maa,number,double precision,,Vööndi maismaaosa pindala
EELIS/PostgREST,f_alad_voond,pind_vesi,number,double precision,,Vööndi veeosa pindala
EELIS/PostgREST,f_alad_voond,voond_muut_aeg,string,timestamp without time zone,,Viimase muutmise aeg (voond)
EELIS/PostgREST,f_alad_voond,voond_kaardiobj_id,integer,integer,,Kaardiobjekt
EELIS/PostgREST,f_alad_yksikobj_moot,yksikobj_id,integer,integer,,Üksikobjekti id
EELIS/PostgREST,f_alad_yksikobj_moot,yksikobj_tyyp,string,text,,Üksikobjekti tüüp
EELIS/PostgREST,f_alad_yksikobj_moot,yksikobj_tyyp_selg,string,text,,Üksikobjekti tüübi nimi
EELIS/PostgREST,f_alad_yksikobj_moot,yksikobj_staatus,string,text,,Üksikobjekti staatus
EELIS/PostgREST,f_alad_yksikobj_moot,yksikobj_staatus_selg,string,text,,Üksikobjekti staatuse selgitus
EELIS/PostgREST,f_alad_yksikobj_moot,yksikobj_nimi,string,text,,Üksikobjekti nimi
EELIS/PostgREST,f_alad_yksikobj_moot,yksikobj_ala_id,integer,integer,,Ala ID  Note: This is a Foreign Key to `f_alad.id`.<fk table='f_alad' column='id'/>
EELIS/PostgREST,f_alad_yksikobj_moot,eelmine_id,integer,integer,,Eelmine ID
EELIS/PostgREST,f_alad_yksikobj_moot,k_kivim,string,text,,Kivim
EELIS/PostgREST,f_alad_yksikobj_moot,k_kivim_selg,string,text,,Kivimi nimi
EELIS/PostgREST,f_alad_yksikobj_moot,k_ymbermoot,number,double precision,,Kivi ümbermõõt
EELIS/PostgREST,f_alad_yksikobj_moot,k_pikkus,number,double precision,,Kivi pikkus
EELIS/PostgREST,f_alad_yksikobj_moot,k_laius,number,double precision,,Kivi laius
EELIS/PostgREST,f_alad_yksikobj_moot,k_korgus,number,double precision,,Kivi kõrgus
EELIS/PostgREST,f_alad_yksikobj_moot,k_maapinnast,number,double precision,,Kivi maapinnast
EELIS/PostgREST,f_alad_yksikobj_moot,k_maht,number,double precision,,Kivi maht
EELIS/PostgREST,f_alad_yksikobj_moot,k_eritunnus,string,text,,Kivi eritunnus
EELIS/PostgREST,f_alad_yksikobj_moot,k_eritunnus_selg,string,text,,Kivi eritunnus selgitus
EELIS/PostgREST,f_alad_yksikobj_moot,p_liik,string,text,,Puu liik
EELIS/PostgREST,f_alad_yksikobj_moot,p_liik_selg,string,text,,Puu liigi nimi
EELIS/PostgREST,f_alad_yksikobj_moot,p_seisund,string,text,,Puu seisund
EELIS/PostgREST,f_alad_yksikobj_moot,p_seisund_selg,string,text,,Puu seisund selgitus
EELIS/PostgREST,f_alad_yksikobj_moot,p_eritunnus,string,text,,Puu eritunnus
EELIS/PostgREST,f_alad_yksikobj_moot,p_eritunnus_selg,string,text,,Puu eritunnus selgitus
EELIS/PostgREST,f_alad_yksikobj_moot,p_korgus,number,double precision,,Puu kõrgus
EELIS/PostgREST,f_alad_yksikobj_moot,p_ymbermoot,number,double precision,,Puu ümbermõõt
EELIS/PostgREST,f_alad_yksikobj_moot,p_ymbermoot_korgus,number,double precision,,Puu ümbermõõdu kõrgus
EELIS/PostgREST,f_alad_yksikobj_moot,p_vora,number,double precision,,Puu võrasid
EELIS/PostgREST,f_alad_yksikobj_moot,p_vanus,integer,integer,,Puu vanus
EELIS/PostgREST,f_alad_yksikobj_moot,p_hargnemise_korgus,number,double precision,,Puu hargnemise kõrgus
EELIS/PostgREST,f_alad_yksikobj_moot,p_harude_arv,integer,integer,,Puu harude arv
EELIS/PostgREST,f_alad_yksikobj_moot,tx_kirjeldus,string,text,,Kirjeldus
EELIS/PostgREST,f_alad_yksikobj_moot,alg_aeg,string,timestamp without time zone,,Algusaeg
EELIS/PostgREST,f_alad_yksikobj_moot,lopp_aeg,string,timestamp without time zone,,Lõppaeg
EELIS/PostgREST,f_alad_yksikobj_moot,yksikobj_muut_aeg,string,timestamp without time zone,,Viimase muutmise aeg (üksikobjekt)
EELIS/PostgREST,f_alad_yrg,id,integer,integer,,Ürglooduse objekti ID
EELIS/PostgREST,f_alad_yrg,nimi,string,text,,Nimi
EELIS/PostgREST,f_alad_yrg,tyyp,string,text,,Loodusobjekt kood
EELIS/PostgREST,f_alad_yrg,tyyp_selg,string,text,,Loodusobjekt
EELIS/PostgREST,f_alad_yrg,tx_asukoht,string,text,,Asukohakirjeldus
EELIS/PostgREST,f_alad_yrg,veekogu_id,integer,integer,,Asub veekogus (id)
EELIS/PostgREST,f_alad_yrg,veekogu_nimi,string,text,,Veekogu nimi
EELIS/PostgREST,f_alad_yrg,veekogu_kkr,string,text,,Veekogu KKR
EELIS/PostgREST,f_alad_yrg,ala_id,integer,integer,,Kaitsealune ala  Note: This is a Foreign Key to `f_alad.id`.<fk table='f_alad' column='id'/>
EELIS/PostgREST,f_alad_yrg,tx_kirjeldus,string,text,,Iseloomustus
EELIS/PostgREST,f_alad_yrg,tx_tahtsus,string,text,,Tähtsus
EELIS/PostgREST,f_alad_yrg,tx_seisund,string,text,,Seisund
EELIS/PostgREST,f_alad_yrg,tx_kaitse,string,text,,Kaitse 
EELIS/PostgREST,f_alad_yrg,tx_uuritus,string,text,,Uuritus
EELIS/PostgREST,f_alad_yrg,tx_kirjandus,string,text,,Kirjandus
EELIS/PostgREST,f_alad_yrg,tx_koostanud,string,text,,Koostanud
EELIS/PostgREST,f_alad_yrg,muut_aeg,string,timestamp without time zone,,Viimase muutmise aeg
EELIS/PostgREST,f_alad_yrg,keht_staatus,string,text,,Kehtivuse staatus
EELIS/PostgREST,f_alad_yrg,staatus,string,text,,Staatus
EELIS/PostgREST,f_alad_yrg,ehak_tekst,string,text,,EHAK koondinfo
EELIS/PostgREST,f_alad_yrg,ehak_kood1,string,text,,EHAK kood maakond
EELIS/PostgREST,f_alad_yrg,ehak_kood2,string,text,,EHAK kood vald
EELIS/PostgREST,f_alad_yrg,ehak_kood3,string,text,,EHAK alamtase
EELIS/PostgREST,f_alad_yrg,kesk_x,number,double precision,,Ürglooduse objekti tsentroidi x-koordinaat LEST97
EELIS/PostgREST,f_alad_yrg,kesk_y,number,double precision,,Ürglooduse objekti tsentroidi y-koordinaat LEST97
EELIS/PostgREST,f_hks_elemendid,id,integer,integer,jah,EELIS ID  Note: This is a Primary Key.<pk/>
EELIS/PostgREST,f_hks_elemendid,kood,string,text,,Kood
EELIS/PostgREST,f_hks_elemendid,hks_kriteerium_id,integer,integer,,Kriteerium/tunnus
EELIS/PostgREST,f_hks_elemendid,hks_kriteerium_nimi,string,text,,Kriteerium/tunnus nimi
EELIS/PostgREST,f_hks_elemendid,hks_indikaator_id,integer,integer,,HKS indikaator
EELIS/PostgREST,f_hks_elemendid,hks_indikaator_nimi,string,text,,HKS indikaator nimi
EELIS/PostgREST,f_hks_elemendid,nimi,string,text,,Nimi
EELIS/PostgREST,f_hks_elemendid,nimi_ing,string,text,,Nimi (inglise k)
EELIS/PostgREST,f_hks_elemendid,kuulub_id,integer,integer,,Kuulub
EELIS/PostgREST,f_hks_elemendid,kuulub_nimi,string,text,,Kuulub rühma (nimi)
EELIS/PostgREST,f_hks_elemendid,kuulub_reegel,string,text,,Agregatsioonireegel
EELIS/PostgREST,f_hks_elemendid,kuulub_reegel_selg,string,text,,Agregatsioonireegel selgitus
EELIS/PostgREST,f_hks_elemendid,kuulub_tyyp,string,text,,Agregeeritavate objektide tüüp
EELIS/PostgREST,f_hks_elemendid,kuulub_tyyp_selg,string,text,,Agregeeritavate objektide tüüpide selgitus
EELIS/PostgREST,f_hks_elemendid,tx_selgitus,string,text,,Selgitus
EELIS/PostgREST,f_hks_elemendid,tx_selgitus_ing,string,text,,Selgitus (inglise k)
EELIS/PostgREST,f_hks_elemendid,tx_hea,string,text,,HKS taseme kirjeldus
EELIS/PostgREST,f_hks_elemendid,tx_hea_ing,string,text,,HKS taseme kirjeldus (inglise k)
EELIS/PostgREST,f_hks_elemendid,tx_param,string,text,,Parameetri kirjeldus
EELIS/PostgREST,f_hks_elemendid,tx_param_ing,string,text,,Parameetri kirjeldus (inglise k)
EELIS/PostgREST,f_hks_elemendid,sr_param_def_id,integer,integer,,Parameetri definitsioon
EELIS/PostgREST,f_hks_elemendid,sr_param_def_selg,string,character varying,,Parameetri definitsioon selgitus
EELIS/PostgREST,f_hks_elemendid,param_yhik,string,text,,Ühik
EELIS/PostgREST,f_hks_elemendid,param_yhik_selg,string,text,,Ühik selgitus
EELIS/PostgREST,f_hks_elemendid,param_min,number,double precision,,Miinimum (määramispiir)
EELIS/PostgREST,f_hks_elemendid,param_max,number,double precision,,Maksimum
EELIS/PostgREST,f_hks_elemendid,elem_grupp,string,text,,Grupp kood
EELIS/PostgREST,f_hks_elemendid,elem_grupp_selg,string,text,,Grupp selgitus
EELIS/PostgREST,f_hks_elemendid,art11elem_id,integer,integer,,MSRD art 11 seiratav element ID
EELIS/PostgREST,f_hks_elemendid,art11elem_selg,string,text,,MSRD art 11 seiratav element selgitus
EELIS/PostgREST,f_hks_elemendid,art11elem,string,text,,MSRD art 11 seiratav element
EELIS/PostgREST,f_hks_elemendid,art11elem_kood,string,text,,MSRD art 11 seiratav element kood
EELIS/PostgREST,f_hks_elemendid,art11elem_kood_paritolu,string,text,,MSRD art 11 seiratav element kood päritolu
EELIS/PostgREST,f_hks_elemendid,art11param,string,text,,MSRD art11 seiratav parameeter kood
EELIS/PostgREST,f_hks_elemendid,art11param_selg,string,text,,MSRD art11 seiratav parameeter selgitus
EELIS/PostgREST,f_hks_elemendid,lnim_id,integer,integer,,Liik EELIS ID
EELIS/PostgREST,f_hks_elemendid,lnim_ladnimi,string,text,,Liik (ladina k)
EELIS/PostgREST,f_hks_elemendid,lnim_estnim,string,text,,Liik (eesti k)
EELIS/PostgREST,f_hks_elemendid,elupaigatyyp_id,integer,integer,,Elupaigatüüp
EELIS/PostgREST,f_hks_elemendid,elupaigatyyp_selg,string,text,,Elupaigatüüp selgitus
EELIS/PostgREST,f_hks_elemendid,tx_markus,string,text,,Märkused
EELIS/PostgREST,f_hks_elemendid,aasta_alg,integer,integer,,Kasutuse algaasta
EELIS/PostgREST,f_hks_elemendid,aasta_lopp,integer,integer,,Kasutuse lõppaasta
EELIS/PostgREST,f_hks_elemendid,muut_aeg,string,timestamp without time zone,,Muutmise aeg
EELIS/PostgREST,f_hks_elemendid_seirejaam,id,integer,integer,,Seirejaama EELIS ID
EELIS/PostgREST,f_hks_elemendid_seirejaam,nimi,string,text,,Seirejaama nimi
EELIS/PostgREST,f_hks_elemendid_seirejaam,tyyp_selg,string,text,,Seirejaama tüübi selgitus
EELIS/PostgREST,f_hks_elemendid_seirejaam,seiretyyp_selg,string,text,,Seiretüübi selgitus
EELIS/PostgREST,f_hks_elemendid_seirejaam,kkr_kood,string,text,,Seirejaama registrikood
EELIS/PostgREST,f_hks_elemendid_seirejaam,hks_element_id,integer,integer,,HKS element EELIS ID  Note: This is a Foreign Key to `f_hks_elemendid.id`.<fk table='f_hks_elemendid' column='id'/>
EELIS/PostgREST,f_hks_elemendid_seirejaam,hks_element_kood,string,text,,HKS element kood
EELIS/PostgREST,f_hks_elemendid_seirejaam,hks_element_nimi,string,text,,HKS element nimi
EELIS/PostgREST,f_hks_elemendid_veekogum,id,integer,integer,,Veekogumi EELIS ID
EELIS/PostgREST,f_hks_elemendid_veekogum,kood,string,text,,Hindamisüksuse kood
EELIS/PostgREST,f_hks_elemendid_veekogum,kood_cd,string,text,,EL raporteerimiskood
EELIS/PostgREST,f_hks_elemendid_veekogum,nimi,string,text,,Hindamisüksuse nimi
EELIS/PostgREST,f_hks_elemendid_veekogum,tyyp,string,text,,Hindamisüksuse tüübi kood
EELIS/PostgREST,f_hks_elemendid_veekogum,tyyp_selg,string,text,,Hindamisüksuse tüüp
EELIS/PostgREST,f_hks_elemendid_veekogum,staatus_selg,string,text,,Hindamisüksuse staatus
EELIS/PostgREST,f_hks_elemendid_veekogum,hks_element_id,integer,integer,,HKS element EELIS ID  Note: This is a Foreign Key to `f_hks_elemendid.id`.<fk table='f_hks_elemendid' column='id'/>
EELIS/PostgREST,f_hks_elemendid_veekogum,hks_element_kood,string,text,,HKS element kood
EELIS/PostgREST,f_hks_elemendid_veekogum,hks_element_nimi,string,text,,HKS element nimi
EELIS/PostgREST,f_hks_indikaatorid,id,integer,integer,jah,Indikaatori EELIS ID  Note: This is a Primary Key.<pk/>
EELIS/PostgREST,f_hks_indikaatorid,tyyp,string,text,,Rahvusvaheline tüüp
EELIS/PostgREST,f_hks_indikaatorid,tyyp_selg,string,text,,Rahvusvaheline tüüp selgitus
EELIS/PostgREST,f_hks_indikaatorid,valdkond,string,text,,Valdkond
EELIS/PostgREST,f_hks_indikaatorid,valdkond_selg,string,text,,Valdkond selgitus
EELIS/PostgREST,f_hks_indikaatorid,kood,string,text,,Indikaatori kood
EELIS/PostgREST,f_hks_indikaatorid,kriteerium,string,text,,Kriteerium
EELIS/PostgREST,f_hks_indikaatorid,kriteerium_selg,string,text,,Kriteerium selgitus
EELIS/PostgREST,f_hks_indikaatorid,kriteerium_kaudne,string,text,,Kriteeriumid (kaudsed)
EELIS/PostgREST,f_hks_indikaatorid,kriteerium_kaudne_selg,string,text,,Kriteeriumid (kaudsed) selgitus
EELIS/PostgREST,f_hks_indikaatorid,nimi,string,text,,Indikaatori nimi
EELIS/PostgREST,f_hks_indikaatorid,nimi_ing,string,text,,Indikaatori nimi (inglise k)
EELIS/PostgREST,f_hks_indikaatorid,aasta_alg,integer,integer,,Kasutuse algaasta
EELIS/PostgREST,f_hks_indikaatorid,aasta_lopp,integer,integer,,Kasutuse lõppaasta
EELIS/PostgREST,f_hks_indikaatorid,asendatud_id,integer,integer,,Asendatud uue indikaatoriga (EELIS ID)
EELIS/PostgREST,f_hks_indikaatorid,asendatud_nimi,string,text,,Asendatud uue indikaatoriga (nimi)
EELIS/PostgREST,f_hks_indikaatorid,tx_asendatud,string,text,,Asendatud uue indikaatoriga (selgitus)
EELIS/PostgREST,f_hks_indikaatorid,paritolu,string,text,,Päritolu
EELIS/PostgREST,f_hks_indikaatorid,paritolu_selg,string,text,,Indikaatori päritolu selgitus
EELIS/PostgREST,f_hks_indikaatorid,projekt,string,text,,Projekt
EELIS/PostgREST,f_hks_indikaatorid,projekt_selg,string,text,,Projekt selgitus
EELIS/PostgREST,f_hks_indikaatorid,autor,string,text,,Indikaatori info allikas/autor
EELIS/PostgREST,f_hks_indikaatorid,autor_fjisik,string,text,,Indikaatori autorid
EELIS/PostgREST,f_hks_indikaatorid,tx_info,string,text,,Indikaatori kirjeldus
EELIS/PostgREST,f_hks_indikaatorid,tx_info_ing,string,text,,Indikaatori kirjeldus (inglise k)
EELIS/PostgREST,f_hks_indikaatorid,tx_markused,string,text,,Märkused
EELIS/PostgREST,f_hks_indikaatorid,tx_eesmark,string,text,,Indikaatori eesmärk
EELIS/PostgREST,f_hks_indikaatorid,tx_kirjeldus,string,text,,Indikaatori HKS kirjeldus
EELIS/PostgREST,f_hks_indikaatorid,tx_hindamisyksus,string,text,,Hindamisüksus
EELIS/PostgREST,f_hks_indikaatorid,teemavaldkond,string,text,,Teemavaldkond
EELIS/PostgREST,f_hks_indikaatorid,teemavaldkond_selg,string,text,,Indikaatori teemavaldkond
EELIS/PostgREST,f_hks_indikaatorid,tx_elupaik,string,text,,Hinnatav elupaik
EELIS/PostgREST,f_hks_indikaatorid,tx_survetegurid,string,text,,Indikaatori seos surveteguriga
EELIS/PostgREST,f_hks_indikaatorid,tx_element,string,text,,Indikaatoriga hinnatav keskkonnaelement
EELIS/PostgREST,f_hks_indikaatorid,tx_usaldusvaarsus,string,text,,Indikaatori usaldusväärsuse hinnang
EELIS/PostgREST,f_hks_indikaatorid,tx_metoodika,string,text,,Indikaatori väärtuse arvutamismetoodika
EELIS/PostgREST,f_hks_indikaatorid,tx_taust,string,text,,Indikaatori taustatingimuste määramise metoodika
EELIS/PostgREST,f_hks_indikaatorid,tx_hks_tase,string,text,,Indikaatori HKS taseme määramise metoodika
EELIS/PostgREST,f_hks_indikaatorid,kirjandus_id,integer,integer,,Indikaatori kirjanduse viide
EELIS/PostgREST,f_hks_indikaatorid,kirjandus_nimi,string,text,,Indikaatori kirjanduse nimi
EELIS/PostgREST,f_hks_indikaatorid,muut_aeg,string,timestamp without time zone,,Muutmise aeg
EELIS/PostgREST,f_hks_indikaatorid_dok,dok_id,integer,integer,,Dok ID
EELIS/PostgREST,f_hks_indikaatorid_dok,dok_kood,string,text,,Dok kood
EELIS/PostgREST,f_hks_indikaatorid_dok,dok_tyyp,string,text,,Dok tüüp
EELIS/PostgREST,f_hks_indikaatorid_dok,dok_tyyp_selg,string,text,,Dok tüüp selgitus
EELIS/PostgREST,f_hks_indikaatorid_dok,dok_number,string,text,,Dok number
EELIS/PostgREST,f_hks_indikaatorid_dok,dok_pealkiri,string,text,,Dok pealkiri
EELIS/PostgREST,f_hks_indikaatorid_dok,dok_alg_kehtib,string,timestamp without time zone,,Dok kehtib alates kp
EELIS/PostgREST,f_hks_indikaatorid_dok,dok_alg_kp,string,timestamp without time zone,,Dok algus kp
EELIS/PostgREST,f_hks_indikaatorid_dok,dok_lopp_kp,string,timestamp without time zone,,Dok lõpp kp
EELIS/PostgREST,f_hks_indikaatorid_dok,dok_url,string,text,,Dok URL
EELIS/PostgREST,f_hks_indikaatorid_dok,dok_alus_dok_id,integer,integer,,Alus dok ID
EELIS/PostgREST,f_hks_indikaatorid_dok,dok_muut_aeg,string,timestamp without time zone,,Viimase muutmise aeg (dok)
EELIS/PostgREST,f_hks_indikaatorid_dok,hks_indikaator_id,integer,integer,,HKS indikaator EELIS ID  Note: This is a Foreign Key to `f_hks_indikaatorid.id`.<fk table='f_hks_indikaatorid' column='id'/>
EELIS/PostgREST,f_hks_indikaatorid_kirjandus,kirj_seose_id,integer,integer,,Kirjanduse seose ID
EELIS/PostgREST,f_hks_indikaatorid_kirjandus,kirj_id,integer,integer,,Kirjandus ID
EELIS/PostgREST,f_hks_indikaatorid_kirjandus,tyyp,string,text,,Tüüp
EELIS/PostgREST,f_hks_indikaatorid_kirjandus,kirjandus_tyyp_selg,string,text,,Kirjandus tüübi selgitus
EELIS/PostgREST,f_hks_indikaatorid_kirjandus,kuulub_id,integer,integer,,Kuulub
EELIS/PostgREST,f_hks_indikaatorid_kirjandus,kirj_nimi_sari,string,text,,Sarja nimi
EELIS/PostgREST,f_hks_indikaatorid_kirjandus,kirj_nimi,string,text,,Teose nimi
EELIS/PostgREST,f_hks_indikaatorid_kirjandus,kirj_artikkel,string,text,,Artikkel
EELIS/PostgREST,f_hks_indikaatorid_kirjandus,kirj_tx_viide,string,text,,Kirjanduse viide
EELIS/PostgREST,f_hks_indikaatorid_kirjandus,kirj_autor,string,text,,Teose autor
EELIS/PostgREST,f_hks_indikaatorid_kirjandus,kirj_fjisik_nimi,string,text,,Autori ees- ja perekonnanimi
EELIS/PostgREST,f_hks_indikaatorid_kirjandus,kirj_fjisik_nimetus,string,text,,Nimetus
EELIS/PostgREST,f_hks_indikaatorid_kirjandus,valjaandja,string,text,,Teose väljaandja
EELIS/PostgREST,f_hks_indikaatorid_kirjandus,valjaandja_id,integer,integer,,Teose väljaandja ID
EELIS/PostgREST,f_hks_indikaatorid_kirjandus,aeg_kp,string,timestamp without time zone,,Avaldamise kuupäev (kirjandus)
EELIS/PostgREST,f_hks_indikaatorid_kirjandus,kirj_aeg_aasta,integer,integer,,Avaldamise aasta (kirjandus)
EELIS/PostgREST,f_hks_indikaatorid_kirjandus,aeg_kuu,integer,integer,,Avaldamise kuu (kirjandus)
EELIS/PostgREST,f_hks_indikaatorid_kirjandus,teema,string,text,,Kirjanduse teemad
EELIS/PostgREST,f_hks_indikaatorid_kirjandus,url,string,text,,Kirjanduse link
EELIS/PostgREST,f_hks_indikaatorid_kirjandus,tx_kirjeldus,string,text,,Teose kirjeldus
EELIS/PostgREST,f_hks_indikaatorid_kirjandus,tx_litsents,string,text,,Teose litsents
EELIS/PostgREST,f_hks_indikaatorid_kirjandus,sisu_tyyp,string,text,,Sisu tüüp
EELIS/PostgREST,f_hks_indikaatorid_kirjandus,sisu_tyyp_selg,string,text,,Sisu tüübi selgitus
EELIS/PostgREST,f_hks_indikaatorid_kirjandus,tx_sisu,string,text,,Kirjanduse sisu
EELIS/PostgREST,f_hks_indikaatorid_kirjandus,kirj_muut_aeg,string,timestamp without time zone,,Viimase muutmise aeg (kirjandus)
EELIS/PostgREST,f_hks_indikaatorid_kirjandus,hks_indikaator_id,integer,integer,,HKS indikaator EELIS ID  Note: This is a Foreign Key to `f_hks_indikaatorid.id`.<fk table='f_hks_indikaatorid' column='id'/>
EELIS/PostgREST,f_hks_indikaatorid_veekogum,id,integer,integer,,EELIS ID
EELIS/PostgREST,f_hks_indikaatorid_veekogum,kood,string,text,,Kood
EELIS/PostgREST,f_hks_indikaatorid_veekogum,kood_cd,string,text,,EL kood
EELIS/PostgREST,f_hks_indikaatorid_veekogum,nimi,string,text,,Nimi
EELIS/PostgREST,f_hks_indikaatorid_veekogum,tyyp,string,text,,Kategooria
EELIS/PostgREST,f_hks_indikaatorid_veekogum,tyyp_selg,string,text,,Kategooria selgitus
EELIS/PostgREST,f_hks_indikaatorid_veekogum,staatus,string,text,,Staatus
EELIS/PostgREST,f_hks_indikaatorid_veekogum,staatus_selg,string,text,,Staatus selgitus
EELIS/PostgREST,f_hks_indikaatorid_veekogum,hks_indikaator_id,integer,integer,,HKS indikaator EELIS ID  Note: This is a Foreign Key to `f_hks_indikaatorid.id`.<fk table='f_hks_indikaatorid' column='id'/>
EELIS/PostgREST,f_hks_kriteeriumid,id,integer,integer,jah,EELIS ID  Note: This is a Primary Key.<pk/>
EELIS/PostgREST,f_hks_kriteeriumid,tyyp,string,text,,Tunnuse tüübi kood
EELIS/PostgREST,f_hks_kriteeriumid,tyyp_selg,string,text,,Tunnuse tüübi selgitus
EELIS/PostgREST,f_hks_kriteeriumid,kood,string,text,,Tunnuse/kriteeriumi kood
EELIS/PostgREST,f_hks_kriteeriumid,nimi,string,text,,Tunnuse/kriteeriumi nimi
EELIS/PostgREST,f_hks_kriteeriumid,nimi_ing,string,text,,Tunnuse/kriteeriumi nimi (inglise k)
EELIS/PostgREST,f_hks_kriteeriumid,on_inimtekkeline,boolean,boolean,,On inimtekkeline
EELIS/PostgREST,f_hks_kriteeriumid,on_esmane,boolean,boolean,,On esmane
EELIS/PostgREST,f_hks_kriteeriumid,kuulub_id,integer,integer,,Kuulub tunnuse tüübi EELIS ID
EELIS/PostgREST,f_hks_kriteeriumid,kuulub_tyyp,string,text,,Kuulub tunnuse tüübi kood
EELIS/PostgREST,f_hks_kriteeriumid,kuulub_tyyp_selg,string,text,,Kuulub tunnuse tüübi selgitus
EELIS/PostgREST,f_hks_kriteeriumid,kuulub_kood,string,text,,Kuulub tunnuse kood
EELIS/PostgREST,f_hks_kriteeriumid,kuulub_nimi,string,text,,Kuulub tunnuse nimi
EELIS/PostgREST,f_hks_kriteeriumid,staatus,string,text,,Kriteeriumi staatus
EELIS/PostgREST,f_hks_kriteeriumid,staatus_selg,string,text,,Kriteeriumi staatus selgitus
EELIS/PostgREST,f_hks_kriteeriumid,tx_info,string,text,,Kirjeldus
EELIS/PostgREST,f_hks_kriteeriumid,tx_info_ing,string,text,,Kirjeldus (inglise k)
EELIS/PostgREST,f_hks_kriteeriumid,tx_metoodika,string,text,,Hindamise metoodika
EELIS/PostgREST,f_hks_kriteeriumid,tx_metoodika_ing,string,text,,Hindamise metoodika (inglise k)
EELIS/PostgREST,f_hks_kriteeriumid,tx_rakendamine,string,text,,Rakendamine
EELIS/PostgREST,f_hks_kriteeriumid,tx_rakendamine_ing,string,text,,Rakendamine (inglise k)
EELIS/PostgREST,f_hks_kriteeriumid,tx_markused,string,text,,Märkused
EELIS/PostgREST,f_hks_kriteeriumid,muut_aeg,string,timestamp without time zone,,Muutmise aeg
EELIS/PostgREST,f_hks_kriteeriumid_dok,dok_id,integer,integer,,Dok ID
EELIS/PostgREST,f_hks_kriteeriumid_dok,dok_kood,string,text,,Dok kood
EELIS/PostgREST,f_hks_kriteeriumid_dok,dok_tyyp,string,text,,Dok tüüp
EELIS/PostgREST,f_hks_kriteeriumid_dok,dok_tyyp_selg,string,text,,Dok tüüp selgitus
EELIS/PostgREST,f_hks_kriteeriumid_dok,dok_number,string,text,,Dok number
EELIS/PostgREST,f_hks_kriteeriumid_dok,dok_pealkiri,string,text,,Dok pealkiri
EELIS/PostgREST,f_hks_kriteeriumid_dok,dok_alg_kehtib,string,timestamp without time zone,,Dok kehtib alates kp
EELIS/PostgREST,f_hks_kriteeriumid_dok,dok_alg_kp,string,timestamp without time zone,,Dok algus kp
EELIS/PostgREST,f_hks_kriteeriumid_dok,dok_lopp_kp,string,timestamp without time zone,,Dok lõpp kp
EELIS/PostgREST,f_hks_kriteeriumid_dok,dok_url,string,text,,Dok URL
EELIS/PostgREST,f_hks_kriteeriumid_dok,dok_alus_dok_id,integer,integer,,Alus dok ID
EELIS/PostgREST,f_hks_kriteeriumid_dok,dok_muut_aeg,string,timestamp without time zone,,Viimase muutmise aeg (dok)
EELIS/PostgREST,f_hks_kriteeriumid_dok,hks_kriteerium_id,integer,integer,,HKS kriteerium EELIS ID  Note: This is a Foreign Key to `f_hks_kriteeriumid.id`.<fk table='f_hks_kriteeriumid' column='id'/>
EELIS/PostgREST,f_hks_kriteeriumid_sr_programm,hks_kriteerium_id,integer,integer,,HKS kriteerium EELIS ID  Note: This is a Foreign Key to `f_hks_kriteeriumid.id`.<fk table='f_hks_kriteeriumid' column='id'/>
EELIS/PostgREST,f_hks_kriteeriumid_sr_programm,kriteerium,string,text,,HKS tunnus/kriteerium
EELIS/PostgREST,f_hks_kriteeriumid_sr_programm,programm_id,integer,integer,,Seireprogramm EELIS ID
EELIS/PostgREST,f_hks_kriteeriumid_sr_programm,programm_nimi,string,text,,Seireprogramm nimi
EELIS/PostgREST,f_hks_kriteeriumid_sr_programm,sr_tyyp_selg,string,text,,Seireprogramm tüüp
EELIS/PostgREST,f_hks_kriteeriumid_sr_programm,sr_kood,string,text,,Seireprogramm kood
EELIS/PostgREST,f_hks_kriteeriumid_sr_programm,msrd_descriptor,string,text,,MSRD tunnus
EELIS/PostgREST,f_hks_kriteeriumid_sr_programm,kuulub_id,integer,integer,,Kuulub seireprogrammi ID
EELIS/PostgREST,f_hks_kriteeriumid_sr_programm,kuulub_nimi,string,text,,Kuulub seireprogrammi nimi
EELIS/PostgREST,f_hks_kriteeriumid_sr_programm,art11elem_selg,string,text,,Seiratava elemendi selgitus
EELIS/PostgREST,f_hks_kriteeriumid_sr_programm,art11elem,string,text,,Seiratav element
EELIS/PostgREST,f_hks_kriteeriumid_sr_programm,art11elem_kood,string,text,,Seiratav elemendi kood
EELIS/PostgREST,f_hks_kriteeriumid_sr_programm,art11elem_kood_paritolu,string,text,,Seiratava elemendi koodi päritolu
EELIS/PostgREST,f_hks_kriteeriumid_vmmeede,hks_kriteerium_id,integer,integer,,HKS kriteerium EELIS ID  Note: This is a Foreign Key to `f_hks_kriteeriumid.id`.<fk table='f_hks_kriteeriumid' column='id'/>
EELIS/PostgREST,f_hks_kriteeriumid_vmmeede,kriteerium,string,text,,Kriteerium
EELIS/PostgREST,f_hks_kriteeriumid_vmmeede,tyyp,string,text,,Kriteeriumi tüüp
EELIS/PostgREST,f_hks_kriteeriumid_vmmeede,meetmekava,string,text,,Meetmekava nimi
EELIS/PostgREST,f_hks_kriteeriumid_vmmeede,meetme_nimi,string,text,,Meetme nimi
EELIS/PostgREST,f_hks_kriteeriumid_vmmeede,meetme_kood,string,text,,Meetme kood
EELIS/PostgREST,f_hks_kriteeriumid_vmmeede,kategooria,string,text,,Meetme kategooria
EELIS/PostgREST,f_hks_kriteeriumid_vmmeede,menetlusfaas,string,text,,Menetlusfaas
EELIS/PostgREST,f_hks_kriteeriumid_vmmeede,kirjeldus,string,text,,Meetme kirjeldus
EELIS/PostgREST,f_hks_kriteeriumid_vmmeede,vmmeede_tyyp,string,text,,Meetme tüüp
EELIS/PostgREST,f_hks_seisud,id,integer,integer,jah,EELIS ID  Note: This is a Primary Key.<pk/>
EELIS/PostgREST,f_hks_seisud,kood,string,text,,Hinnatud kriteerium ja hindamisüksuse kood
EELIS/PostgREST,f_hks_seisud,tyyp,string,text,,HKS seisundi tüüp kood
EELIS/PostgREST,f_hks_seisud,tyyp_selg,string,text,,HKS seisundi tüüp selgitus
EELIS/PostgREST,f_hks_seisud,hks_koondseis_id,integer,integer,,HKS koondseisund EELIS ID
EELIS/PostgREST,f_hks_seisud,hks_koondseis_kood,string,text,,HKS koondseisund kood
EELIS/PostgREST,f_hks_seisud,hks_koondseis_nimi,string,text,,HKS koondseisund nimi
EELIS/PostgREST,f_hks_seisud,hks_element_id,integer,integer,,Hinnatav element EELIS ID
EELIS/PostgREST,f_hks_seisud,hks_element_kood,string,text,,Hinnatav element kood
EELIS/PostgREST,f_hks_seisud,hks_element_nimi,string,text,,Hinnatav element nimi
EELIS/PostgREST,f_hks_seisud,seirejaam_id,integer,integer,,Seirejaam EELIS ID
EELIS/PostgREST,f_hks_seisud,seirejaam_kkr_kood,string,text,,Seirejaam registrikood
EELIS/PostgREST,f_hks_seisud,seirejaam_nimi,string,text,,Seirejaam nimi
EELIS/PostgREST,f_hks_seisud,sr_param_norm_id,integer,integer,,Rakendatav norm EELIS ID
EELIS/PostgREST,f_hks_seisud,sr_param_norm_nimi,string,text,,Rakendatav norm nimi
EELIS/PostgREST,f_hks_seisud,kuulub_id,integer,integer,,Kuulub element ID
EELIS/PostgREST,f_hks_seisud,kuulub_hks_elementi_id,integer,integer,,Kuulub elementi
EELIS/PostgREST,f_hks_seisud,kuulub_hks_element_kood,string,text,,Kuuluva MSRD indikaatori/kriteeriumi kood
EELIS/PostgREST,f_hks_seisud,kuulub_hks_element_nimi,string,text,,Kuuluva MSRD indikaatori/kriteeriumi nimi
EELIS/PostgREST,f_hks_seisud,aasta_alg,integer,integer,,Algusaasta
EELIS/PostgREST,f_hks_seisud,aasta_lopp,integer,integer,,Lõppaasta
EELIS/PostgREST,f_hks_seisud,seis_kp,string,timestamp without time zone,,Hindamise kuupäev
EELIS/PostgREST,f_hks_seisud,seis_hinnang,string,text,,Seisundi hinnang
EELIS/PostgREST,f_hks_seisud,seis_hinnang_selg,string,text,,Seisundi hinnang selgitus
EELIS/PostgREST,f_hks_seisud,seis_prots,number,double precision,,Väärtus protsentides
EELIS/PostgREST,f_hks_seisud,seis_trend,string,text,,Trend
EELIS/PostgREST,f_hks_seisud,seis_trend_selg,string,text,,Trend selgitus
EELIS/PostgREST,f_hks_seisud,seis_mark,string,text,,Erimärk (väärtusele)
EELIS/PostgREST,f_hks_seisud,seis_nait,number,double precision,,Väärtus arvuna
EELIS/PostgREST,f_hks_seisud,tx_seis,string,text,,Väärtus tekstina
EELIS/PostgREST,f_hks_seisud,seis_viga,number,double precision,,Standardviga/mõõtmistäpsus
EELIS/PostgREST,f_hks_seisud,tx_metoodika,string,text,,Metoodika
EELIS/PostgREST,f_hks_seisud,usald,string,text,,Usaldusväärsus kood
EELIS/PostgREST,f_hks_seisud,usald_selg,string,text,,Usaldusväärsus selgitus
EELIS/PostgREST,f_hks_seisud,usald_ajaline,string,text,,Usaldusväärsus ajaline kood
EELIS/PostgREST,f_hks_seisud,usald_ajaline_selg,string,text,,Usaldusväärsus ajaline selgitus
EELIS/PostgREST,f_hks_seisud,usald_ruumiline,string,text,,Usaldusväärsus ruumiline kood
EELIS/PostgREST,f_hks_seisud,usald_ruumiline_selg,string,text,,Usaldusväärsus ruumiline selgitus
EELIS/PostgREST,f_hks_seisud,usald_klassif,string,text,,Usaldusväärsus klassifikatsioon kood
EELIS/PostgREST,f_hks_seisud,usald_klassif_selg,string,text,,Usaldusväärsus klassifikatsioon selgitus
EELIS/PostgREST,f_hks_seisud,usald_meetod,string,text,,Usaldsväärsus meetodika kood
EELIS/PostgREST,f_hks_seisud,usald_meetod_selg,string,text,,Usaldusväärsus meetodika selgitus
EELIS/PostgREST,f_hks_seisud,tx_usald,string,text,,Usaldusväärsuse selgitus/täpsustus
EELIS/PostgREST,f_hks_seisud,usald_allikas,string,text,,Usaldusväärsuse info allikas
EELIS/PostgREST,f_hks_seisud,tx_markused,string,text,,Märkused
EELIS/PostgREST,f_hks_seisud,muut_aeg,string,timestamp without time zone,,Muutmise aeg
EELIS/PostgREST,f_hks_sihid,id,integer,integer,jah,EELIS ID  Note: This is a Primary Key.<pk/>
EELIS/PostgREST,f_hks_sihid,tyyp,string,text,,Kirje tüüp kood
EELIS/PostgREST,f_hks_sihid,tyyp_selg,string,text,,Kirje tüüp selgitus
EELIS/PostgREST,f_hks_sihid,kuulub_id,integer,integer,,"Sihi EELIS ID, mille saavutamist indikaator mõõdab"
EELIS/PostgREST,f_hks_sihid,kuulub_kood,string,text,,"Sihi kood, mille saavutamist indikaator mõõdab"
EELIS/PostgREST,f_hks_sihid,kuulub_nimi,string,text,,"Sihi nimi, mille saavutamist indikaator mõõdab"
EELIS/PostgREST,f_hks_sihid,hks_kriteerium_id,integer,integer,,Tunnus/kriteerium EELIS ID
EELIS/PostgREST,f_hks_sihid,hks_kriteerium_kood,string,text,,Tunnus/kriteerium kood
EELIS/PostgREST,f_hks_sihid,hks_kriteerium_nimi,string,text,,Tunnus/kriteerium nimi
EELIS/PostgREST,f_hks_sihid,kood,string,text,,Sihi/indikaatori kood
EELIS/PostgREST,f_hks_sihid,nimi,string,text,,Sihi/indikaatori nimi
EELIS/PostgREST,f_hks_sihid,tx_markused,string,text,,Märkused
EELIS/PostgREST,f_hks_sihid,yhik,string,text,,Ühik
EELIS/PostgREST,f_hks_sihid,yhik_selg,string,text,,Ühik selgitus
EELIS/PostgREST,f_hks_sihid,staatus,string,text,,Sihi staatus kood
EELIS/PostgREST,f_hks_sihid,staatus_selg,string,text,,Sihi staatus selgitus
EELIS/PostgREST,f_hks_sihid,baas_aasta,integer,integer,,Baastaseme aasta
EELIS/PostgREST,f_hks_sihid,baas_nait,number,double precision,,Baasnäit
EELIS/PostgREST,f_hks_sihid,baas_trend,string,text,,Baasaasta trend kood
EELIS/PostgREST,f_hks_sihid,baas_trend_selg,string,text,,Baasaasta trend selgitus
EELIS/PostgREST,f_hks_sihid,tx_baas,string,text,,Baastaseme kirjeldus
EELIS/PostgREST,f_hks_sihid,tx_baas_ing,string,text,,Baastaseme kirjeldus (inglise k)
EELIS/PostgREST,f_hks_sihid,siht_aasta,integer,integer,,Sihi saavutamise tähtaeg
EELIS/PostgREST,f_hks_sihid,siht_nait,number,double precision,,Sihi väärtus (näit)
EELIS/PostgREST,f_hks_sihid,siht_trend,string,text,,Siht-trend kood
EELIS/PostgREST,f_hks_sihid,siht_trend_selg,string,text,,Siht-trend selgitus
EELIS/PostgREST,f_hks_sihid,tx_siht,string,text,,Sihi kirjeldus
EELIS/PostgREST,f_hks_sihid,tx_siht_ing,string,text,,Siht kirjeldus (inglise k)
EELIS/PostgREST,f_hks_sihid,seis_aasta,integer,integer,,Mõõdetud aastal
EELIS/PostgREST,f_hks_sihid,seis_nait,number,double precision,,Mõõdetud näit
EELIS/PostgREST,f_hks_sihid,seis_trend,string,text,,Mõõdetud trend kood
EELIS/PostgREST,f_hks_sihid,seis_trend_selg,string,text,,Mõõdetud trend selgitus
EELIS/PostgREST,f_hks_sihid,tx_seis,string,text,,Teadaoleva/mõõdetud seisu kirjeldus
EELIS/PostgREST,f_hks_sihid,tx_seis_ing,string,text,,Teadaoleva/mõõdetud seisu kirjeldus (inglise k)
EELIS/PostgREST,f_hks_sihid,parand_aasta,integer,integer,,Korrigeeritud (edasilükatud) tähtaeg
EELIS/PostgREST,f_hks_sihid,parand_nait,number,double precision,,Korrigeeritud näit
EELIS/PostgREST,f_hks_sihid,parand_trend,string,text,,Korrigeeritud siht-trend
EELIS/PostgREST,f_hks_sihid,parand_treng_selg,string,text,,Korrigeeritud siht-trend selgitus
EELIS/PostgREST,f_hks_sihid,tx_parand,string,text,,Sihi korrigeerimise põhjendused
EELIS/PostgREST,f_hks_sihid,tx_parand_ing,string,text,,Sihi korrigeerimise põhjendused (inglise k.)
EELIS/PostgREST,f_hks_sihid,muut_aeg,string,timestamp without time zone,,Muutmise aeg
EELIS/PostgREST,f_hks_sihid_sr_programm,hks_siht_id,integer,integer,,HKS siht EELIS ID  Note: This is a Foreign Key to `f_hks_sihid.id`.<fk table='f_hks_sihid' column='id'/>
EELIS/PostgREST,f_hks_sihid_sr_programm,programm_id,integer,integer,,Seireprogramm EELIS ID
EELIS/PostgREST,f_hks_sihid_sr_programm,programm_nimi,string,text,,Seireprogramm nimi
EELIS/PostgREST,f_hks_sihid_sr_programm,sr_tyyp_selg,string,text,,Seireprogramm tüüp
EELIS/PostgREST,f_hks_sihid_sr_programm,sr_kood,string,text,,Seireprogramm kood
EELIS/PostgREST,f_hks_sihid_sr_programm,msrd_descriptor,string,text,,MSRD tunnus
EELIS/PostgREST,f_hks_sihid_sr_programm,kuulub_id,integer,integer,,Kuulub seireprogrammi EELIS ID
EELIS/PostgREST,f_hks_sihid_sr_programm,tegevuskava,string,text,,HELCOM BSAP tegevuse kood
EELIS/PostgREST,f_hks_sihid_sr_programm,tegevuskava_selg,string,text,,HELCOM BSAP tegevuse selgitus
EELIS/PostgREST,f_hks_sihid_sr_programm,msrd_hinnatav_seisund,string,text,,Hinnatav seisund/mõju kood
EELIS/PostgREST,f_hks_sihid_sr_programm,msrd_hinnatav_seisund_selg,string,text,,Hinnatav seisund/mõju selgitus
EELIS/PostgREST,f_hks_sihid_sr_programm,msrd_hinnatav_koormus,string,text,,Hinnatav koormus kood
EELIS/PostgREST,f_hks_sihid_sr_programm,msrd_hinnatav_koormus_selg,string,text,,Hinnatav koormus selgitus
EELIS/PostgREST,f_hks_sihid_sr_programm,msrd_hinnatav_tegur,string,text,,Hinnatav tegur kood
EELIS/PostgREST,f_hks_sihid_sr_programm,msrd_hinnatav_tegur_selg,string,text,,Hinnatav tegur selgitus
EELIS/PostgREST,f_hks_sihid_sr_programm,msrd_hinnatav_tegevus,string,text,,Hinnatav inimtegevus (surveteguri allikana) kood
EELIS/PostgREST,f_hks_sihid_sr_programm,msrd_hinnatav_tegevus_selg,string,text,,Hinnatav inimtegevus (surveteguri allikana) selgitus
EELIS/PostgREST,f_hks_sihid_sr_programm,msrd_hinnatav_tohusus,string,text,,Hinnatavate meetmete tõhusus kood
EELIS/PostgREST,f_hks_sihid_sr_programm,msrd_hinnatav_tohusus_selg,string,text,,Hinnatavate meetmete tõhusus selgitus
EELIS/PostgREST,f_hks_sihid_sr_programm,asukoht_skoop,string,text,,Hinnangu ruumiline ulatus kood
EELIS/PostgREST,f_hks_sihid_sr_programm,asukoht_skoop_selg,string,text,,Hinnangu ruumiline ulatus selgitus
EELIS/PostgREST,f_hks_sihid_sr_programm,koostoo,string,text,,Regionaalne koordineerimine kood
EELIS/PostgREST,f_hks_sihid_sr_programm,koostoo_org,string,text,,Regionaalse koostöö organisatsioon kood
EELIS/PostgREST,f_hks_sihid_sr_programm,sagedus,string,text,,Seire sagedus kood
EELIS/PostgREST,f_hks_sihid_sr_programm,tx_sagedus,string,text,,Seire sagedus selgitus
EELIS/PostgREST,f_hks_sihid_sr_programm,andmete_tyyp,string,text,,Seire andmete tüüp kood
EELIS/PostgREST,f_hks_sihid_sr_programm,tx_andmete_tyyp,string,text,,Seire andmete tüüp (täpsustus)
EELIS/PostgREST,f_hks_sihid_sr_programm,tx_andmete_koht,string,text,,Andmete hoiustamise koht
EELIS/PostgREST,f_hks_sihid_vmmeede,hks_siht_id,integer,integer,,HKS siht EELIS ID  Note: This is a Foreign Key to `f_hks_sihid.id`.<fk table='f_hks_sihid' column='id'/>
EELIS/PostgREST,f_hks_sihid_vmmeede,meetmekava,string,text,,Meetmekava nimi
EELIS/PostgREST,f_hks_sihid_vmmeede,meetme_nimi,string,text,,Meetme nimi
EELIS/PostgREST,f_hks_sihid_vmmeede,meetme_kood,string,text,,Meetme kood
EELIS/PostgREST,f_hks_sihid_vmmeede,kategooria,string,text,,Meetme kategooria
EELIS/PostgREST,f_hks_sihid_vmmeede,menetlusfaas,string,text,,Menetlusfaas
EELIS/PostgREST,f_hks_sihid_vmmeede,kirjeldus,string,text,,Meetme kirjeldus
EELIS/PostgREST,f_hks_sihid_vmmeede,vmmeede_tyyp,string,text,,Meetme tüüp
EELIS/PostgREST,f_hks_siht_seisud,id,integer,integer,jah,Sihi indikaatori väärtus EELIS ID  Note: This is a Primary Key.<pk/>
EELIS/PostgREST,f_hks_siht_seisud,kood,string,text,,Sihi indikaatori väärtus kood
EELIS/PostgREST,f_hks_siht_seisud,hks_siht_id,integer,integer,,Siht/sihi indikaator kood
EELIS/PostgREST,f_hks_siht_seisud,hks_siht_nimi,string,text,,Siht/sihi indikaator kood nimi
EELIS/PostgREST,f_hks_siht_seisud,seis_aasta,integer,integer,,Aasta
EELIS/PostgREST,f_hks_siht_seisud,seis_nait,number,double precision,,Näit
EELIS/PostgREST,f_hks_siht_seisud,seis_trend,string,text,,Trend kood
EELIS/PostgREST,f_hks_siht_seisud,seis_trend_selg,string,text,,Trend selgitus
EELIS/PostgREST,f_hks_siht_seisud,tx_seis,string,text,,Kirjeldus
EELIS/PostgREST,f_hks_siht_seisud,tx_seis_ing,string,text,,Kirjeldus (inglise k)
EELIS/PostgREST,f_hks_siht_seisud,tx_markused,string,text,,Märkused
EELIS/PostgREST,f_hks_siht_seisud,muut_aeg,string,timestamp without time zone,,Muutmise aeg
EELIS/PostgREST,f_hydroseire,jaam_kood,integer,integer,,
EELIS/PostgREST,f_hydroseire,jaam_nimi,string,character varying,,
EELIS/PostgREST,f_hydroseire,valgala_nimi,string,character varying,,
EELIS/PostgREST,f_hydroseire,valgala_suurus_km2,number,numeric,,
EELIS/PostgREST,f_hydroseire,kaugus_suudmest_km,number,numeric,,
EELIS/PostgREST,f_hydroseire,jaam_laiuskraad,number,double precision,,
EELIS/PostgREST,f_hydroseire,jaam_pikkuskraad,number,double precision,,
EELIS/PostgREST,f_hydroseire,jaam_taisnimi,string,character varying,,
EELIS/PostgREST,f_hydroseire,veekogu_nimi,string,character varying,,
EELIS/PostgREST,f_hydroseire,timeline_ts_utc,string,timestamp without time zone,,
EELIS/PostgREST,f_hydroseire,timeline_ts_local,string,timestamp without time zone,,
EELIS/PostgREST,f_hydroseire,aegrida_nimi,string,character varying,,
EELIS/PostgREST,f_hydroseire,vaartus,number,numeric,,
EELIS/PostgREST,f_invelupaigad,id,integer,integer,jah,Inventeeritud elupaiga ID  Note: This is a Primary Key.<pk/>
EELIS/PostgREST,f_invelupaigad,id_text,string,text,,ID kood tekst väljatüübina
EELIS/PostgREST,f_invelupaigad,inventuur_id,integer,integer,,Inventuuri ID
EELIS/PostgREST,f_invelupaigad,inv_projekt,string,text,,Projekti nimi
EELIS/PostgREST,f_invelupaigad,tyyp,string,text,,Tüüp
EELIS/PostgREST,f_invelupaigad,tyyp_selg,string,text,,Tüübi  selgitus
EELIS/PostgREST,f_invelupaigad,alamtyyp,string,text,,Alamtüüp
EELIS/PostgREST,f_invelupaigad,alamtyyp_selg,string,text,,Alamtüüp selgitus
EELIS/PostgREST,f_invelupaigad,kkr_kood,string,text,,KKR kood
EELIS/PostgREST,f_invelupaigad,pindala,number,double precision,,Pindala
EELIS/PostgREST,f_invelupaigad,inv_kp,string,timestamp without time zone,,Inv. Kp
EELIS/PostgREST,f_invelupaigad,hindamise_kp,string,timestamp without time zone,,Hindamise kp
EELIS/PostgREST,f_invelupaigad,on_rannaala,boolean,boolean,,On rannaala
EELIS/PostgREST,f_invelupaigad,andmekvaliteet,string,text,,Andmekvaliteet kood
EELIS/PostgREST,f_invelupaigad,andmekv_selgitus,string,text,,Andmekvaliteet
EELIS/PostgREST,f_invelupaigad,tx_kirjeldus,string,text,,Kirjeldus
EELIS/PostgREST,f_invelupaigad,tx_liigid,string,text,,Liikide loend
EELIS/PostgREST,f_invelupaigad,elupaigatyyp_id,integer,integer,,Elupaigatüübi ID
EELIS/PostgREST,f_invelupaigad,elupaigatyyp_kood,string,text,,Elupaigatüübi kood
EELIS/PostgREST,f_invelupaigad,elupaigatyyp_kood_selg,string,text,,Elupaigatüübi selgitus
EELIS/PostgREST,f_invelupaigad,elupaigatyyp_grupp,string,text,,Elupaigatüübi grupp
EELIS/PostgREST,f_invelupaigad,elupaigatyyp_grupp_selg,string,text,,Elupaigatüübi grupp selgitus
EELIS/PostgREST,f_invelupaigad,elupaigatyyp_staatus,string,text,,Elupaigatüübi staatus
EELIS/PostgREST,f_invelupaigad,elupaigatyyp_staatus_selg,string,text,,Elupaigatüübi staatus selgitus
EELIS/PostgREST,f_invelupaigad,kooslus,string,text,,Kooslus kood
EELIS/PostgREST,f_invelupaigad,kooslus_selg,string,text,,Kooslus
EELIS/PostgREST,f_invelupaigad,esinduslikkus,string,text,,Esinduslikkus kood
EELIS/PostgREST,f_invelupaigad,esinduslikkus_selg,string,text,,Esindluslikkus
EELIS/PostgREST,f_invelupaigad,struktsail,string,text,,Struktsail kood
EELIS/PostgREST,f_invelupaigad,struktsail_selg,string,text,,Struktsail 
EELIS/PostgREST,f_invelupaigad,funktssail,string,text,,Funktssail kood
EELIS/PostgREST,f_invelupaigad,funktssail_selg,string,text,,Funktssail
EELIS/PostgREST,f_invelupaigad,taastatavus,string,text,,Taastatavus kood
EELIS/PostgREST,f_invelupaigad,taastatavus_selg,string,text,,Taastatavus
EELIS/PostgREST,f_invelupaigad,hinnang,string,text,,Hinnang kood
EELIS/PostgREST,f_invelupaigad,hinnang_selg,string,text,,Hinnang
EELIS/PostgREST,f_invelupaigad,puistu_koosseis,string,text,,Puistu koosseis
EELIS/PostgREST,f_invelupaigad,puistu_liitus,integer,integer,,Puistu liitus
EELIS/PostgREST,f_invelupaigad,poosad_koosseis,string,text,,Põõsad kooseis
EELIS/PostgREST,f_invelupaigad,poosad_liitus,integer,integer,,Põõsad liitus
EELIS/PostgREST,f_invelupaigad,niiskus,string,text,,Niiskus koodid
EELIS/PostgREST,f_invelupaigad,niiskus_selg,string,text,,Niiskus 
EELIS/PostgREST,f_invelupaigad,niitmine,string,text,,Niitmine
EELIS/PostgREST,f_invelupaigad,niitmine_selg,string,text,,Niitmine selgitus
EELIS/PostgREST,f_invelupaigad,karjatamine,string,text,,Karjatamine koodid
EELIS/PostgREST,f_invelupaigad,karjatamine_selg,string,text,,Karjatamine
EELIS/PostgREST,f_invelupaigad,majandamine,string,text,,Majandaine kood
EELIS/PostgREST,f_invelupaigad,majandamine_selg,string,text,,Majandamine
EELIS/PostgREST,f_invelupaigad,tx_majandamine,string,text,,Majandamine kommentaar
EELIS/PostgREST,f_invelupaigad,perspektiiv,string,text,,Perspektiiv kood
EELIS/PostgREST,f_invelupaigad,perspektiiv_selg,string,text,,Perspektiiv
EELIS/PostgREST,f_invelupaigad,puistu_i_koosseis,string,text,,Puistu I koosseis
EELIS/PostgREST,f_invelupaigad,puistu_i_vanus,integer,integer,,Puistu I vanus
EELIS/PostgREST,f_invelupaigad,puistu_i_vanus_max,integer,integer,,Puistu_I_Vanus max
EELIS/PostgREST,f_invelupaigad,puistu_i_vanus_min,integer,integer,,Puistu_I_Vanus min
EELIS/PostgREST,f_invelupaigad,puistu_i_liitus,string,text,,Puistu I liitus
EELIS/PostgREST,f_invelupaigad,puistu_i_liitus_selg,string,text,,Puistu I liitus selgitus
EELIS/PostgREST,f_invelupaigad,puistu_ii_koosseis,string,text,,Puistu II koosseis
EELIS/PostgREST,f_invelupaigad,puistu_ii_liitus,string,text,,Puistu II liitus
EELIS/PostgREST,f_invelupaigad,puistu_ii_liitus_selg,string,text,,Puistu II liitus selgitus
EELIS/PostgREST,f_invelupaigad,puurinde_vanus,string,text,,Puurinde vanus
EELIS/PostgREST,f_invelupaigad,puistu_vanad_puud,string,text,,Puistu vanad puud
EELIS/PostgREST,f_invelupaigad,jarelkasv_lnim_id,integer,integer,,Jarelkasv liigi ID
EELIS/PostgREST,f_invelupaigad,jarelkasv_lad_nim,string,text,,Liigi ladina k nimetus (jarelkasv)
EELIS/PostgREST,f_invelupaigad,jarelkasv_eest_nim,string,text,,Liigi eesti k nimetus (jarelkasv)
EELIS/PostgREST,f_invelupaigad,jarelkasv_ryhm,string,text,,Leiukoha liigi rühm (jarelkasv)
EELIS/PostgREST,f_invelupaigad,jarelkasv_ryhm_selg,string,text,,Leiukoha liigi rühma seletus (jarelkasv)
EELIS/PostgREST,f_invelupaigad,jarelkasv_kaitsekat,string,text,,Leiukoha liigi katisekategooria (jarelkasv)
EELIS/PostgREST,f_invelupaigad,jarelkasv_kaitsekat_selg,string,text,,Leiukoha liigi kaitsekategooria selgitus (jarelkasv)
EELIS/PostgREST,f_invelupaigad,jarelkasv_tyyp,string,text,,Liigi tüüp (jarelkasv)
EELIS/PostgREST,f_invelupaigad,jarelkasv_tyyp_selg,string,text,,Liigi tüübi seletus (jarelkasv)
EELIS/PostgREST,f_invelupaigad,jarelkasv_tvoorliik_tyyp,string,text,,Liigi võõrliigi tüüp (jarelkasv)
EELIS/PostgREST,f_invelupaigad,jarelkasv_tvoorliik_tyyp_selg,string,text,,Liigi võõrliigi tüübi selgitus (jarelkasv)
EELIS/PostgREST,f_invelupaigad,alusmets_lnim_id,integer,integer,,Alusmets liigi ID
EELIS/PostgREST,f_invelupaigad,alusmets_lad_nim,string,text,,Liigi ladina k nimetus (alusmets)
EELIS/PostgREST,f_invelupaigad,alusmets_eest_nim,string,text,,Liigi eesti k nimetus (alusmets)
EELIS/PostgREST,f_invelupaigad,alusmets_ryhm,string,text,,Leiukoha liigi rühm (alusmets)
EELIS/PostgREST,f_invelupaigad,alusmets_ryhm_selg,string,text,,Leiukoha liigi rühma seletus (alusmets)
EELIS/PostgREST,f_invelupaigad,alusmets_kaitsekat,string,text,,Leiukoha liigi katisekategooria (alusmets)
EELIS/PostgREST,f_invelupaigad,alusmets_kaitsekat_selg,string,text,,Leiukoha liigi kaitsekategooria selgitus (alusmets)
EELIS/PostgREST,f_invelupaigad,alusmets_tyyp,string,text,,Liigi tüüp (alusmets)
EELIS/PostgREST,f_invelupaigad,alusmets_tyyp_selg,string,text,,Liigi tüübi selgitus (alusmets)
EELIS/PostgREST,f_invelupaigad,alusmets_tvoorliik_tyyp,string,text,,Liigi võõrliigi tüüp (alusmets)
EELIS/PostgREST,f_invelupaigad,alusmets_tvoorliik_tyyp_selg,string,text,,Liigi võõrliigi tüübi selgitus (alusmets)
EELIS/PostgREST,f_invelupaigad,graminoidid,string,text,,Graminoidid
EELIS/PostgREST,f_invelupaigad,graminoidid_selg,string,text,,Graminoidid selgitus
EELIS/PostgREST,f_invelupaigad,on_surnudpuud,boolean,boolean,,On surnud puud
EELIS/PostgREST,f_invelupaigad,on_lamapuit,boolean,boolean,,On lamapuit
EELIS/PostgREST,f_invelupaigad,lagunemisastmed,string,text,,Lagunemisastmed
EELIS/PostgREST,f_invelupaigad,lagunemisastmed_selg,string,text,,Lagunemisastmed selgitus
EELIS/PostgREST,f_invelupaigad,tx_erisused,string,text,,Erisused
EELIS/PostgREST,f_invelupaigad,elemendid,string,text,,Elemendid 
EELIS/PostgREST,f_invelupaigad,elemendid_selg,string,text,,Elemendid selgitus
EELIS/PostgREST,f_invelupaigad,taimede_katvus,integer,integer,,Taimede katvus
EELIS/PostgREST,f_invelupaigad,taimede_sygavus,integer,integer,,Taimede sügavus
EELIS/PostgREST,f_invelupaigad,veeoitseng,string,text,,Veeõitseng kood
EELIS/PostgREST,f_invelupaigad,veeoitseng_selg,string,text,,Veeõitseng
EELIS/PostgREST,f_invelupaigad,virgestus,string,text,,Virgestus kood
EELIS/PostgREST,f_invelupaigad,virgestus_selg,string,text,,Virgestus
EELIS/PostgREST,f_invelupaigad,tx_virgestus,string,text,,Virgestus tekst
EELIS/PostgREST,f_invelupaigad,hydromorf,string,text,,Hüdromorf kood
EELIS/PostgREST,f_invelupaigad,hydromorf_selg,string,text,,Hüdromorf
EELIS/PostgREST,f_invelupaigad,reostus,string,text,,Reostus kood
EELIS/PostgREST,f_invelupaigad,reostus_selg,string,text,,Reostus
EELIS/PostgREST,f_invelupaigad,voorl_moju,string,text,,Võõrliik mõju kood
EELIS/PostgREST,f_invelupaigad,voorl_moju_selg,string,text,,Võõrliik mõju
EELIS/PostgREST,f_invelupaigad,kesk_x,number,double precision,,Inventeeritud elupaiga tsentroidi x-koordinaat LEST97
EELIS/PostgREST,f_invelupaigad,kesk_y,number,double precision,,Inventeeritud elupaiga tsentroidi y-koordinaat LEST97
EELIS/PostgREST,f_invelupaigad,muut_aeg,string,timestamp without time zone,,Viimase muutmise aeg
EELIS/PostgREST,f_invelupaigad,keht_staatus,string,text,,Kehtivuse staatus
EELIS/PostgREST,f_invelupaigad,ehak_tekst,string,text,,EHAK koondinfo
EELIS/PostgREST,f_invelupaigad,ehak_kood1,string,text,,EHAK kood maakond
EELIS/PostgREST,f_invelupaigad,ehak_kood2,string,text,,EHAK kood vald
EELIS/PostgREST,f_invelupaigad,ehak_kood3,string,text,,EHAK alamtase
EELIS/PostgREST,f_invelupaigad_ala,id,integer,integer,,Ala ID
EELIS/PostgREST,f_invelupaigad_ala,nimi,string,text,,Nimi
EELIS/PostgREST,f_invelupaigad_ala,tyyp,string,text,,Tüübi kood
EELIS/PostgREST,f_invelupaigad_ala,tyyp_selg,string,text,,Tüübi selgitus
EELIS/PostgREST,f_invelupaigad_ala,kuulub_id,integer,integer,,Asub kaitsealal ID
EELIS/PostgREST,f_invelupaigad_ala,kuulub_selg,string,text,,Asub kaitsealal nimi
EELIS/PostgREST,f_invelupaigad_ala,on_regobj,boolean,boolean,,On registriobjekt
EELIS/PostgREST,f_invelupaigad_ala,kkr_kood,string,text,,KKR kood
EELIS/PostgREST,f_invelupaigad_ala,cdda_kood,string,text,,CDDA kood
EELIS/PostgREST,f_invelupaigad_ala,iucn_tyyp,string,text,,IUCN kood
EELIS/PostgREST,f_invelupaigad_ala,iucn_tyyp_selg,string,text,,IUCN koodi selgitus
EELIS/PostgREST,f_invelupaigad_ala,al_yksiktyyp,string,text,,Üksikobjekti tüüp
EELIS/PostgREST,f_invelupaigad_ala,al_yksiktyyp_selg,string,text,,Üksikobjekti tüübi selgitus
EELIS/PostgREST,f_invelupaigad_ala,yksikobj_seisund,string,text,,Üksikobjekti seisund
EELIS/PostgREST,f_invelupaigad_ala,yksikobj_seisund_selg,string,text,,Üksikobjekti seisundi selgitus
EELIS/PostgREST,f_invelupaigad_ala,al_voondtyyp,string,text,,Vöönditüüp
EELIS/PostgREST,f_invelupaigad_ala,al_voondtyyp_selg,string,text,,Vöönditüüp nimi
EELIS/PostgREST,f_invelupaigad_ala,al_staatus,string,text,,Ala staatus
EELIS/PostgREST,f_invelupaigad_ala,al_staatus_selg,string,text,,Ala staatus nimi
EELIS/PostgREST,f_invelupaigad_ala,kaitsekorra_alus_id,integer,integer,,Kaitsekorra alus
EELIS/PostgREST,f_invelupaigad_ala,pindala_maa,number,double precision,,Maismaa pindala
EELIS/PostgREST,f_invelupaigad_ala,pindala_vesi,number,double precision,,Siseveekogude pindala
EELIS/PostgREST,f_invelupaigad_ala,pindala_meri,number,double precision,,Mereosa pindala
EELIS/PostgREST,f_invelupaigad_ala,veekogu_id,integer,integer,,Koelmuala veekogu
EELIS/PostgREST,f_invelupaigad_ala,on_msoodust,boolean,boolean,,On maamaksusoodustus
EELIS/PostgREST,f_invelupaigad_ala,msoodust_prots,string,text,,Maamaksu protsent
EELIS/PostgREST,f_invelupaigad_ala,tx_kirjeldus,string,text,,Iseloomustus
EELIS/PostgREST,f_invelupaigad_ala,tx_eesmark,string,text,,Kaitse-eesmärgi täpsustus
EELIS/PostgREST,f_invelupaigad_ala,kesk_x,number,double precision,,Ala tsentroidi x-koordinaat LEST97
EELIS/PostgREST,f_invelupaigad_ala,kesk_y,number,double precision,,Ala tsentroidi y-koordinaat LEST97
EELIS/PostgREST,f_invelupaigad_ala,muut_aeg,string,timestamp without time zone,,Viimase muutmise aeg
EELIS/PostgREST,f_invelupaigad_ala,keht_staatus,string,text,,Kehtivuse staatus
EELIS/PostgREST,f_invelupaigad_ala,valitseja_reg_kood,string,text,,Ala valitseja kood
EELIS/PostgREST,f_invelupaigad_ala,valitseja_nimetus,string,text,,Ala valitseja nimetus
EELIS/PostgREST,f_invelupaigad_ala,ehak_tekst,string,text,,EHAK koondinfo
EELIS/PostgREST,f_invelupaigad_ala,ehak_kood1,string,text,,EHAK kood maakond
EELIS/PostgREST,f_invelupaigad_ala,ehak_kood2,string,text,,EHAK kood vald
EELIS/PostgREST,f_invelupaigad_ala,ehak_kood3,string,text,,EHAK alamtase
EELIS/PostgREST,f_invelupaigad_ala,invelupaik_id,integer,integer,,Inventeeritud elupaiga ID  Note: This is a Foreign Key to `f_invelupaigad.id`.<fk table='f_invelupaigad' column='id'/>
EELIS/PostgREST,f_invelupaigad_ehak,id,integer,integer,,EHAK ID
EELIS/PostgREST,f_invelupaigad_ehak,ehak_kood,string,text,,EHAK kood
EELIS/PostgREST,f_invelupaigad_ehak,ehak_nimi,string,text,,EHAK nimi
EELIS/PostgREST,f_invelupaigad_ehak,ehak_rnimi,string,text,,EHAK rööpnimi
EELIS/PostgREST,f_invelupaigad_ehak,vald,string,text,,Vald nimi
EELIS/PostgREST,f_invelupaigad_ehak,maa,string,text,,Maakond nimi
EELIS/PostgREST,f_invelupaigad_ehak,tyyp,string,text,,EHAK tase
EELIS/PostgREST,f_invelupaigad_ehak,ehak_tyyp_selg,string,text,,EHAK tase selgitus
EELIS/PostgREST,f_invelupaigad_ehak,ehak_parent,string,text,,EHAK kõrgema taseme kood
EELIS/PostgREST,f_invelupaigad_ehak,ehak_muut_aeg,string,timestamp without time zone,,Viimase muudatuse aeg (EHAK)
EELIS/PostgREST,f_invelupaigad_ehak,invelupaik_id,integer,integer,,Invelupaik ID  Note: This is a Foreign Key to `f_invelupaigad.id`.<fk table='f_invelupaigad' column='id'/>
EELIS/PostgREST,f_invelupaigad_invelupaigatyyp,id,integer,integer,,Inv.elupaiga elupaigatüübi ID
EELIS/PostgREST,f_invelupaigad_invelupaigatyyp,invelupaik_id,integer,integer,,Inv.elupaik ID  Note: This is a Foreign Key to `f_invelupaigad.id`.<fk table='f_invelupaigad' column='id'/>
EELIS/PostgREST,f_invelupaigad_invelupaigatyyp,invelt_elupaigatyyp_id,integer,integer,,Elupaigatüübi ID
EELIS/PostgREST,f_invelupaigad_invelupaigatyyp,elupaigatyyp_kood,string,text,,Elupaigatüübi kood
EELIS/PostgREST,f_invelupaigad_invelupaigatyyp,elupaigatyyp_kood_selg,string,text,,Elupaigatüübi selgitus
EELIS/PostgREST,f_invelupaigad_invelupaigatyyp,elupaigatyyp_grupp,string,text,,Elupaigatüübi grupp
EELIS/PostgREST,f_invelupaigad_invelupaigatyyp,elupaigatyyp_grupp_selg,string,text,,Elupaigatüüp grupp seletus
EELIS/PostgREST,f_invelupaigad_invelupaigatyyp,elupaigatyyp_staatus,string,text,,Staatus
EELIS/PostgREST,f_invelupaigad_invelupaigatyyp,elupaigatyyp_staatus_selg,string,text,,Staatuse seletus
EELIS/PostgREST,f_invelupaigad_invelupaigatyyp,elupaigatyyp_tyyp,string,text,,Elupaigatüübi tüüp kood
EELIS/PostgREST,f_invelupaigad_invelupaigatyyp,elupaigatyyp_tyyp_selg,string,text,,Eluptaigatüübi tüüp selgitus
EELIS/PostgREST,f_invelupaigad_invelupaigatyyp,invelt_elupaik_paal,string,text,,Inv. Elupaigatüübi kasvukoht (paal)
EELIS/PostgREST,f_invelupaigad_invelupaigatyyp,invelt_elupaik_paal_selg,string,text,,Inv. Elupaigatüübi kasvukoht (paal) seletus
EELIS/PostgREST,f_invelupaigad_invelupaigatyyp,invelt_elupaik_martin,string,text,,Inv. Elupaigatüübi kasvukoht (martin)
EELIS/PostgREST,f_invelupaigad_invelupaigatyyp,invelt_elupaik_martin_selg,string,text,,Inv. Elupaigatüübi kasvukoht (martin) seletus
EELIS/PostgREST,f_invelupaigad_invelupaigatyyp,koopad,integer,integer,,Koopad
EELIS/PostgREST,f_invelupaigad_invelupaigatyyp,invelt_on_kaasnev,boolean,boolean,,On kaasnev tunnus
EELIS/PostgREST,f_invelupaigad_invelupaigatyyp,protsent_min,integer,integer,,Protsent min
EELIS/PostgREST,f_invelupaigad_invelupaigatyyp,protsent_max,integer,integer,,Protsent max
EELIS/PostgREST,f_invelupaigad_invelupaigatyyp,invelt_muutaeg,string,timestamp without time zone,,Viimase muutmise aeg (invelupaigatyyp)
EELIS/PostgREST,f_invelupaigad_invmojutegur,invemojut_id,integer,integer,,Mõjuteguri ID
EELIS/PostgREST,f_invelupaigad_invmojutegur,invelupaik_id,integer,integer,,Inv elupaik ID  Note: This is a Foreign Key to `f_invelupaigad.id`.<fk table='f_invelupaigad' column='id'/>
EELIS/PostgREST,f_invelupaigad_invmojutegur,paiknemine,string,text,,Mõjuteguri paiknemine
EELIS/PostgREST,f_invelupaigad_invmojutegur,invmojut_paiknemine_selg,string,text,,Mõjuteguri paiknemine selgitus
EELIS/PostgREST,f_invelupaigad_invmojutegur,mojutegur,string,text,,Mõjutegur
EELIS/PostgREST,f_invelupaigad_invmojutegur,invmojut_mojutegur_selg,string,text,,Mõjuteguri selgitus
EELIS/PostgREST,f_invelupaigad_invmojutegur,tugevus,string,text,,Mõjuteguri tugevus
EELIS/PostgREST,f_invelupaigad_invmojutegur,invmojut_tugevus_selg,string,text,,Mõjuteguri tugevuse selgitus
EELIS/PostgREST,f_invelupaigad_invmojutegur,toime,string,text,,Mõjuteguri toime
EELIS/PostgREST,f_invelupaigad_invmojutegur,invmojut_toime_selg,string,text,,Mõjuteguri toime selgitus
EELIS/PostgREST,f_invelupaigad_invmojutegur,protsent,integer,integer,,Mõjuteguri protsent
EELIS/PostgREST,f_invelupaigad_invmojutegur,invmojutegur_muut_aeg,string,timestamp without time zone,,Viimase muutmise aeg (invmojutegur)
EELIS/PostgREST,f_invelupaigad_invtunnus,tunnus_id,integer,integer,,Inv.tunnuse ID
EELIS/PostgREST,f_invelupaigad_invtunnus,tunnus_tyyp,string,text,,Inv.tunnus tüüp
EELIS/PostgREST,f_invelupaigad_invtunnus,tunnus_tyyp_selg,string,text,,Inv.tunnus tüüp selgitus
EELIS/PostgREST,f_invelupaigad_invtunnus,tunnus_invelupaik_id,integer,integer,,Invelupaik ID  Note: This is a Foreign Key to `f_invelupaigad.id`.<fk table='f_invelupaigad' column='id'/>
EELIS/PostgREST,f_invelupaigad_invtunnus,puuliik,string,text,,Puuliik koodid
EELIS/PostgREST,f_invelupaigad_invtunnus,puuliik_selg,string,text,,Puuliik selgitus
EELIS/PostgREST,f_invelupaigad_invtunnus,tunnus_sag,string,text,,Tunnuse sagedus kood
EELIS/PostgREST,f_invelupaigad_invtunnus,tunnus_sag_selg,string,text,,Tunnuse sagedus selgitus
EELIS/PostgREST,f_invelupaigad_invtunnus,tunnus_arv,string,text,,Tunnus arv 
EELIS/PostgREST,f_invelupaigad_invtunnus,tunnus_tx_lisainfo,string,text,,Lisainfot
EELIS/PostgREST,f_invelupaigad_invtunnus,tunnus_muut_aeg,string,timestamp without time zone,,Viimase muutmise aeg (invtunnus)
EELIS/PostgREST,f_invelupaigad_kandealus,kand_id,integer,integer,,Kandealus ID
EELIS/PostgREST,f_invelupaigad_kandealus,kand_kood,string,text,,Kandealus kood
EELIS/PostgREST,f_invelupaigad_kandealus,kand_tyyp,string,text,,Kandealus tüüp
EELIS/PostgREST,f_invelupaigad_kandealus,kand_tyyp_selg,string,text,,Kandealus tüüp selgitus
EELIS/PostgREST,f_invelupaigad_kandealus,kand_nimi,string,text,,Kandealus nimi
EELIS/PostgREST,f_invelupaigad_kandealus,kand_obj_tyyp,string,text,,Objekti tüüp (kandealus)
EELIS/PostgREST,f_invelupaigad_kandealus,kand_obj_tyyp_selg,string,text,,Objekti tüüp selgitus (kandealus)
EELIS/PostgREST,f_invelupaigad_kandealus,kand_kpv,string,timestamp without time zone,,Kandealus kuupäev
EELIS/PostgREST,f_invelupaigad_kandealus,kand_alusdok_id,integer,integer,,Alusdokumendi ID 
EELIS/PostgREST,f_invelupaigad_kandealus,kand_alusdok_nimi,string,text,,Alusdokumendi nimi
EELIS/PostgREST,f_invelupaigad_kandealus,kand_alusdok_alg_kehtib,string,timestamp without time zone,,Alusdokumendi kehtib alates kuupäev
EELIS/PostgREST,f_invelupaigad_kandealus,kand_aruanne_id,integer,integer,,Aruanne
EELIS/PostgREST,f_invelupaigad_kandealus,kand_aruanne_nimi,string,text,,Aruande nimi
EELIS/PostgREST,f_invelupaigad_kandealus,kand_aruanne_aasta,integer,integer,,Aruande aasta
EELIS/PostgREST,f_invelupaigad_kandealus,kand_esitamise_viis,string,text,,Esitamise viis
EELIS/PostgREST,f_invelupaigad_kandealus,kand_esit_viis_selg,string,text,,Esitamise viis selgitus
EELIS/PostgREST,f_invelupaigad_kandealus,kand_dok_kpv,string,timestamp without time zone,,Kandealus dokumendi kuupäev
EELIS/PostgREST,f_invelupaigad_kandealus,kand_tx_lisainfo,string,text,,Lisainfo (kandealus)
EELIS/PostgREST,f_invelupaigad_kandealus,kand_muut_aeg,string,timestamp without time zone,,Viimase muutmise aeg (kandealus)
EELIS/PostgREST,f_invelupaigad_kandealus,invelupaik_id,integer,integer,,Inventeeritud elupaiga ID  Note: This is a Foreign Key to `f_invelupaigad.id`.<fk table='f_invelupaigad' column='id'/>
EELIS/PostgREST,f_invelupaigad_lkoht,id,integer,integer,,Leiukoha ID
EELIS/PostgREST,f_invelupaigad_lkoht,nimi,string,text,,Nimi
EELIS/PostgREST,f_invelupaigad_lkoht,tyyp,string,text,,Tüüp kood
EELIS/PostgREST,f_invelupaigad_lkoht,tyyp_selg,string,text,,Tüüp
EELIS/PostgREST,f_invelupaigad_lkoht,kuulub_id,integer,integer,,Kuulub
EELIS/PostgREST,f_invelupaigad_lkoht,tx_asukoht,string,text,,Asukohakirjeldus
EELIS/PostgREST,f_invelupaigad_lkoht,on_regobj,boolean,boolean,,On registriobjekt
EELIS/PostgREST,f_invelupaigad_lkoht,kkr_kood,string,text,,KKR kood
EELIS/PostgREST,f_invelupaigad_lkoht,tx_elupaik,string,text,,Elupaiga kirjeldus
EELIS/PostgREST,f_invelupaigad_lkoht,elup_kasutus,string,text,,Elupaiga kasutus kood
EELIS/PostgREST,f_invelupaigad_lkoht,elup_kasutus_selg,string,text,,Elupaiga kasutus
EELIS/PostgREST,f_invelupaigad_lkoht,elup_nat,string,text,,Elupaik (Natura) kood
EELIS/PostgREST,f_invelupaigad_lkoht,elup_nat_selg,string,text,,Elupaik (Natura)
EELIS/PostgREST,f_invelupaigad_lkoht,elup_paal,string,text,,Kasvukoht (Paal) kood
EELIS/PostgREST,f_invelupaigad_lkoht,elup_paal_selg,string,text,,Kasvukoht (Paal)
EELIS/PostgREST,f_invelupaigad_lkoht,ohud,string,text,,Ohutegurid
EELIS/PostgREST,f_invelupaigad_lkoht,ohud_aste,string,text,,Mõjutegurite ohu aste
EELIS/PostgREST,f_invelupaigad_lkoht,ohud_aste_selg,string,text,,Mõjutegurite ohu astme selgitus
EELIS/PostgREST,f_invelupaigad_lkoht,kasvamise_koht,string,text,,Kasvamise koht
EELIS/PostgREST,f_invelupaigad_lkoht,kasvamise_koht_selg,string,text,,Kasvamise koha selgitus
EELIS/PostgREST,f_invelupaigad_lkoht,koht_vesi,string,text,,Asukoha niiskus
EELIS/PostgREST,f_invelupaigad_lkoht,koht_vesi_selg,string,text,,Asukoha niiskus selgitus
EELIS/PostgREST,f_invelupaigad_lkoht,koht_valgus,string,text,,Asukoha valgustatus
EELIS/PostgREST,f_invelupaigad_lkoht,koht_valgus_selg,string,text,,Asukoha valgustatus selgitus
EELIS/PostgREST,f_invelupaigad_lkoht,koht_muld,string,text,,Asukoha mullastik
EELIS/PostgREST,f_invelupaigad_lkoht,koht_muld_selg,string,text,,Asukoha mullastik selgitus
EELIS/PostgREST,f_invelupaigad_lkoht,tx_biol_kirjeldus,string,text,,Bioloogiline kirjeldus
EELIS/PostgREST,f_invelupaigad_lkoht,on_voorliik_teavitus,boolean,boolean,,On saadetud teavitus võõrliigi kohta
EELIS/PostgREST,f_invelupaigad_lkoht,kesk_x,number,double precision,,Leiukoha tsentroidi x-koordinaat LEST97
EELIS/PostgREST,f_invelupaigad_lkoht,kesk_y,number,double precision,,Leiukoha tsentroidi y-koordinaat LEST97
EELIS/PostgREST,f_invelupaigad_lkoht,muut_aeg,string,timestamp without time zone,,Muutmise aeg
EELIS/PostgREST,f_invelupaigad_lkoht,keht_staatus,string,text,,Kehtivuse staatus
EELIS/PostgREST,f_invelupaigad_lkoht,staatus,string,text,,Staatus
EELIS/PostgREST,f_invelupaigad_lkoht,ehak_tekst,string,text,,EHAK koondinfo
EELIS/PostgREST,f_invelupaigad_lkoht,ehak_kood1,string,text,,EHAK kood maakond
EELIS/PostgREST,f_invelupaigad_lkoht,ehak_kood2,string,text,,EHAK kood vald
EELIS/PostgREST,f_invelupaigad_lkoht,ehak_kood3,string,text,,EHAK alamtase
EELIS/PostgREST,f_invelupaigad_lkoht,invelupaik_id,integer,integer,,Invelupaik ID  Note: This is a Foreign Key to `f_invelupaigad.id`.<fk table='f_invelupaigad' column='id'/>
EELIS/PostgREST,f_invelupaigad_lkoht,lnim_id,integer,integer,,Liigi id
EELIS/PostgREST,f_invelupaigad_lkoht,ladnimi,string,text,,Liigi ladina k nimetus
EELIS/PostgREST,f_invelupaigad_lkoht,estnimi,string,text,,Liigi eesti k nimetus
EELIS/PostgREST,f_invelupaigad_lkoht,ryhm,string,text,,Leiukoha liigi rühm
EELIS/PostgREST,f_invelupaigad_lkoht,ryhm_selg,string,text,,Leiukoha liigi rühma seletus
EELIS/PostgREST,f_invelupaigad_lkoht,kaitsekategooria,string,text,,Leiukoha liigi katisekategooria
EELIS/PostgREST,f_invelupaigad_lkoht,kaitsekategooria_selg,string,text,,Leiukoha liigi kaitsekategooria selgitus
EELIS/PostgREST,f_invelupaigad_lkoht,liigi_tyyp,string,text,,Liigi tüüp
EELIS/PostgREST,f_invelupaigad_lkoht,liigi_tyyp_selg,string,text,,Liigi tüübi selgitus
EELIS/PostgREST,f_invelupaigad_lkoht,voorliik_tyyp,string,text,,Liigi võõrliigi tüüp
EELIS/PostgREST,f_invelupaigad_lkoht,voorliik_tyyp_selg,string,text,,Liigi võõrliigi tüübi selgitus
EELIS/PostgREST,f_invelupaigad_lkoht,linnudirektiiv_kood,string,text,,Linnudirektiiv
EELIS/PostgREST,f_invelupaigad_lkoht,linnudirektiiv_selg,string,text,,Linnudirektiiv seletus
EELIS/PostgREST,f_invelupaigad_lkoht,loodusdirketiiv_kood,string,text,,Loodusdirektiiv
EELIS/PostgREST,f_invelupaigad_lkoht,loodusdirektiiv_selg,string,text,,Loodusdirektiiv seletus
EELIS/PostgREST,f_invelupaigad_lnim,id,integer,integer,,Liigi id
EELIS/PostgREST,f_invelupaigad_lnim,ladnimi,string,text,,Liigi ladina k nimetus
EELIS/PostgREST,f_invelupaigad_lnim,estnimi,string,text,,Liigi eesti k nimetus
EELIS/PostgREST,f_invelupaigad_lnim,ryhm,string,text,,Leiukoha liigi rühm
EELIS/PostgREST,f_invelupaigad_lnim,ryhm_selg,string,text,,Leiukoha liigi rühma seletus
EELIS/PostgREST,f_invelupaigad_lnim,kaitsekategooria,string,text,,Leiukoha liigi katisekategooria
EELIS/PostgREST,f_invelupaigad_lnim,kaitsekategooria_selg,string,text,,Leiukoha liigi kaitsekategooria selgitus
EELIS/PostgREST,f_invelupaigad_lnim,tyyp,string,text,,Liigi tüüp
EELIS/PostgREST,f_invelupaigad_lnim,liigi_tyyp_selg,string,text,,Liigi tüübi selgitus
EELIS/PostgREST,f_invelupaigad_lnim,voorliik_tyyp,string,text,,Liigi võõrliigi tüüp
EELIS/PostgREST,f_invelupaigad_lnim,voorliik_tyyp_selg,string,text,,Liigi võõrliigi tüübi selgitus
EELIS/PostgREST,f_invelupaigad_lnim,linnudirektiiv_kood,string,text,,Linnudirektiiv
EELIS/PostgREST,f_invelupaigad_lnim,linnudirektiiv_selg,string,text,,Linnudirektiiv seletus
EELIS/PostgREST,f_invelupaigad_lnim,loodusdirketiiv_kood,string,text,,Loodusdirektiiv
EELIS/PostgREST,f_invelupaigad_lnim,loodusdirektiiv_selg,string,text,,Loodusdirektiiv seletus
EELIS/PostgREST,f_invelupaigad_lnim,invelupaik_id,integer,integer,,Inv.elupaik ID  Note: This is a Foreign Key to `f_invelupaigad.id`.<fk table='f_invelupaigad' column='id'/>
EELIS/PostgREST,f_invelupaigad_rahvala,id,integer,integer,,Rahv.ala ID
EELIS/PostgREST,f_invelupaigad_rahvala,kood,string,text,,Kood
EELIS/PostgREST,f_invelupaigad_rahvala,nimi,string,text,,Rahv.ala nimi
EELIS/PostgREST,f_invelupaigad_rahvala,tyyp,string,text,,Rahv.ala tüüp
EELIS/PostgREST,f_invelupaigad_rahvala,tyyp_selg,string,text,,Rahv.ala tüüp selgitus
EELIS/PostgREST,f_invelupaigad_rahvala,on_regobj,boolean,boolean,,On registriobjekt JAH/EI
EELIS/PostgREST,f_invelupaigad_rahvala,kkr_kood,string,text,,KKR kood
EELIS/PostgREST,f_invelupaigad_rahvala,koostamise_kp,string,timestamp without time zone,,Koostamise kp
EELIS/PostgREST,f_invelupaigad_rahvala,kinnitamise_kp,string,timestamp without time zone,,Kinnitamise kp
EELIS/PostgREST,f_invelupaigad_rahvala,tx_markused,string,text,,Märkused
EELIS/PostgREST,f_invelupaigad_rahvala,pindala_maa,number,double precision,,Maismaa pindala (ha)
EELIS/PostgREST,f_invelupaigad_rahvala,pindala_vesi,number,double precision,,Siseveekogude pindala (ha)
EELIS/PostgREST,f_invelupaigad_rahvala,pindala_meri,number,double precision,,Mereosa pindala (ha)
EELIS/PostgREST,f_invelupaigad_rahvala,spa_klassif_kp,string,timestamp without time zone,,SPA klassifitseerimise kuupäev
EELIS/PostgREST,f_invelupaigad_rahvala,sci_esit_kp,string,timestamp without time zone,,SCI esitamise kuupäev
EELIS/PostgREST,f_invelupaigad_rahvala,sci_kinnit_kp,string,timestamp without time zone,,SCI kinnitamise kuupäev
EELIS/PostgREST,f_invelupaigad_rahvala,sac_eri_kp,string,timestamp without time zone,,SAC määramise kuupäev
EELIS/PostgREST,f_invelupaigad_rahvala,kesk_x,number,double precision,,Rahv.ala tsentroidi x-koordinaat LEST97
EELIS/PostgREST,f_invelupaigad_rahvala,kesk_y,number,double precision,,Rahv.ala tsentroidi y-koordinaat LEST97
EELIS/PostgREST,f_invelupaigad_rahvala,muut_aeg,string,timestamp without time zone,,Viimase muutmise aeg
EELIS/PostgREST,f_invelupaigad_rahvala,keht_staatus,string,text,,Kehtivuse staatus
EELIS/PostgREST,f_invelupaigad_rahvala,staatus,string,text,,Staatus
EELIS/PostgREST,f_invelupaigad_rahvala,staatus_selg,string,text,,Staatus selgitus
EELIS/PostgREST,f_invelupaigad_rahvala,muut_staatus,string,text,,Muutmise staatus
EELIS/PostgREST,f_invelupaigad_rahvala,muut_staatus_selg,string,text,,Muutmise staatus selgitus
EELIS/PostgREST,f_invelupaigad_rahvala,ehak_tekst,string,text,,EHAK koondinfo
EELIS/PostgREST,f_invelupaigad_rahvala,ehak_kood1,string,text,,EHAK kood maakond
EELIS/PostgREST,f_invelupaigad_rahvala,ehak_kood2,string,text,,EHAK kood vald
EELIS/PostgREST,f_invelupaigad_rahvala,ehak_kood3,string,text,,EHAK alamtase
EELIS/PostgREST,f_invelupaigad_rahvala,invelupaik_id,integer,integer,,Invelupaik ID  Note: This is a Foreign Key to `f_invelupaigad.id`.<fk table='f_invelupaigad' column='id'/>
EELIS/PostgREST,f_invelupaigad_veekogu,id,integer,integer,,veekogu id
EELIS/PostgREST,f_invelupaigad_veekogu,kood,string,text,,Veekogu kood
EELIS/PostgREST,f_invelupaigad_veekogu,tyyp,string,text,,Veekogu tüüp
EELIS/PostgREST,f_invelupaigad_veekogu,tyyp_selg,string,text,,Veekogu tüüp selgitus
EELIS/PostgREST,f_invelupaigad_veekogu,staatus,string,text,,Veekogu staatus
EELIS/PostgREST,f_invelupaigad_veekogu,staatus_selg,string,text,,Veekogu staatus selgitus
EELIS/PostgREST,f_invelupaigad_veekogu,keht_staatus,string,text,,Kehivuse staatus
EELIS/PostgREST,f_invelupaigad_veekogu,nimi,string,text,,Veekogu nimi
EELIS/PostgREST,f_invelupaigad_veekogu,kkr_kood,string,text,,KKR kood
EELIS/PostgREST,f_invelupaigad_veekogu,muud_nimed,string,text,,Veekogu muud nimed
EELIS/PostgREST,f_invelupaigad_veekogu,avalik_kasut,string,text,,Avalik kasutatavus
EELIS/PostgREST,f_invelupaigad_veekogu,avalik_kasut_selg,string,text,,Avalik kasutatavus selgitus
EELIS/PostgREST,f_invelupaigad_veekogu,vesikond_id,integer,integer,,Vesikond (VRD)
EELIS/PostgREST,f_invelupaigad_veekogu,vesikond_selg,string,text,,Vesikond nimi
EELIS/PostgREST,f_invelupaigad_veekogu,vesikond_kuulub_id,string,text,,Kuulub id(vesikond)
EELIS/PostgREST,f_invelupaigad_veekogu,vesikond_kuulub_nimi,string,text,,Kuulub nimi (vesikond)
EELIS/PostgREST,f_invelupaigad_veekogu,on_pandivere_pv,boolean,boolean,,Asub nitraaditundlikul alal
EELIS/PostgREST,f_invelupaigad_veekogu,tx_lisainfo,string,text,,Lisainfo
EELIS/PostgREST,f_invelupaigad_veekogu,valgla_suurus,string,text,,Valgala suurus
EELIS/PostgREST,f_invelupaigad_veekogu,valgla_suurus_selg,string,text,,Valgala suurus selgitus
EELIS/PostgREST,f_invelupaigad_veekogu,valgla_pindala,number,double precision,,Valgala pindala
EELIS/PostgREST,f_invelupaigad_veekogu,valgla_aasta,integer,integer,,Valgala aasta
EELIS/PostgREST,f_invelupaigad_veekogu,vee_pindala,number,double precision,,Veepeegli pindala
EELIS/PostgREST,f_invelupaigad_veekogu,saarte_pindala,number,double precision,,Saarte pindala
EELIS/PostgREST,f_invelupaigad_veekogu,saarte_arv,integer,integer,,Saarte arv
EELIS/PostgREST,f_invelupaigad_veekogu,kesk_sygavus,number,double precision,,Keskmine sügavus
EELIS/PostgREST,f_invelupaigad_veekogu,max_sygavus,number,double precision,,Maksimaalne sügavus
EELIS/PostgREST,f_invelupaigad_veekogu,vrd_tyyp,string,text,,Veetüüp VRD
EELIS/PostgREST,f_invelupaigad_veekogu,vrd_tyyp_selg,string,text,,Veetüüp VRD selgitus
EELIS/PostgREST,f_invelupaigad_veekogu,tx_valgala,string,text,,Valgala kirjeldus
EELIS/PostgREST,f_invelupaigad_veekogu,vv_latte_ehak_id,integer,integer,,Lätte EHAK
EELIS/PostgREST,f_invelupaigad_veekogu,vv_latte_ehak_nimi,string,text,,Lätte EHAK nimi
EELIS/PostgREST,f_invelupaigad_veekogu,vv_latte_tyyp,string,text,,Lätte tüüp
EELIS/PostgREST,f_invelupaigad_veekogu,vv_latte_tyyp_selg,string,text,,Lätte tüüp selgitus
EELIS/PostgREST,f_invelupaigad_veekogu,vv_latte_id,integer,integer,,Lätte veekogu
EELIS/PostgREST,f_invelupaigad_veekogu,vv_latte_selg,string,text,,Lätte veekogu nimi
EELIS/PostgREST,f_invelupaigad_veekogu,vv_latte_kkr,string,text,,Lätte veekogu kkr
EELIS/PostgREST,f_invelupaigad_veekogu,vv_latte_x,number,double precision,,Lätte X
EELIS/PostgREST,f_invelupaigad_veekogu,vv_latte_y,number,double precision,,Lätte Y
EELIS/PostgREST,f_invelupaigad_veekogu,vv_suub_ehak_id,integer,integer,,Suubla EHAK
EELIS/PostgREST,f_invelupaigad_veekogu,vv_suub_ehak_selg,string,text,,Suubla EHAK nimi
EELIS/PostgREST,f_invelupaigad_veekogu,vv_suub_tyyp,string,text,,Suubumise tüüp
EELIS/PostgREST,f_invelupaigad_veekogu,vv_suub_tyyp_selg,string,text,,Suubumise tüüp selgitus
EELIS/PostgREST,f_invelupaigad_veekogu,vv_suub_id,integer,integer,,Suubub veekogusse
EELIS/PostgREST,f_invelupaigad_veekogu,vv_suub_selg,string,text,,Suubub veekogusse nimi
EELIS/PostgREST,f_invelupaigad_veekogu,vv_suub_kkr,string,text,,Suubub veekogusse kkr
EELIS/PostgREST,f_invelupaigad_veekogu,vv_suub_x,number,double precision,,Suubla X
EELIS/PostgREST,f_invelupaigad_veekogu,vv_suub_y,number,double precision,,Suubla Y
EELIS/PostgREST,f_invelupaigad_veekogu,vv_suub_jark,integer,integer,,Suubumise järk
EELIS/PostgREST,f_invelupaigad_veekogu,vv_suub_suudmest,number,double precision,,Suubumiskoha kaugus põhijõe suudmest (km)
EELIS/PostgREST,f_invelupaigad_veekogu,vv_pikkus3,number,double precision,,Vooluveekogu põhitelje pikkus (km)
EELIS/PostgREST,f_invelupaigad_veekogu,vv_tx_alg_kirj,string,text,,Lähtekoha kirjeldus
EELIS/PostgREST,f_invelupaigad_veekogu,vv_tx_suub_kirj,string,text,,Suubumiskoha kirjeldus
EELIS/PostgREST,f_invelupaigad_veekogu,jv_laius,number,double precision,,Järve laius (m)
EELIS/PostgREST,f_invelupaigad_veekogu,jv_pikkus,number,double precision,,Järve pikkus (m)
EELIS/PostgREST,f_invelupaigad_veekogu,jv_kaldaj,number,double precision,,Kaldajoone pikkus (m)
EELIS/PostgREST,f_invelupaigad_veekogu,jv_maht,number,double precision,,Maht (tuh m³)
EELIS/PostgREST,f_invelupaigad_veekogu,jv_kalda_liigend,number,double precision,,Kalda liigendatus
EELIS/PostgREST,f_invelupaigad_veekogu,jv_veevahetus,number,double precision,,Veevahetus (korda aastas)
EELIS/PostgREST,f_invelupaigad_veekogu,jv_on_umbjarv,boolean,boolean,,On umbjärv
EELIS/PostgREST,f_invelupaigad_veekogu,jv_limn_tyyp,string,text,,Limnoloogiline tüüp
EELIS/PostgREST,f_invelupaigad_veekogu,jv_limn_tyyp_selg,string,text,,Limnoloogiline tüüp selgitus
EELIS/PostgREST,f_invelupaigad_veekogu,jv_veevah_skaala,string,text,,Veevahetuse skaala (järv)
EELIS/PostgREST,f_invelupaigad_veekogu,jv_veevah_skaala_selg,string,text,,Veevahetus skaala (järv) selgitus
EELIS/PostgREST,f_invelupaigad_veekogu,jv_labiv_id,integer,integer,,Läbivoolav veekogu
EELIS/PostgREST,f_invelupaigad_veekogu,jv_labiv_selg,string,text,,Läbivoolav veekogu nimi
EELIS/PostgREST,f_invelupaigad_veekogu,jv_labiv_kkr,string,text,,Läbivoolav veekogu kkr kood
EELIS/PostgREST,f_invelupaigad_veekogu,me_grupp_id,integer,integer,,Kuulub mereala juurde
EELIS/PostgREST,f_invelupaigad_veekogu,me_grupp_selg,string,text,,Mereala nimi
EELIS/PostgREST,f_invelupaigad_veekogu,me_grupp_kkr,string,text,,Mereala kkr kood
EELIS/PostgREST,f_invelupaigad_veekogu,al_tundlik_ala_id,integer,integer,,Asub olulisel allika- või karstialal
EELIS/PostgREST,f_invelupaigad_veekogu,tundlik_ala_selg,string,text,,Allika- või karstiala nimi
EELIS/PostgREST,f_invelupaigad_veekogu,tundlik_ala_kkr,string,text,,Allika- või karstiala kkr kood
EELIS/PostgREST,f_invelupaigad_veekogu,kesk_x,number,double precision,,Veekogu tsentroidi x-koordinaat
EELIS/PostgREST,f_invelupaigad_veekogu,kesk_y,number,double precision,,Veekogu tsentroidi y-koordinaat
EELIS/PostgREST,f_invelupaigad_veekogu,muut_staatus,string,text,,Menetlusfaas
EELIS/PostgREST,f_invelupaigad_veekogu,muut_staatus_selg,string,text,,Menetlusfaas selgitus
EELIS/PostgREST,f_invelupaigad_veekogu,muut_aeg,string,timestamp without time zone,,Viimase muutmise aeg
EELIS/PostgREST,f_invelupaigad_veekogu,ehak_tekst,string,text,,EHAK koondinfo
EELIS/PostgREST,f_invelupaigad_veekogu,ehak_kood1,string,text,,EHAK kood maakond
EELIS/PostgREST,f_invelupaigad_veekogu,ehak_kood2,string,text,,EHAK kood vald
EELIS/PostgREST,f_invelupaigad_veekogu,ehak_kood3,string,text,,EHAK alamtase
EELIS/PostgREST,f_invelupaigad_veekogu,invelupaik_id,integer,integer,,Invelupaik ID  Note: This is a Foreign Key to `f_invelupaigad.id`.<fk table='f_invelupaigad' column='id'/>
EELIS/PostgREST,f_jaakreostusalad,id,integer,integer,jah,ID  Note: This is a Primary Key.<pk/>
EELIS/PostgREST,f_jaakreostusalad,kkr_kood,string,text,,KKR kood
EELIS/PostgREST,f_jaakreostusalad,nimi,string,text,,Nimi
EELIS/PostgREST,f_jaakreostusalad,tyyp,string,text,,Tüübi kood
EELIS/PostgREST,f_jaakreostusalad,reost_tyyp_selg,string,text,,Tüübi selgitus
EELIS/PostgREST,f_jaakreostusalad,keht_staatus,string,text,,Kehtivuse staatus
EELIS/PostgREST,f_jaakreostusalad,staatus,integer,integer,,Staatuse kood
EELIS/PostgREST,f_jaakreostusalad,reost_staatus_selg,string,text,,Staatus
EELIS/PostgREST,f_jaakreostusalad,kuulub_id,integer,integer,,Ülemobjekti ID
EELIS/PostgREST,f_jaakreostusalad,kuulub_nimi,string,text,,Ülemobjekti nimi
EELIS/PostgREST,f_jaakreostusalad,kuulub_kkr_kood,string,text,,Ülemobjekti KKR kood
EELIS/PostgREST,f_jaakreostusalad,aastad,string,text,,Hinnangu aastad
EELIS/PostgREST,f_jaakreostusalad,reost_keskkond,string,text,,Keskkond
EELIS/PostgREST,f_jaakreostusalad,reost_keskkond_selg,string,text,,Keskkonna selgitused
EELIS/PostgREST,f_jaakreostusalad,reost_yhend,string,text,,Saasteaine
EELIS/PostgREST,f_jaakreostusalad,reost_yhend_selg,string,text,,Saastaeine selgitused
EELIS/PostgREST,f_jaakreostusalad,reost_piir,string,text,,Kasutatud piirnormid
EELIS/PostgREST,f_jaakreostusalad,reost_piir_selg,string,text,,Kasutatud piirnormide selgitused
EELIS/PostgREST,f_jaakreostusalad,on_reost_oletatav,boolean,boolean,,On tõenäoline reostus
EELIS/PostgREST,f_jaakreostusalad,tx_reostus,string,text,,Reostuse kirjeldus
EELIS/PostgREST,f_jaakreostusalad,ehak,string,text,,Kohanimi
EELIS/PostgREST,f_jaakreostusalad,ehak_id,integer,integer,,Ehak ID
EELIS/PostgREST,f_jaakreostusalad,vesikond_id,integer,integer,,Vesikond ID
EELIS/PostgREST,f_jaakreostusalad,vesikond_selg,string,text,,
EELIS/PostgREST,f_jaakreostusalad,vesikond_kuulub_id,string,text,,
EELIS/PostgREST,f_jaakreostusalad,vesikond_kuulub_nimi,string,text,,
EELIS/PostgREST,f_jaakreostusalad,ohtlikkus,string,text,,Ohtlikkus
EELIS/PostgREST,f_jaakreostusalad,ohtlikkus_selg,string,text,,Ohtlikkus selgitus
EELIS/PostgREST,f_jaakreostusalad,valdaja_kood,string,text,,Valdaja kood
EELIS/PostgREST,f_jaakreostusalad,valdaja_selg,string,text,,Valdaja nimetus
EELIS/PostgREST,f_jaakreostusalad,seotud_obj,string,text,,Seotud objekt
EELIS/PostgREST,f_jaakreostusalad,on_reostunud_ala,boolean,boolean,,On teada reostunud ala
EELIS/PostgREST,f_jaakreostusalad,on_oletatav_ala,boolean,boolean,,On teada oletatav ala
EELIS/PostgREST,f_jaakreostusalad,pindala,number,double precision,,Pindala (m²)
EELIS/PostgREST,f_jaakreostusalad,valdkond,string,text,,Valdkond kood
EELIS/PostgREST,f_jaakreostusalad,reost_valdkond_selg,string,text,,Valdkond
EELIS/PostgREST,f_jaakreostusalad,allikas,string,text,,Reostuse allikas kood
EELIS/PostgREST,f_jaakreostusalad,reost_allikas_selg,string,text,,Reostuse allikas
EELIS/PostgREST,f_jaakreostusalad,kesk_x,number,double precision,,Jääkreostusobjekti tsentroidi x-koordinaat LEST97
EELIS/PostgREST,f_jaakreostusalad,kesk_y,number,double precision,,Jääkreostusobjekti tsentroidi y-koordinaat LEST97
EELIS/PostgREST,f_jaakreostusalad,muut_aeg,string,timestamp without time zone,,Viimase muutmise aeg
EELIS/PostgREST,f_jaakreostusalad,ehak_tekst,string,text,,EHAK koondinfo
EELIS/PostgREST,f_jaakreostusalad,ehak_kood1,string,text,,EHAK kood maakond
EELIS/PostgREST,f_jaakreostusalad,ehak_kood2,string,text,,EHAK kood vald
EELIS/PostgREST,f_jaakreostusalad,ehak_kood3,string,text,,EHAK alamtase
EELIS/PostgREST,f_jaakreostusalad_alamobjekt,id,integer,integer,,Alamobjekti ID
EELIS/PostgREST,f_jaakreostusalad_alamobjekt,kkr_kood,string,text,,KKR kood
EELIS/PostgREST,f_jaakreostusalad_alamobjekt,nimi,string,text,,Nimi
EELIS/PostgREST,f_jaakreostusalad_alamobjekt,tyyp,string,text,,Tüübi kood
EELIS/PostgREST,f_jaakreostusalad_alamobjekt,reost_tyyp_selg,string,text,,Tüübi selgitus
EELIS/PostgREST,f_jaakreostusalad_alamobjekt,keht_staatus,string,text,,Kehtivuse staatus
EELIS/PostgREST,f_jaakreostusalad_alamobjekt,staatus,integer,integer,,Staatuse kood
EELIS/PostgREST,f_jaakreostusalad_alamobjekt,reost_staatus_selg,string,text,,Staatus
EELIS/PostgREST,f_jaakreostusalad_alamobjekt,kuulub_id,integer,integer,,Jääkreostusala ID  Note: This is a Foreign Key to `f_jaakreostusalad.id`.<fk table='f_jaakreostusalad' column='id'/>
EELIS/PostgREST,f_jaakreostusalad_alamobjekt,aastad,string,text,,Hinnangu aastad
EELIS/PostgREST,f_jaakreostusalad_alamobjekt,reost_keskkond,string,text,,Keskkond
EELIS/PostgREST,f_jaakreostusalad_alamobjekt,reost_keskkond_selg,string,text,,Keskkonna selgitused
EELIS/PostgREST,f_jaakreostusalad_alamobjekt,reost_yhend,string,text,,Saasteaine
EELIS/PostgREST,f_jaakreostusalad_alamobjekt,reost_yhend_selg,string,text,,Saastaeine selgitused
EELIS/PostgREST,f_jaakreostusalad_alamobjekt,reost_piir,string,text,,Kasutatud piirnormid
EELIS/PostgREST,f_jaakreostusalad_alamobjekt,reost_piir_selg,string,text,,Kasutatud piirnormide selgitused
EELIS/PostgREST,f_jaakreostusalad_alamobjekt,on_reost_oletatav,boolean,boolean,,On tõenäoline reostus
EELIS/PostgREST,f_jaakreostusalad_alamobjekt,tx_reostus,string,text,,Reostuse kirjeldus
EELIS/PostgREST,f_jaakreostusalad_alamobjekt,ehak,string,text,,Kohanimi
EELIS/PostgREST,f_jaakreostusalad_alamobjekt,ehak_id,integer,integer,,Ehak ID
EELIS/PostgREST,f_jaakreostusalad_alamobjekt,vesikond_id,integer,integer,,Vesikond ID
EELIS/PostgREST,f_jaakreostusalad_alamobjekt,ohtlikkus,string,text,,Ohtlikkus
EELIS/PostgREST,f_jaakreostusalad_alamobjekt,ohtlikkus_selg,string,text,,Ohtlikkus selgitus
EELIS/PostgREST,f_jaakreostusalad_alamobjekt,valdaja_kood,string,text,,Valdaja kood
EELIS/PostgREST,f_jaakreostusalad_alamobjekt,valdaja_selg,string,text,,Valdaja nimetus
EELIS/PostgREST,f_jaakreostusalad_alamobjekt,seotud_obj,string,text,,Seotud objekt
EELIS/PostgREST,f_jaakreostusalad_alamobjekt,on_reostunud_ala,boolean,boolean,,On teada reostunud ala
EELIS/PostgREST,f_jaakreostusalad_alamobjekt,on_oletatav_ala,boolean,boolean,,On teada oletatav ala
EELIS/PostgREST,f_jaakreostusalad_alamobjekt,pindala,number,double precision,,Pindala (m²)
EELIS/PostgREST,f_jaakreostusalad_alamobjekt,valdkond,string,text,,Valdkond kood
EELIS/PostgREST,f_jaakreostusalad_alamobjekt,reost_valdkond_selg,string,text,,Valdkond
EELIS/PostgREST,f_jaakreostusalad_alamobjekt,allikas,string,text,,Reostuse allikas kood
EELIS/PostgREST,f_jaakreostusalad_alamobjekt,reost_allikas_selg,string,text,,Reostuse allikas
EELIS/PostgREST,f_jaakreostusalad_alamobjekt,kesk_x,number,double precision,,x
EELIS/PostgREST,f_jaakreostusalad_alamobjekt,kesk_y,number,double precision,,y
EELIS/PostgREST,f_jaakreostusalad_alamobjekt,muut_aeg,string,timestamp without time zone,,Viimase muutmise aeg
EELIS/PostgREST,f_jaakreostusalad_alamobjekt,ehak_tekst,string,text,,EHAK koondinfo
EELIS/PostgREST,f_jaakreostusalad_alamobjekt,ehak_kood1,string,text,,EHAK kood maakond
EELIS/PostgREST,f_jaakreostusalad_alamobjekt,ehak_kood2,string,text,,EHAK kood vald
EELIS/PostgREST,f_jaakreostusalad_alamobjekt,ehak_kood3,string,text,,EHAK alamtase
EELIS/PostgREST,f_jaakreostusalad_ehak,id,integer,integer,,EHAK ID
EELIS/PostgREST,f_jaakreostusalad_ehak,ehak_kood,string,text,,EHAK kood
EELIS/PostgREST,f_jaakreostusalad_ehak,ehak_nimi,string,text,,EHAK nimi
EELIS/PostgREST,f_jaakreostusalad_ehak,ehak_rnimi,string,text,,EHAK rööpnimi
EELIS/PostgREST,f_jaakreostusalad_ehak,vald,string,text,,Vald nimi
EELIS/PostgREST,f_jaakreostusalad_ehak,maa,string,text,,Maakond nimi
EELIS/PostgREST,f_jaakreostusalad_ehak,tyyp,string,text,,EHAK tase
EELIS/PostgREST,f_jaakreostusalad_ehak,ehak_tyyp_selg,string,text,,EHAK tase selgitus
EELIS/PostgREST,f_jaakreostusalad_ehak,ehak_parent,string,text,,EHAK kõrgema taseme kood
EELIS/PostgREST,f_jaakreostusalad_ehak,ehak_muut_aeg,string,timestamp without time zone,,Viimase muudatuse aeg (EHAK)
EELIS/PostgREST,f_jaakreostusalad_ehak,jaakreostusala_id,integer,integer,,Jääkreostusala ID  Note: This is a Foreign Key to `f_jaakreostusalad.id`.<fk table='f_jaakreostusalad' column='id'/>
EELIS/PostgREST,f_jaakreostusalad_kandealus,kand_id,integer,integer,,Kandealus ID
EELIS/PostgREST,f_jaakreostusalad_kandealus,kand_kood,string,text,,Kandealus kood
EELIS/PostgREST,f_jaakreostusalad_kandealus,kand_tyyp,string,text,,Kandealus tüüp
EELIS/PostgREST,f_jaakreostusalad_kandealus,kand_tyyp_selg,string,text,,Kandealus tüüp selgitus
EELIS/PostgREST,f_jaakreostusalad_kandealus,kand_nimi,string,text,,Kandealus nimi
EELIS/PostgREST,f_jaakreostusalad_kandealus,kand_obj_tyyp,string,text,,Objekti tüüp (kandealus)
EELIS/PostgREST,f_jaakreostusalad_kandealus,kand_obj_tyyp_selg,string,text,,Objekti tüüp selgitus (kandealus)
EELIS/PostgREST,f_jaakreostusalad_kandealus,kand_kpv,string,timestamp without time zone,,Kandealus kuupäev
EELIS/PostgREST,f_jaakreostusalad_kandealus,kand_alusdok_id,integer,integer,,Alusdokumendi ID 
EELIS/PostgREST,f_jaakreostusalad_kandealus,kand_alusdok_nimi,string,text,,Alusdokumendi nimi
EELIS/PostgREST,f_jaakreostusalad_kandealus,kand_alusdok_alg_kehtib,string,timestamp without time zone,,Alusdokumendi kehtib alates kuupäev
EELIS/PostgREST,f_jaakreostusalad_kandealus,kand_aruanne_id,integer,integer,,Aruanne
EELIS/PostgREST,f_jaakreostusalad_kandealus,kand_aruanne_nimi,string,text,,Aruande nimi
EELIS/PostgREST,f_jaakreostusalad_kandealus,kand_aruanne_aasta,integer,integer,,Aruande aasta
EELIS/PostgREST,f_jaakreostusalad_kandealus,kand_esitamise_viis,string,text,,Esitamise viis
EELIS/PostgREST,f_jaakreostusalad_kandealus,kand_esit_viis_selg,string,text,,Esitamise viis selgitus
EELIS/PostgREST,f_jaakreostusalad_kandealus,kand_dok_kpv,string,timestamp without time zone,,Kandealus dokumendi kuupäev
EELIS/PostgREST,f_jaakreostusalad_kandealus,kand_tx_lisainfo,string,text,,Lisainfo (kandealus)
EELIS/PostgREST,f_jaakreostusalad_kandealus,kand_muut_aeg,string,timestamp without time zone,,Viimase muutmise aeg (kandealus)
EELIS/PostgREST,f_jaakreostusalad_kandealus,jaakreostusala_id,integer,integer,,Jääkreostusala ID  Note: This is a Foreign Key to `f_jaakreostusalad.id`.<fk table='f_jaakreostusalad' column='id'/>
EELIS/PostgREST,f_jaakreostusalad_kirjandus,kirj_id,integer,integer,,Kirjandus ID
EELIS/PostgREST,f_jaakreostusalad_kirjandus,tyyp,string,text,,Tüüp
EELIS/PostgREST,f_jaakreostusalad_kirjandus,kirjandus_tyyp_selg,string,text,,Kirjandus tüübi selgitus
EELIS/PostgREST,f_jaakreostusalad_kirjandus,kuulub_id,integer,integer,,Kuulub
EELIS/PostgREST,f_jaakreostusalad_kirjandus,kirj_nimi_sari,string,text,,Sarja nimi
EELIS/PostgREST,f_jaakreostusalad_kirjandus,kirj_nimi,string,text,,Teose nimi
EELIS/PostgREST,f_jaakreostusalad_kirjandus,kirj_artikkel,string,text,,Artikkel
EELIS/PostgREST,f_jaakreostusalad_kirjandus,kirj_tx_viide,string,text,,Kirjanduse viide
EELIS/PostgREST,f_jaakreostusalad_kirjandus,kirj_autor,string,text,,Teose autor
EELIS/PostgREST,f_jaakreostusalad_kirjandus,kirj_fjisik_nimi,string,text,,Autori ees- ja perekonnanimi
EELIS/PostgREST,f_jaakreostusalad_kirjandus,kirj_fjisik_nimetus,string,text,,Nimetus
EELIS/PostgREST,f_jaakreostusalad_kirjandus,valjaandja,string,text,,Teose väljaandja
EELIS/PostgREST,f_jaakreostusalad_kirjandus,valjaandja_id,integer,integer,,Teose väljaandja ID
EELIS/PostgREST,f_jaakreostusalad_kirjandus,aeg_kp,string,timestamp without time zone,,Avaldamise kuupäev (kirjandus)
EELIS/PostgREST,f_jaakreostusalad_kirjandus,kirj_aeg_aasta,integer,integer,,Avaldamise aasta (kirjandus)
EELIS/PostgREST,f_jaakreostusalad_kirjandus,aeg_kuu,integer,integer,,Avaldamise kuu (kirjandus)
EELIS/PostgREST,f_jaakreostusalad_kirjandus,teema,string,text,,Kirjanduse teemad
EELIS/PostgREST,f_jaakreostusalad_kirjandus,url,string,text,,Kirjanduse link
EELIS/PostgREST,f_jaakreostusalad_kirjandus,tx_kirjeldus,string,text,,Teose kirjeldus
EELIS/PostgREST,f_jaakreostusalad_kirjandus,tx_litsents,string,text,,Teose litsents
EELIS/PostgREST,f_jaakreostusalad_kirjandus,sisu_tyyp,string,text,,Sisu tüüp
EELIS/PostgREST,f_jaakreostusalad_kirjandus,sisu_tyyp_selg,string,text,,Sisu tüübi selgitus
EELIS/PostgREST,f_jaakreostusalad_kirjandus,tx_sisu,string,text,,Kirjanduse sisu
EELIS/PostgREST,f_jaakreostusalad_kirjandus,kirj_muut_aeg,string,timestamp without time zone,,Viimase muutmise aeg (kirjandus)
EELIS/PostgREST,f_jaakreostusalad_kirjandus,jaakreostusala_id,integer,integer,,Jääkreostusala ID  Note: This is a Foreign Key to `f_jaakreostusalad.id`.<fk table='f_jaakreostusalad' column='id'/>
EELIS/PostgREST,f_jaakreostusalad_puurauk,id,integer,integer,,ID
EELIS/PostgREST,f_jaakreostusalad_puurauk,tyyp,string,text,,Tüüp
EELIS/PostgREST,f_jaakreostusalad_puurauk,tyyp_selg,string,text,,Tüüp selgitus
EELIS/PostgREST,f_jaakreostusalad_puurauk,nimi,string,text,,Nimi
EELIS/PostgREST,f_jaakreostusalad_puurauk,keht_staatus,string,text,,Kehtivuse staatus
EELIS/PostgREST,f_jaakreostusalad_puurauk,kkr_kood,string,text,,Registrikood
EELIS/PostgREST,f_jaakreostusalad_puurauk,jaakreostusala_id,integer,integer,,Jaakreostusala  Note: This is a Foreign Key to `f_jaakreostusalad.id`.<fk table='f_jaakreostusalad' column='id'/>
EELIS/PostgREST,f_jaakreostusalad_puurauk,jaakreostusala_nimi,string,text,,Jaakreostusala nimi
EELIS/PostgREST,f_jaakreostusalad_puurauk,jaakreostusala_kkr_kood,string,text,,Jaakreostusala KKR kood
EELIS/PostgREST,f_jaakreostusalad_puurauk,veehaare_id,integer,integer,,Veehaare
EELIS/PostgREST,f_jaakreostusalad_puurauk,puurija_id,integer,integer,,Puurija
EELIS/PostgREST,f_jaakreostusalad_puurauk,puurija_nimi,string,text,,Puurija nimetus
EELIS/PostgREST,f_jaakreostusalad_puurauk,puurija_kood,string,text,,Puurija kood
EELIS/PostgREST,f_jaakreostusalad_puurauk,valdaja_id,integer,integer,,Valdaja
EELIS/PostgREST,f_jaakreostusalad_puurauk,valdaja_nimi,string,text,,Valdaja nimetus
EELIS/PostgREST,f_jaakreostusalad_puurauk,valdaja_kood,string,text,,Valdaja kood
EELIS/PostgREST,f_jaakreostusalad_puurauk,maasoojussysteem_id,integer,integer,,Kuulub maasoojussüsteemi
EELIS/PostgREST,f_jaakreostusalad_puurauk,maayksus,string,text,,Maaüksuse tunnus
EELIS/PostgREST,f_jaakreostusalad_puurauk,maayksus_nimi,string,text,,Maaüksuse nimi
EELIS/PostgREST,f_jaakreostusalad_puurauk,voond_toiteala_id,integer,integer,,Toiteala
EELIS/PostgREST,f_jaakreostusalad_puurauk,on_pandivere_pv,boolean,boolean,,Asub nitraaditundlikul alal
EELIS/PostgREST,f_jaakreostusalad_puurauk,katastri_nr,string,text,,Katastri nr
EELIS/PostgREST,f_jaakreostusalad_puurauk,pass_nr,string,text,,Pass nr
EELIS/PostgREST,f_jaakreostusalad_puurauk,invent_nr,string,text,,Inventari nr
EELIS/PostgREST,f_jaakreostusalad_puurauk,puur_nr,string,text,,Puuraugu nr
EELIS/PostgREST,f_jaakreostusalad_puurauk,seire_nr,string,text,,Seire nr
EELIS/PostgREST,f_jaakreostusalad_puurauk,akti_nr,string,text,,Akti nr
EELIS/PostgREST,f_jaakreostusalad_puurauk,kivimikiht_id,integer,integer,,Kivimikiht
EELIS/PostgREST,f_jaakreostusalad_puurauk,kivimikiht_tyyp,string,text,,Kivimikiht tüüp
EELIS/PostgREST,f_jaakreostusalad_puurauk,kivimikiht_kood,string,text,,Kivimikiht kood
EELIS/PostgREST,f_jaakreostusalad_puurauk,kivimikiht_nimi,string,text,,Kivimikiht nimi
EELIS/PostgREST,f_jaakreostusalad_puurauk,kivimikiht_nimi_en,string,text,,Kivimikiht nimi ingl k
EELIS/PostgREST,f_jaakreostusalad_puurauk,kivimikiht_tx_lisainfo,string,text,,Kivimikiht lisainfo
EELIS/PostgREST,f_jaakreostusalad_puurauk,kivimikiht_tx_leviala,string,text,,Kivimikiht leviala
EELIS/PostgREST,f_jaakreostusalad_puurauk,veekiht_nimi,string,text,,Põhjaveekihi nimetus
EELIS/PostgREST,f_jaakreostusalad_puurauk,veekiht,string,text,,Põhjaveekihi indeks
EELIS/PostgREST,f_jaakreostusalad_puurauk,veekogum,string,text,,Veekogum
EELIS/PostgREST,f_jaakreostusalad_puurauk,pohjaveekogum_id,integer,integer,,Pohjaveekogum
EELIS/PostgREST,f_jaakreostusalad_puurauk,pohjaveekogum_nimi,string,text,,Pohjaveekogumi nimi
EELIS/PostgREST,f_jaakreostusalad_puurauk,pohjaveekogum_pealmine_id,integer,integer,,Pealmine läbitav põhjaveekogum
EELIS/PostgREST,f_jaakreostusalad_puurauk,vesikond_id,integer,integer,,Vesikond
EELIS/PostgREST,f_jaakreostusalad_puurauk,arv_k_nr,string,text,,ArvKNr
EELIS/PostgREST,f_jaakreostusalad_puurauk,aruande_nr,string,text,,Aruande nr
EELIS/PostgREST,f_jaakreostusalad_puurauk,aadress,string,text,,Aadress
EELIS/PostgREST,f_jaakreostusalad_puurauk,z_abs,number,double precision,,Maapinna absoluutkõrgus (m)
EELIS/PostgREST,f_jaakreostusalad_puurauk,sygavus,number,double precision,,Sügavus (m)
EELIS/PostgREST,f_jaakreostusalad_puurauk,kasutus,string,text,,Kasutus
EELIS/PostgREST,f_jaakreostusalad_puurauk,kasutus_selg,string,text,,Kasutus selgitus
EELIS/PostgREST,f_jaakreostusalad_puurauk,rajam_kp,string,timestamp without time zone,,Rajamise kuupäev
EELIS/PostgREST,f_jaakreostusalad_puurauk,puur_aasta,integer,integer,,Puurimise aasta
EELIS/PostgREST,f_jaakreostusalad_puurauk,renov_aasta,integer,integer,,Renoveerimise aasta
EELIS/PostgREST,f_jaakreostusalad_puurauk,likv_aasta,integer,integer,,Likvideerimise aasta
EELIS/PostgREST,f_jaakreostusalad_puurauk,puur_org,string,text,,Puurinud ettevõte
EELIS/PostgREST,f_jaakreostusalad_puurauk,puur_viis,string,text,,Puurimise viis
EELIS/PostgREST,f_jaakreostusalad_puurauk,puur_viis_selg,string,text,,Puurimise viis selgitus
EELIS/PostgREST,f_jaakreostusalad_puurauk,puur_mark,string,text,,Puurmasina tüüp/mark
EELIS/PostgREST,f_jaakreostusalad_puurauk,pump_liik,string,text,,Pump. liik
EELIS/PostgREST,f_jaakreostusalad_puurauk,pump_liik_selg,string,text,,Pump. Liik selgitus
EELIS/PostgREST,f_jaakreostusalad_puurauk,pump_viis,string,text,,Pump. viis
EELIS/PostgREST,f_jaakreostusalad_puurauk,pump_viis_selg,string,text,,Pump. Viis selgitus
EELIS/PostgREST,f_jaakreostusalad_puurauk,tehn_seisund,string,text,,Tehn. seisund
EELIS/PostgREST,f_jaakreostusalad_puurauk,san_seisund,string,text,,San. seisund
EELIS/PostgREST,f_jaakreostusalad_puurauk,san_seisund_selg,string,text,,San. Seisund selgitus
EELIS/PostgREST,f_jaakreostusalad_puurauk,san_kaitseala,string,text,,San. kaitseala
EELIS/PostgREST,f_jaakreostusalad_puurauk,kesk_x,number,double precision,,Keskpunkti X-koordinaat
EELIS/PostgREST,f_jaakreostusalad_puurauk,kesk_y,number,double precision,,keskpunkti Y-koordinaat
EELIS/PostgREST,f_jaakreostusalad_puurauk,muut_aeg,string,timestamp without time zone,,Muutmise aeg
EELIS/PostgREST,f_jaakreostusalad_puurauk,ehak_tekst,string,text,,EHAK koondinfo
EELIS/PostgREST,f_jaakreostusalad_puurauk,ehak_kood1,string,text,,EHAK kood maakond
EELIS/PostgREST,f_jaakreostusalad_puurauk,ehak_kood2,string,text,,EHAK kood vald
EELIS/PostgREST,f_jaakreostusalad_puurauk,ehak_kood3,string,text,,EHAK alamtase
EELIS/PostgREST,f_jaakreostusalad_vesikond,vesikond_id,integer,integer,,Vesikond ID
EELIS/PostgREST,f_jaakreostusalad_vesikond,vesikond_id_text,string,text,,Vesikond ID (tekst)
EELIS/PostgREST,f_jaakreostusalad_vesikond,vesikond_kood_vrd,string,text,,Vesikond vrd kood
EELIS/PostgREST,f_jaakreostusalad_vesikond,vesikond_tyyp,string,text,,Vesikond tüüp
EELIS/PostgREST,f_jaakreostusalad_vesikond,vesikond_tyyp_selg,string,text,,Vesikond tüüp selgitus
EELIS/PostgREST,f_jaakreostusalad_vesikond,vesikond_nimi,string,text,,Vesikond nimi
EELIS/PostgREST,f_jaakreostusalad_vesikond,staatus,string,text,,Staatus
EELIS/PostgREST,f_jaakreostusalad_vesikond,keht_staatus,string,text,,Kehtivuse staatus
EELIS/PostgREST,f_jaakreostusalad_vesikond,kuulub_id,integer,integer,,Kuulub id (vesikond)
EELIS/PostgREST,f_jaakreostusalad_vesikond,kuulub_nimi,string,text,,Kuulub nimi (vesikond)
EELIS/PostgREST,f_jaakreostusalad_vesikond,vesikond_muut_aeg,string,timestamp without time zone,,Vesikond muutmise kp
EELIS/PostgREST,f_jaakreostusalad_vesikond,jaakreostusala_id,integer,integer,,Vesikond jaakreostusala ID  Note: This is a Foreign Key to `f_jaakreostusalad.id`.<fk table='f_jaakreostusalad' column='id'/>
EELIS/PostgREST,f_jaakreostusalad_vesikond,muut_staatus,string,text,,Muutmise staatus
EELIS/PostgREST,f_jaakreostusalad_vesikond,vesikond_pindala_km2,number,numeric,,Vesikonna pindala
EELIS/PostgREST,f_jaatmejaamad_jaatmeliigid_curr,objekti_nimetus,string,character varying,,
EELIS/PostgREST,f_jaatmejaamad_jaatmeliigid_curr,jkk_kood,string,character varying,,
EELIS/PostgREST,f_jaatmejaamad_jaatmeliigid_curr,aadress,string,character varying,,
EELIS/PostgREST,f_jaatmejaamad_jaatmeliigid_curr,x_koordinaat,integer,integer,,
EELIS/PostgREST,f_jaatmejaamad_jaatmeliigid_curr,y_koordinaat,integer,integer,,
EELIS/PostgREST,f_jaatmejaamad_jaatmeliigid_curr,kaitaja_nimi,string,character varying,,
EELIS/PostgREST,f_jaatmejaamad_jaatmeliigid_curr,komplekstegevus,string,character varying,,
EELIS/PostgREST,f_jaatmejaamad_jaatmeliigid_curr,jkk_olukord,string,character varying,,
EELIS/PostgREST,f_jaatmejaamad_jaatmeliigid_curr,loa_number,string,character varying,,
EELIS/PostgREST,f_jaatmejaamad_jaatmeliigid_curr,loa_tyyp,string,character varying,,
EELIS/PostgREST,f_jaatmejaamad_jaatmeliigid_curr,kaitluskoht_kood,string,character varying,,
EELIS/PostgREST,f_jaatmejaamad_jaatmeliigid_curr,jaatmeliik,string,character varying,,
EELIS/PostgREST,f_jaatmejaamad_jaatmeliigid_curr,jaatmeliik_kirjeldus,string,character varying,,
EELIS/PostgREST,f_jaatmejaamad_jaatmeliigid_curr,korvaldatakse_dkood,string,character varying,,
EELIS/PostgREST,f_jaatmejaamad_jaatmeliigid_curr,korvaldatakse_kogus,string,character varying,,
EELIS/PostgREST,f_jaatmejaamad_jaatmeliigid_curr,taaskasutus_rkood,string,character varying,,
EELIS/PostgREST,f_jaatmejaamad_jaatmeliigid_curr,taaskasutus_kogus,string,character varying,,
EELIS/PostgREST,f_jaatmekohad,id,integer,integer,jah,ID  Note: This is a Primary Key.<pk/>
EELIS/PostgREST,f_jaatmekohad,nimi,string,text,,Nimi
EELIS/PostgREST,f_jaatmekohad,tyyp,string,text,,Tüüp
EELIS/PostgREST,f_jaatmekohad,jaatmekoht_tyyp_selg,string,text,,Tüübi selgitus
EELIS/PostgREST,f_jaatmekohad,kkr_kood,string,text,,KKR kood
EELIS/PostgREST,f_jaatmekohad,kood,string,text,,Kood
EELIS/PostgREST,f_jaatmekohad,keht_staatus,string,text,,Kehtivuse staatus
EELIS/PostgREST,f_jaatmekohad,staatus,string,text,,Staatus 
EELIS/PostgREST,f_jaatmekohad,jaatmekoht_staatus_selg,string,text,,Staatuse selgitus
EELIS/PostgREST,f_jaatmekohad,teg_algus,string,timestamp without time zone,,Tegevuse algus
EELIS/PostgREST,f_jaatmekohad,teg_lopp,string,timestamp without time zone,,Tegevuse lõpp
EELIS/PostgREST,f_jaatmekohad,ladestus_pindala,number,double precision,,Ladestuse pindala (ha)
EELIS/PostgREST,f_jaatmekohad,ladestus_maht_max,number,double precision,,Ladestuse maht (projekteeritud max)
EELIS/PostgREST,f_jaatmekohad,kesk_x,number,double precision,,Tsentroidi x-koordinaat LEST97
EELIS/PostgREST,f_jaatmekohad,kesk_y,number,double precision,,Tsentroidi y-koordinaat LEST97
EELIS/PostgREST,f_jaatmekohad,muut_aeg,string,timestamp without time zone,,Viimase muutmise aeg
EELIS/PostgREST,f_jaatmekohad,ehak_tekst,string,text,,EHAK koondinfo
EELIS/PostgREST,f_jaatmekohad,ehak_kood1,string,text,,EHAK kood maakond
EELIS/PostgREST,f_jaatmekohad,ehak_kood2,string,text,,EHAK kood vald
EELIS/PostgREST,f_jaatmekohad,ehak_kood3,string,text,,EHAK alamtase
EELIS/PostgREST,f_jaatmekohad_kandealus,kand_id,integer,integer,,Kandealus ID
EELIS/PostgREST,f_jaatmekohad_kandealus,kand_kood,string,text,,Kandealus kood
EELIS/PostgREST,f_jaatmekohad_kandealus,kand_tyyp,string,text,,Kandealus tüüp
EELIS/PostgREST,f_jaatmekohad_kandealus,kand_tyyp_selg,string,text,,Kandealus tüüp selgitus
EELIS/PostgREST,f_jaatmekohad_kandealus,kand_nimi,string,text,,Kandealus nimi
EELIS/PostgREST,f_jaatmekohad_kandealus,kand_obj_tyyp,string,text,,Objekti tüüp (kandealus)
EELIS/PostgREST,f_jaatmekohad_kandealus,kand_obj_tyyp_selg,string,text,,Objekti tüüp selgitus (kandealus)
EELIS/PostgREST,f_jaatmekohad_kandealus,kand_kpv,string,timestamp without time zone,,Kandealus kuupäev
EELIS/PostgREST,f_jaatmekohad_kandealus,kand_alusdok_id,integer,integer,,Alusdokumendi ID 
EELIS/PostgREST,f_jaatmekohad_kandealus,kand_alusdok_nimi,string,text,,Alusdokumendi nimi
EELIS/PostgREST,f_jaatmekohad_kandealus,kand_alusdok_alg_kehtib,string,timestamp without time zone,,Alusdokumendi kehtib alates kuupäev
EELIS/PostgREST,f_jaatmekohad_kandealus,kand_aruanne_id,integer,integer,,Aruanne
EELIS/PostgREST,f_jaatmekohad_kandealus,kand_aruanne_nimi,string,text,,Aruande nimi
EELIS/PostgREST,f_jaatmekohad_kandealus,kand_aruanne_aasta,integer,integer,,Aruande aasta
EELIS/PostgREST,f_jaatmekohad_kandealus,kand_esitamise_viis,string,text,,Esitamise viis
EELIS/PostgREST,f_jaatmekohad_kandealus,kand_esit_viis_selg,string,text,,Esitamise viis selgitus
EELIS/PostgREST,f_jaatmekohad_kandealus,kand_dok_kpv,string,timestamp without time zone,,Kandealus dokumendi kuupäev
EELIS/PostgREST,f_jaatmekohad_kandealus,kand_tx_lisainfo,string,text,,Lisainfo (kandealus)
EELIS/PostgREST,f_jaatmekohad_kandealus,kand_muut_aeg,string,timestamp without time zone,,Viimase muutmise aeg (kandealus)
EELIS/PostgREST,f_jaatmekohad_kandealus,jaatmekoht_id,integer,integer,,Jäätmekoht ID  Note: This is a Foreign Key to `f_jaatmekohad.id`.<fk table='f_jaatmekohad' column='id'/>
EELIS/PostgREST,f_jaatmekohad_kandealus,fail_id,integer,integer,,Faili ID
EELIS/PostgREST,f_jaatmekohad_kirjandus,kirj_id,integer,integer,,Kirjandus ID
EELIS/PostgREST,f_jaatmekohad_kirjandus,tyyp,string,text,,Tüüp
EELIS/PostgREST,f_jaatmekohad_kirjandus,kirjandus_tyyp_selg,string,text,,Kirjandus tüübi selgitus
EELIS/PostgREST,f_jaatmekohad_kirjandus,kuulub_id,integer,integer,,Kuulub
EELIS/PostgREST,f_jaatmekohad_kirjandus,kirj_nimi_sari,string,text,,Sarja nimi
EELIS/PostgREST,f_jaatmekohad_kirjandus,kirj_nimi,string,text,,Teose nimi
EELIS/PostgREST,f_jaatmekohad_kirjandus,kirj_artikkel,string,text,,Artikkel
EELIS/PostgREST,f_jaatmekohad_kirjandus,kirj_tx_viide,string,text,,Kirjanduse viide
EELIS/PostgREST,f_jaatmekohad_kirjandus,kirj_autor,string,text,,Teose autor
EELIS/PostgREST,f_jaatmekohad_kirjandus,kirj_fjisik_nimi,string,text,,Autori ees- ja perekonnanimi
EELIS/PostgREST,f_jaatmekohad_kirjandus,kirj_fjisik_nimetus,string,text,,Nimetus
EELIS/PostgREST,f_jaatmekohad_kirjandus,valjaandja,string,text,,Teose väljaandja
EELIS/PostgREST,f_jaatmekohad_kirjandus,valjaandja_id,integer,integer,,Teose väljaandja ID
EELIS/PostgREST,f_jaatmekohad_kirjandus,aeg_kp,string,timestamp without time zone,,Avaldamise kuupäev (kirjandus)
EELIS/PostgREST,f_jaatmekohad_kirjandus,kirj_aeg_aasta,integer,integer,,Avaldamise aasta (kirjandus)
EELIS/PostgREST,f_jaatmekohad_kirjandus,aeg_kuu,integer,integer,,Avaldamise kuu (kirjandus)
EELIS/PostgREST,f_jaatmekohad_kirjandus,teema,string,text,,Kirjanduse teemad
EELIS/PostgREST,f_jaatmekohad_kirjandus,url,string,text,,Kirjanduse link
EELIS/PostgREST,f_jaatmekohad_kirjandus,tx_kirjeldus,string,text,,Teose kirjeldus
EELIS/PostgREST,f_jaatmekohad_kirjandus,tx_litsents,string,text,,Teose litsents
EELIS/PostgREST,f_jaatmekohad_kirjandus,sisu_tyyp,string,text,,Sisu tüüp
EELIS/PostgREST,f_jaatmekohad_kirjandus,sisu_tyyp_selg,string,text,,Sisu tüübi selgitus
EELIS/PostgREST,f_jaatmekohad_kirjandus,tx_sisu,string,text,,Kirjanduse sisu
EELIS/PostgREST,f_jaatmekohad_kirjandus,kirj_muut_aeg,string,timestamp without time zone,,Viimase muutmise aeg (kirjandus)
EELIS/PostgREST,f_jaatmekohad_kirjandus,jaatmekoht_id,integer,integer,,Jäätmekoht ID  Note: This is a Foreign Key to `f_jaatmekohad.id`.<fk table='f_jaatmekohad' column='id'/>
EELIS/PostgREST,f_jaatmeliikumine_fix_riik,aasta,integer,integer,,
EELIS/PostgREST,f_jaatmeliikumine_fix_riik,pohigrupp,string,character varying,,
EELIS/PostgREST,f_jaatmeliikumine_fix_riik,alamgrupp,string,character varying,,
EELIS/PostgREST,f_jaatmeliikumine_fix_riik,jaatmeliik,string,character varying,,
EELIS/PostgREST,f_jaatmeliikumine_fix_riik,jaatmeliik_nimi,string,character varying,,
EELIS/PostgREST,f_jaatmeliikumine_fix_riik,pohigrupp_nimi,string,character varying,,
EELIS/PostgREST,f_jaatmeliikumine_fix_riik,alamgrupp_nimi,string,character varying,,
EELIS/PostgREST,f_jaatmeliikumine_fix_riik,partner_riik_nimi,string,character varying,,
EELIS/PostgREST,f_jaatmeliikumine_fix_riik,ohtlik_lipp,string,text,,
EELIS/PostgREST,f_jaatmeliikumine_fix_riik,biojaatmed_lipp,string,text,,
EELIS/PostgREST,f_jaatmeliikumine_fix_riik,reoveesetted_lipp,string,text,,
EELIS/PostgREST,f_jaatmeliikumine_fix_riik,metallijaatmed_lipp,string,text,,
EELIS/PostgREST,f_jaatmeliikumine_fix_riik,probleemtooted_lipp,string,text,,
EELIS/PostgREST,f_jaatmeliikumine_fix_riik,riik,string,character varying,,
EELIS/PostgREST,f_jaatmeliikumine_fix_riik,yhte_liiki_tegevus,string,character varying,,
EELIS/PostgREST,f_jaatmeliikumine_fix_riik,komplekstegevus,string,character varying,,
EELIS/PostgREST,f_jaatmeliikumine_fix_riik,materjali_kood,integer,integer,,
EELIS/PostgREST,f_jaatmeliikumine_fix_riik,materjali_nimetus,string,character varying,,
EELIS/PostgREST,f_jaatmeliikumine_fix_riik,maht_liik,string,text,,
EELIS/PostgREST,f_jaatmeliikumine_fix_riik,maht,number,double precision,,
EELIS/PostgREST,f_jahiala,id,integer,integer,jah,Jahiala unikaalne id  Note: This is a Primary Key.<pk/>
EELIS/PostgREST,f_jahiala,id_text,string,character varying,,Jahiala unikaalne id tekstikujul (sisaldumisfiltreerimise jaoks)
EELIS/PostgREST,f_jahiala,kkr_kood,string,character varying,,Jahiala registrikood
EELIS/PostgREST,f_jahiala,on_regobj,boolean,boolean,,Kas jahiala on registreeritud registris
EELIS/PostgREST,f_jahiala,tyyp,string,character varying,,Jahiala tüüp
EELIS/PostgREST,f_jahiala,nimi,string,character varying,,Jahiala nimetus
EELIS/PostgREST,f_jahiala,staatus,string,character varying,,"Jahiala staatus, konstant Kinnitatud"
EELIS/PostgREST,f_jahiala,statistika_kood,string,character varying,,"Jahiala põhimaakonna kood (sisestatud andmed), nt 0050"
EELIS/PostgREST,f_jahiala,ehak_text,string,text,,Jahiala kõik asulad koos omavalitsuse ja maakonnaga (üldisemalt täpsemale) semikoolon-eraldatult
EELIS/PostgREST,f_jahiala,ehak_kood1,string,text,,Jahiala kõigi maakondade koodid semikoolon-eraldatult
EELIS/PostgREST,f_jahiala,ehak_kood2,string,text,,Jahiala kõigi omavalitsuste koodid semikoolon-eraldatult
EELIS/PostgREST,f_jahiala,ehak_kood3,string,text,,Jahiala kõigi asulate koodid semikoolon-eraldatult
EELIS/PostgREST,f_jahiala,x,integer,integer,,"EST97 (SRID 3301) northing axe (kasvab põhjasuunas, 6383299-6603022)"
EELIS/PostgREST,f_jahiala,y,integer,integer,,"EST97 (SRID 3301) easting axe (kasvab idasuunas, 379733-729788)"
EELIS/PostgREST,f_jahiala,tx_info,string,text,,Jahiala täiendav info
EELIS/PostgREST,f_jahiala,pindala_ha,number,numeric,,"Sisestatud pindala hektarites, 2 kohta peale koma"
EELIS/PostgREST,f_jahiala,muutmisaeg_kp,string,date,,Jahiala viimase muutmise kuupäev
EELIS/PostgREST,f_jahiala_dokument,dok_id,integer,integer,,Jahialaga seotud dokumenti id
EELIS/PostgREST,f_jahiala_dokument,dok_pealkiri,string,text,,Jahialaga seotud dokumendi pealkiri
EELIS/PostgREST,f_jahiala_dokument,dok_url,string,text,,Jahialaga seotud dokumendi URL
EELIS/PostgREST,f_jahiala_dokument,dok_alg_kp,string,date,,Jahialaga seotud dokumendi kehtivuse alguskuupäev
EELIS/PostgREST,f_jahiala_dokument,dok_alg_kehtib,string,date,,Jahialaga seotud dokumendi kehtivuse staatus
EELIS/PostgREST,f_jahiala_dokument,dok_lopp_kp,string,date,,Jahialaga seotud dokumendi kehtivuse lõppkuupäev
EELIS/PostgREST,f_jahiala_dokument,dok_number,string,character varying,,Jahialaga seotud dokumendi number
EELIS/PostgREST,f_jahiala_dokument,jahiala_id,integer,integer,,Viide jahialale (id)  Note: This is a Foreign Key to `f_jahiala.id`.<fk table='f_jahiala' column='id'/>
EELIS/PostgREST,f_jahiala_kandealus,kandealus_id,integer,integer,,Jahiala kandealuse id
EELIS/PostgREST,f_jahiala_kandealus,kandealus_tyyp,string,character varying,,Jahiala kandealuse tüüp
EELIS/PostgREST,f_jahiala_kandealus,kandealus_nimi,string,character varying,,Jahiala kandealuse nimetus
EELIS/PostgREST,f_jahiala_kandealus,kandealus_kp,string,date,,Jahiala kandealuse kuupäev
EELIS/PostgREST,f_jahiala_kandealus,kandealus_alusdok_id,integer,integer,,Jahiala kandealuse alusdokumendi id
EELIS/PostgREST,f_jahiala_kandealus,kandealus_kood,string,character varying,,Jahiala kandealuse kood
EELIS/PostgREST,f_jahiala_kandealus,kandealus_saatja_id,number,numeric,,Jahiala kandealuse saatja id
EELIS/PostgREST,f_jahiala_kandealus,jahiala_id,integer,integer,,Viide jahialale (id)  Note: This is a Foreign Key to `f_jahiala.id`.<fk table='f_jahiala' column='id'/>
EELIS/PostgREST,f_jahiala_seirejaam,seirejaam_id,integer,integer,,Jahialal asetseva seirejaama id
EELIS/PostgREST,f_jahiala_seirejaam,seirejaam_kkr_kood,string,character varying,,Jahialal asetseva seirejaama registri kood
EELIS/PostgREST,f_jahiala_seirejaam,seirejaam_nimi,string,text,,Jahialal asetseva seirejaama nimi
EELIS/PostgREST,f_jahiala_seirejaam,seirejaam_on_regobj,boolean,boolean,,Kas jahialal asetsev seirejaam on registri objekt
EELIS/PostgREST,f_jahiala_seirejaam,seirejaam_staatus,string,character varying,,Jahiala asetseva seirejaama staatus
EELIS/PostgREST,f_jahiala_seirejaam,on_salastatud,boolean,boolean,,Kas jahialal asetsev seirejaam on salastatud
EELIS/PostgREST,f_jahiala_seirejaam,jahiala_id,integer,integer,,Viide jahialale (id)  Note: This is a Foreign Key to `f_jahiala.id`.<fk table='f_jahiala' column='id'/>
EELIS/PostgREST,f_jkkregister_curr,kaitise_kood,string,character varying,,
EELIS/PostgREST,f_jkkregister_curr,objekti_nimetus,string,character varying,,
EELIS/PostgREST,f_jkkregister_curr,jkk_kood,string,character varying,,
EELIS/PostgREST,f_jkkregister_curr,aadress,string,character varying,,
EELIS/PostgREST,f_jkkregister_curr,ehak_kood,string,character varying,,
EELIS/PostgREST,f_jkkregister_curr,emtak_kood,string,character varying,,
EELIS/PostgREST,f_jkkregister_curr,emtak_nimetus,string,text,,
EELIS/PostgREST,f_jkkregister_curr,x_koordinaat,integer,integer,,
EELIS/PostgREST,f_jkkregister_curr,y_koordinaat,integer,integer,,
EELIS/PostgREST,f_jkkregister_curr,longitude,number,double precision,,
EELIS/PostgREST,f_jkkregister_curr,latitude,number,double precision,,
EELIS/PostgREST,f_jkkregister_curr,kataster,string,character varying,,
EELIS/PostgREST,f_jkkregister_curr,eprtr_pohitegevus,string,character varying,,
EELIS/PostgREST,f_jkkregister_curr,eprtr_lisategevused,string,character varying,,
EELIS/PostgREST,f_jkkregister_curr,keskkonnalubade_numbrid_str,string,text,,
EELIS/PostgREST,f_jkkregister_curr,keskkonnalubade_numbrid_arr,array,text[],,
EELIS/PostgREST,f_jkkregister_curr,kaitaja_nimi,string,character varying,,
EELIS/PostgREST,f_jkkregister_curr,kaitaja_kood,string,character varying,,
EELIS/PostgREST,f_jkkregister_curr,komplekstegevus,string,character varying,,
EELIS/PostgREST,f_jkkregister_curr,komplekstegevus_selg,string,text,,
EELIS/PostgREST,f_jkkregister_curr,komplekst_nimi_et,string,character varying,,
EELIS/PostgREST,f_jkkregister_curr,komplekst_nimi_en,string,character varying,,
EELIS/PostgREST,f_jkkregister_curr,tegevus,string,character varying,,
EELIS/PostgREST,f_jkkregister_curr,tegevus_selg,string,text,,
EELIS/PostgREST,f_jkkregister_curr,tyybile_vastav_nimi_ee,string,character varying,,
EELIS/PostgREST,f_jkkregister_curr,tyybile_vastav_nimi_en,string,character varying,,
EELIS/PostgREST,f_jkkregister_curr,tegevuse_tapsustus,string,character varying,,
EELIS/PostgREST,f_jkkregister_curr,jaatmete_kaitlemine,string,character varying,,
EELIS/PostgREST,f_jkkregister_curr,tegevuse_algus,string,date,,
EELIS/PostgREST,f_jkkregister_curr,tegevuse_lopp,string,date,,
EELIS/PostgREST,f_jkkregister_curr,jkk_olukord,string,character varying,,
EELIS/PostgREST,f_jkkregister_curr,kehtivus_staatus,string,text,,
EELIS/PostgREST,f_jkkregister_curr,muudetud,string,timestamp with time zone,,
EELIS/PostgREST,f_jkkregister_curr,eprtr_kood,string,character varying,,
EELIS/PostgREST,f_jkkregister_curr,teised_aadressid,string,character varying,,
EELIS/PostgREST,f_jkkregister_curr,teised_katastrid,string,character varying,,
EELIS/PostgREST,f_jkkregister_curr,z_inspire_id,string,character varying,,
EELIS/PostgREST,f_jkkregister_curr,ov_kood,string,character varying,,
EELIS/PostgREST,f_jkkregister_curr,ov_nimi,string,character varying,,
EELIS/PostgREST,f_jkkregister_curr,mk_kood,string,character varying,,
EELIS/PostgREST,f_jkkregister_curr,mk_nimi,string,character varying,,
EELIS/PostgREST,f_keskkonnaseire,seiretoo_seotud_programmi_kood_i,string,text,,
EELIS/PostgREST,f_keskkonnaseire,seiretoo_seotud_programmi_nimi_i,string,text,,
EELIS/PostgREST,f_keskkonnaseire,seiretoo_seotud_programmi_kood_ii,string,text,,
EELIS/PostgREST,f_keskkonnaseire,seiretoo_seotud_programmi_nimi_ii,string,text,,
EELIS/PostgREST,f_keskkonnaseire,seiretoo_seotud_programmi_kood_iii,string,text,,
EELIS/PostgREST,f_keskkonnaseire,seiretoo_seotud_programmi_nimi_iii,string,text,,
EELIS/PostgREST,f_keskkonnaseire,seiretoo_seotud_programmi_kood_iv,string,text,,
EELIS/PostgREST,f_keskkonnaseire,seiretoo_seotud_programmi_nimi_iv,string,text,,
EELIS/PostgREST,f_keskkonnaseire,seiretoo_vastutav_partner,string,character varying,,Seiretöö eest vastutav lepinguline partner
EELIS/PostgREST,f_keskkonnaseire,seiretoo_kood,string,character varying,,Unikaalne seiretöö kood
EELIS/PostgREST,f_keskkonnaseire,seiretoo_nimetus,string,character varying,,Viitab seiretöö sisule ning teostamise perioodile
EELIS/PostgREST,f_keskkonnaseire,seiretoo_staatus,string,character varying,,Kas on juba teostatud /lõppenud seiretöö
EELIS/PostgREST,f_keskkonnaseire,seiretoo_staatus_selg,string,text,,Kas on juba teostatud /lõppenud seiretöö
EELIS/PostgREST,f_keskkonnaseire,seiretoo_liik,string,character varying,,Kodeeritud seiretöö staatus
EELIS/PostgREST,f_keskkonnaseire,seiretoo_liik_selg,string,text,,Seiretöö staatus
EELIS/PostgREST,f_keskkonnaseire,seiretoo_taitmise_viis,string,character varying,,Kodeeritud seiretöö täitmise viis
EELIS/PostgREST,f_keskkonnaseire,seiretoo_algusaasta,integer,integer,,"Aasta, millal seiretöö algas"
EELIS/PostgREST,f_keskkonnaseire,seiretoo_loppaasta,integer,integer,,"Aasta, millal seiretöö lõppes"
EELIS/PostgREST,f_keskkonnaseire,naitaja_grupp,string,character varying,,"Näitajate grupp, kuhu näitaja kuulub"
EELIS/PostgREST,f_keskkonnaseire,naitaja_grupp_selg,string,text,,"Näitajate grupp, kuhu näitaja kuulub"
EELIS/PostgREST,f_keskkonnaseire,naitaja_alamgrupp,string,text,,"Näitajate alamgrupp, kuhu näitaja kuulub"
EELIS/PostgREST,f_keskkonnaseire,naitaja_alamgrupp_selg,string,text,,"Näitajate alamgrupp, kuhu näitaja kuulub"
EELIS/PostgREST,f_keskkonnaseire,naitaja_kood,string,character varying,,Näitaja Keskkonnaseire infosüsteemi (KESE) kood
EELIS/PostgREST,f_keskkonnaseire,naitaja_nimetus,string,character varying,,Näitaja nimetus
EELIS/PostgREST,f_keskkonnaseire,naitaja_lyhend,string,character varying,,Näitaja nimetuse lühend
EELIS/PostgREST,f_keskkonnaseire,naitaja_cas_nr,string,character varying,,Näitaja Chemical Abstracts Service (CAS) number
EELIS/PostgREST,f_keskkonnaseire,naitaja_einecs_kood,string,character varying,,Näitaja Euroopa kaubanduslike keemiliste ainete loetelu kood
EELIS/PostgREST,f_keskkonnaseire,naitaja_proovimaatriks,string,character varying,,"Proovimaatriks, kuhu näitaja kuulub"
EELIS/PostgREST,f_keskkonnaseire,naitaja_proovimaatriks_nimi,string,character varying,,"Proovimaatriksi nimetus, kuhu näitaja kuulub"
EELIS/PostgREST,f_keskkonnaseire,seotud_2_taseme_naitajate_koodid,string,text,,Näitajaga seotud agregeeritud näitaja Keskkonnaseire infosüsteemi (KESE) kood
EELIS/PostgREST,f_keskkonnaseire,vaartus_staatus,string,character varying,,"Väärtuse staatus, mis näitab, et tegu on valideeritud näitaja väärtusega"
EELIS/PostgREST,f_keskkonnaseire,vaartus_arv_moodetud,number,numeric,,Mõõdetud arvulise näitaja väärtus
EELIS/PostgREST,f_keskkonnaseire,vaartus_erimark,string,character varying,,Väärtusega kaasnev erimärk (> - väiksem kui ja < - suurem kui) või Jah/EI
EELIS/PostgREST,f_keskkonnaseire,naitaja_abr_unit,string,character varying,,Väärtuse ühik
EELIS/PostgREST,f_keskkonnaseire,naitaja_abr_unit_selg,string,character varying,,Väärtuse  ühiku abreviatuuri selgitus
EELIS/PostgREST,f_keskkonnaseire,vaartus_muu,string,text,,Muu pole mainitud näitaja väärtus
EELIS/PostgREST,f_keskkonnaseire,vaartus_muu_tapsustus,string,text,,"Väärtus (muud, täpsustus)"
EELIS/PostgREST,f_keskkonnaseire,vaartus_tapsustus_extra_arv,number,double precision,,"Väärtus (muud, lisatäpsustus, arv)"
EELIS/PostgREST,f_keskkonnaseire,vaartus_tapsustus_extra_tekst,string,character varying,,Väärtuse sõnaline täpsustus
EELIS/PostgREST,f_keskkonnaseire,vaartus_maaramistapsus,number,numeric,,Väärtuse mõõdetud määramistäpsustus
EELIS/PostgREST,f_keskkonnaseire,vaartus_mootmata,boolean,boolean,,Väärtusega kaasnev täpsustus (mõõdetud või mõõtmata)
EELIS/PostgREST,f_keskkonnaseire,vaartus_meetod_tapsustus,string,character varying,,Väärtuse määramisel kasutatud meetodi täpsustus
EELIS/PostgREST,f_keskkonnaseire,vaartus_muutmise_kpv,string,date,,Väärtuse viimase muutmise kuupäev (kuupäeva täpsusega)
EELIS/PostgREST,f_keskkonnaseire,vaartus_maaramispiir,number,numeric,,"Näitaja väikseim kontsentratsioon, mida saab standardkatsete abil mõõta"
EELIS/PostgREST,f_keskkonnaseire,proovi_vaatluse_kood,string,character varying,,Keskkonnaseire infosüsteemi (KESE) proovi või vaatluse kood
EELIS/PostgREST,f_keskkonnaseire,seireaeg_algus,string,timestamp without time zone,,Seireaja algus (aeg sekundite täpsusega)
EELIS/PostgREST,f_keskkonnaseire,seireaeg_lopp,string,timestamp without time zone,,Seireaja lõpp (sekundite täpsusega)
EELIS/PostgREST,f_keskkonnaseire,seireaeg_tapsustus,string,character varying,,Seireaja sõnaline täpsustus
EELIS/PostgREST,f_keskkonnaseire,proov_vaatlus_koordx,number,numeric,,Proovi võtmise või vaatluse teostamise asukoha koordinaat X (L-EST)
EELIS/PostgREST,f_keskkonnaseire,proov_vaatlus_koordy,number,numeric,,Proovi võtmise või vaatluse teostamise asukoha koordinaat Y (L-EST)
EELIS/PostgREST,f_keskkonnaseire,proovi_vaatluse_doknr,string,character varying,,Prooviprotokolli või vaatluslehe number
EELIS/PostgREST,f_keskkonnaseire,proov_vaatlus_kirjeldus,string,text,,Proovi või vaatlusega seotud kirjeldus
EELIS/PostgREST,f_keskkonnaseire,proov_vaatlus_mullatyyp,string,character varying,,Proovi või vaatlusega seotud mulla proovi tüüp
EELIS/PostgREST,f_keskkonnaseire,proov_vaatlus_mullatyyp_selg,string,text,,Proovi või vaatlusega seotud mulla proovi tüüp
EELIS/PostgREST,f_keskkonnaseire,proov_vaatlus_mullahorisont,string,character varying,,Proovi või vaatlusega seotud mulla horisont
EELIS/PostgREST,f_keskkonnaseire,mullaproov_sygavus,string,character varying,,Mullaproovi arvutatud sügavus sentimeetrites
EELIS/PostgREST,f_keskkonnaseire,proovivotu_sygavus,string,character varying,,"Proovivõtu sügavus, mõõteühik varieerub sõltuvalt meetodist"
EELIS/PostgREST,f_keskkonnaseire,proovivott_meetod_kood,string,character varying,,Proovivõtu meetodi kood
EELIS/PostgREST,f_keskkonnaseire,proovivotu_meetod,string,character varying,,Proovivõtu meetodi nimetus
EELIS/PostgREST,f_keskkonnaseire,proovivott_meetod_allikas,string,text,,Proovivõtu meetodi alusallikas
EELIS/PostgREST,f_keskkonnaseire,proovivott_meetod_toojuhend_nr,string,character varying,,Proovivõtu meetodiga kaasneva tööjuhendi number
EELIS/PostgREST,f_keskkonnaseire,proovivott_meetod_toojuhend_nimi,string,character varying,,Proovivõtu meetodiga kaasneva tööjuhendi nimetus
EELIS/PostgREST,f_keskkonnaseire,proovivott_meetod_proovivotu_sygavus,string,character varying,,"Proovivõtu meetodi proovivõtu sügavus, mõõteühik varieerub sõltuvalt meetodist"
EELIS/PostgREST,f_keskkonnaseire,proovivott_meetod_proovivotu_liik,string,character varying,,Proovivõtu meetodi proovivõtu liik
EELIS/PostgREST,f_keskkonnaseire,proovivott_meetod_proovivotu_liik_selg,string,text,,Proovivõtu meetodi proovivõtu liik
EELIS/PostgREST,f_keskkonnaseire,proovivott_meetod_kirjeldus,string,character varying,,Proovivõtu meetodi kirjeldus
EELIS/PostgREST,f_keskkonnaseire,proovivott_meetod_standardi_nr,string,character varying,,Proovivõtu meetodi standardi number
EELIS/PostgREST,f_keskkonnaseire,analyys_meetod_kood,string,character varying,,Analüüsimeetodi unikaalne Keskkonnaseire infosüsteemi (KESE) kood
EELIS/PostgREST,f_keskkonnaseire,analyys_meetod_nimi,string,character varying,,Analüüsimeetodi nimi
EELIS/PostgREST,f_keskkonnaseire,analyys_meetod_tyyp,string,character varying,,Analüüsimeetodi tüüp
EELIS/PostgREST,f_keskkonnaseire,analyys_meetod_tyyp_selg,string,text,,Analüüsimeetodi tüüp
EELIS/PostgREST,f_keskkonnaseire,analyys_meetod_toojuhend_nr,string,character varying,,Analüüsimeetodiga kaasneva tööjuhendi number
EELIS/PostgREST,f_keskkonnaseire,analyys_meetod_toojuhend_nimi,string,character varying,,Analüüsimeetodi kaasneva tööjuhendi nimi
EELIS/PostgREST,f_keskkonnaseire,analyys_meetod_allikas,string,text,,Analüüsimeetodi alusallikas
EELIS/PostgREST,f_keskkonnaseire,analyys_meetod_standardi_nr,string,text,,Analüüsimeetodi standardi number
EELIS/PostgREST,f_keskkonnaseire,analyys_aeg,string,timestamp without time zone,,Laborianalüüsi laboriaeg sekundi täpsusega
EELIS/PostgREST,f_keskkonnaseire,proovi_seos_vaatlusega,string,character varying,,"Vaatluse kood proovil, mis seob proovi ja vaatluse omavahel"
EELIS/PostgREST,f_keskkonnaseire,seotud_vaatluse_kood,string,character varying,,Peavaatluse unikaalne Keskkonnaseire infosüsteemi (KESE) kood
EELIS/PostgREST,f_keskkonnaseire,vaatlusgrupp,string,character varying,,Vaatlusgruppi kood
EELIS/PostgREST,f_keskkonnaseire,vaatlusgrupp_selg,string,text,,Vaatlusgrupp
EELIS/PostgREST,f_keskkonnaseire,seirekoht_kood,string,character varying,,Seirekoha Keskkonnaregistri (KKR) kood
EELIS/PostgREST,f_keskkonnaseire,seirekoht_ehak,string,character varying,,Seirekoha Eesti haldus- ja asustusjaotuse klassifikaatori (EHAK) kood
EELIS/PostgREST,f_keskkonnaseire,seirekoht_ehak_tekst,string,text,,Seirekoha Eesti haldus- ja asustusjaotuse klassifikaatori (EHAK) koodi sõnaline täpsustus
EELIS/PostgREST,f_keskkonnaseire,seirekoht_nimi,string,character varying,,Seirekoha nimi
EELIS/PostgREST,f_keskkonnaseire,seirekoht_eelis_id,number,numeric,,Seirekoha unikaalne Eesti looduse infosüsteemi (EELIS) ID
EELIS/PostgREST,f_keskkonnaseire,seirekoht_tase,string,character varying,,"Seirekoha taseme lühend või salastatuse korral ""xxxx"""
EELIS/PostgREST,f_keskkonnaseire,seirekoht_tase_selg,string,text,,"Seirekoha tase või salastatuse korral ""xxxx"""
EELIS/PostgREST,f_keskkonnaseire,seirekoht_staatus,string,character varying,,Seirekoha staatus
EELIS/PostgREST,f_keskkonnaseire,seirekoht_staatus_selg,string,text,,Seirekoha staatus
EELIS/PostgREST,f_keskkonnaseire,seirekoht_koordx,number,double precision,,Seirekoha koordinaat X (L-EST)
EELIS/PostgREST,f_keskkonnaseire,seirekoht_koordy,number,double precision,,Seirekoha koordinaat Y (L-EST)
EELIS/PostgREST,f_keskkonnaseire,seirekoht_seotud_seirejaam_kood,string,character varying,,"Seirekohaga seotud seirejaama Keskkonnaregistri (KKR) kood, mille alla mõõtekoht kuulub"
EELIS/PostgREST,f_keskkonnaseire,seirekoht_seotud_seirejaam_eelis_id,number,numeric,,"Seirekohaga seotud seirejaama Eesti looduse infosüsteemi (EELIS) ID, mille alla mõõtekoht kuulub"
EELIS/PostgREST,f_keskkonnaseire,seirekoht_seotud_seirejaam_ehak_tekst,string,text,,"Seirekohaga seotud seirejaama Eesti haldus- ja asustusjaotuse klassifikaatori (EHAK) koodi sõnaline täpsustus, mille alla mõõtekoht kuulub"
EELIS/PostgREST,f_keskkonnaseire,seirekoht_seotud_seirejaam_nimi,string,character varying,,"Seirekohaga seotud seirejaama nimi, mille alla mõõtekoht kuulub"
EELIS/PostgREST,f_keskkonnaseire,seirekoht_seotud_seirejaam_koordx,number,double precision,,Seirekohaga seotud seirejaama X koordinaat (L-EST)
EELIS/PostgREST,f_keskkonnaseire,seirekoht_seotud_seirejaam_koordy,number,double precision,,Seirekohaga seotud seirejaama Y koordinaat (L-EST)
EELIS/PostgREST,f_keskkonnaseire,veekogu_kood,string,character varying,,"Veekogu Keskkonnaregistri (KKR) kood, millega seirekoht on seotud"
EELIS/PostgREST,f_keskkonnaseire,veekogu_nimi,string,character varying,,"Veekogu nimi, millega seirekoht on seotud"
EELIS/PostgREST,f_keskkonnaseire,veekogu_eelis_id,number,numeric,,"Veekogu, millega mõõtekoht on seotud, unikaalne Eesti looduse infosüsteemi (EELIS) ID"
EELIS/PostgREST,f_keskkonnaseire,veekogum_kood,string,character varying,,Veekogumi kood
EELIS/PostgREST,f_keskkonnaseire,veekogum_nimi,string,character varying,,Veekogumi nimi
EELIS/PostgREST,f_keskkonnaseire,veekogum_eelis_id,number,numeric,,Veekogumi unikaalne Eesti looduse infosüsteemi (EELIS) ID
EELIS/PostgREST,f_keskkonnaseire,seirekogum_kood,string,character varying,,Seirekogumi unikaalne kood
EELIS/PostgREST,f_keskkonnaseire,seirekogum_nimi,string,character varying,,Seirekogumi nimi
EELIS/PostgREST,f_keskkonnaseire,seirekogum_eelis_id,number,numeric,,Seirekogumi unikaalne Eesti looduse infosüsteemi (EELIS) ID
EELIS/PostgREST,f_keskkonnaseire,seirekogum_tyyp,string,character varying,,Seirekogumi tüüp
EELIS/PostgREST,f_keskkonnaseire,liik_eelis_id,integer,bigint,,Liigi Eesti looduse infosüsteemi (EELIS) ID
EELIS/PostgREST,f_keskkonnaseire,liik_est,string,character varying,,Liigi eestikeelne nimi
EELIS/PostgREST,f_keskkonnaseire,liik_lad,string,character varying,,Liigi ladinakeelne nimi
EELIS/PostgREST,f_keskkonnaseire,liik_kategooria,string,character varying,,Liigi kaitsekategooria
EELIS/PostgREST,f_keskkonnaseire,takson_eelis_id,number,numeric,,Taksoni Eesti looduse infosüsteemi (EELIS) ID
EELIS/PostgREST,f_keskkonnaseire,takson_est,string,character varying,,Taksoni eestikeelne nimi
EELIS/PostgREST,f_keskkonnaseire,takson_lad,string,character varying,,Taksoni ladinakeelne nimi
EELIS/PostgREST,f_keskkonnaseire,takson_tyyp,string,character varying,,Taksoni tüüp
EELIS/PostgREST,f_keskkonnaseire,takson_tyyp_selg,string,text,,Taksoni tüüp
EELIS/PostgREST,f_keskkonnaseire,puurauk_kood,string,character varying,,Puuraugu kood
EELIS/PostgREST,f_keskkonnaseire,puurauk_eelis_id,number,numeric,,Puuraugu Eesti looduse infosüsteemi (EELIS) ID
EELIS/PostgREST,f_keskkonnaseire,puurauk_staatus,string,character varying,,Puuraugu staatus
EELIS/PostgREST,f_keskkonnaseire,puurauk_staatus_selg,string,text,,Puuraugu staatus
EELIS/PostgREST,f_keskkonnaseire,puurauk_sygavus,number,numeric,,Puuraugu sügavus meetrites
EELIS/PostgREST,f_keskkonnaseire,puurauk_pohjaveekiht,string,character varying,,Puuraugu põhjaveekihi lühend
EELIS/PostgREST,f_keskkonnaseire,pohjaveekogum_kood,string,character varying,,Põhjaveekogumi kood
EELIS/PostgREST,f_keskkonnaseire,pohjaveekogum_nimi,string,character varying,,Põhjaveekogumi nimi
EELIS/PostgREST,f_keskkonnaseire,pohjaveekogum_eelis_id,number,numeric,,Põhjaveekogumi Eesti looduse infosüsteemi (EELIS) ID
EELIS/PostgREST,f_keskkonnaseire,isend_nr,string,character varying,,Isendi number
EELIS/PostgREST,f_keskkonnaseire,labor_dok_nr,string,character varying,,Labori dok. nr
EELIS/PostgREST,f_keskkonnaseire,proovivotuseade,string,character varying,,Proovivõtuseade
EELIS/PostgREST,f_keskkonnaseire,proovivott_meetod_proovivotu_sygavus_selg,string,text,,Proovivõtu meetodi proovivõtu sügavuse selgitus
EELIS/PostgREST,f_keskkonnaseire,pyygivahend_silmasuurus,number,numeric,,Püügivahendi silmasuurus
EELIS/PostgREST,f_keskkonnaseire,osa_saagist,string,character varying,,Osa saagist
EELIS/PostgREST,f_keskkonnaseire,pyygireis_nr,string,text,,Püügireisi nr
EELIS/PostgREST,f_keskkonnaseire,traal_tombe_nr,integer,integer,,Traali tõmbe nr
EELIS/PostgREST,f_keskkonnaseire,traal_tombe_kestvus,integer,integer,,Traali tõmbe kestvus
EELIS/PostgREST,f_keskkonnaseire,kordsus,integer,integer,,Kordsus
EELIS/PostgREST,f_keskkonnaseire,seireala_pindala,number,numeric,,Seireala pindala
EELIS/PostgREST,f_keskkonnaseire,mootemaaramatus,number,numeric,,Mõõtemääramatus
EELIS/PostgREST,f_keskkonnaseire,maaramatus_kommentaar,string,character varying,,Määramatuse kommentaar
EELIS/PostgREST,f_keskkonnaseire,viimane_kommentaar_vaartuse_juures,string,character varying,,Viimane kommentaar väärtuse juures
EELIS/PostgREST,f_keskkonnaseire,analyys_meetod_standard,string,character varying,,Analüüsimeetodi  standard
EELIS/PostgREST,f_keskkonnaseire,vaatleja_eelis_id,string,text,,Vaatleja Eesti looduse infosüsteemi (EELIS) ID
EELIS/PostgREST,f_keskkonnaseire,vastutav_isik,string,text,,Vastutav isik
EELIS/PostgREST,f_keskkonnaseire,proovivotja_vaatleja,string,text,,Proovivõtja / vaatlejad
EELIS/PostgREST,f_keskkonnaseire,analyys_teostaja,string,text,,Analüüsi teostaja
EELIS/PostgREST,f_kliima_element,element_kood,string,character varying,,
EELIS/PostgREST,f_kliima_element,element_nimi,string,character varying,,
EELIS/PostgREST,f_kliima_element,element_nimi_eng,string,character varying,,
EELIS/PostgREST,f_kliima_element,element_yhik,string,character varying,,
EELIS/PostgREST,f_kliima_element,element_yhik_eng,string,character varying,,
EELIS/PostgREST,f_kliima_element,avaandmed_ts,string,timestamp without time zone,,
EELIS/PostgREST,f_kliima_jaam_vaatlus,jaam_kood,string,character varying,,"Station code, local"
EELIS/PostgREST,f_kliima_jaam_vaatlus,jaam_nimi,string,character varying,,"Station name, local (est)"
EELIS/PostgREST,f_kliima_jaam_vaatlus,jaam_nimi_eng,string,character varying,,"Station name, local (eng)"
EELIS/PostgREST,f_kliima_jaam_vaatlus,jaam_periood_algus,string,timestamp without time zone,,"Station created, timestamp with timezone"
EELIS/PostgREST,f_kliima_jaam_vaatlus,jaam_periood_lopp,string,timestamp without time zone,,"Station closed, timestamp with timezone"
EELIS/PostgREST,f_kliima_jaam_vaatlus,pikkuskraad,number,numeric,,Station longitude
EELIS/PostgREST,f_kliima_jaam_vaatlus,laiuskraad,number,numeric,,Station latitude
EELIS/PostgREST,f_kliima_jaam_vaatlus,korgus_merepinnast_m,number,numeric,,Height of station ground above mean sea level (Amsterdam)
EELIS/PostgREST,f_kliima_jaam_vaatlus,element_kood,string,character varying,,"Element code, local"
EELIS/PostgREST,f_kliima_jaam_vaatlus,element_nimi,string,character varying,,Element name (est)
EELIS/PostgREST,f_kliima_jaam_vaatlus,element_nimi_eng,string,character varying,,Element name (eng)
EELIS/PostgREST,f_kliima_jaam_vaatlus,element_yhik_eng,string,character varying,,Unit of measurement (eng)
EELIS/PostgREST,f_kliima_jaam_vaatlus,vaatlus_periood_algus,string,timestamp without time zone,,"Start of measurement timeserie, timestamp with timezone"
EELIS/PostgREST,f_kliima_jaam_vaatlus,vaatlus_periood_lopp,string,timestamp without time zone,,"End of measurement timeserie, timestamp with timezone"
EELIS/PostgREST,f_kliima_jaam_vaatlus,avaandmed_ts,string,timestamp with time zone,,Publishing timestamp with timezone
EELIS/PostgREST,f_kliima_kuu,jaam_kood,string,character varying,,"Station code, local"
EELIS/PostgREST,f_kliima_kuu,jaam_nimi,string,character varying,,"Station name, local (est)"
EELIS/PostgREST,f_kliima_kuu,aasta,integer,smallint,,"Year of measurement, UTC time"
EELIS/PostgREST,f_kliima_kuu,kuu,integer,smallint,,"Month of measurement, UTC time"
EELIS/PostgREST,f_kliima_kuu,vaartus,number,numeric,,The measured value
EELIS/PostgREST,f_kliima_kuu,element_kood,string,character varying,,"Element code, local"
EELIS/PostgREST,f_kliima_kuu,element_nimi_eng,string,character varying,,Element name (eng)
EELIS/PostgREST,f_kliima_kuu,element_yhik_eng,string,character varying,,Unit of measurement (eng)
EELIS/PostgREST,f_kliima_kuu,avaandmed_ts,string,timestamp with time zone,,Publishing timestamp with timezone
EELIS/PostgREST,f_kliima_minut,jaam_kood,string,character varying,,"Station code, local"
EELIS/PostgREST,f_kliima_minut,jaam_nimi,string,character varying,,"Station name, local (est)"
EELIS/PostgREST,f_kliima_minut,aasta,integer,smallint,,"Year of measurement, UTC time"
EELIS/PostgREST,f_kliima_minut,kuu,integer,smallint,,"Month of measurement, UTC time"
EELIS/PostgREST,f_kliima_minut,paev,integer,smallint,,"Day of measurement, UTC time"
EELIS/PostgREST,f_kliima_minut,tund,integer,smallint,,"Hour of measurement, UTC time"
EELIS/PostgREST,f_kliima_minut,minut,integer,smallint,,"Minute of measurement, UTC time"
EELIS/PostgREST,f_kliima_minut,vaartus,number,numeric,,The measured value
EELIS/PostgREST,f_kliima_minut,element_kood,string,character varying,,"Element code, local"
EELIS/PostgREST,f_kliima_minut,element_nimi_eng,string,character varying,,Element name (eng)
EELIS/PostgREST,f_kliima_minut,element_yhik_eng,string,character varying,,Unit of measurement (eng)
EELIS/PostgREST,f_kliima_minut,avaandmed_ts,string,timestamp with time zone,,Publishing timestamp with timezone
EELIS/PostgREST,f_kliima_paev,jaam_kood,string,character varying,,"Station code, local"
EELIS/PostgREST,f_kliima_paev,jaam_nimi,string,character varying,,"Station name, local (est)"
EELIS/PostgREST,f_kliima_paev,aasta,integer,smallint,,"Year of measurement, UTC time"
EELIS/PostgREST,f_kliima_paev,kuu,integer,smallint,,"Month of measurement, UTC time"
EELIS/PostgREST,f_kliima_paev,paev,integer,smallint,,"Day of measurement, UTC time"
EELIS/PostgREST,f_kliima_paev,vaartus,number,numeric,,The measured value
EELIS/PostgREST,f_kliima_paev,element_kood,string,character varying,,"Element code, local"
EELIS/PostgREST,f_kliima_paev,element_nimi_eng,string,character varying,,Element name (eng)
EELIS/PostgREST,f_kliima_paev,element_yhik_eng,string,character varying,,Unit of measurement (eng)
EELIS/PostgREST,f_kliima_paev,avaandmed_ts,string,timestamp with time zone,,Publishing timestamp with timezone
EELIS/PostgREST,f_kliima_tund,jaam_kood,string,character varying,,"Station code, local"
EELIS/PostgREST,f_kliima_tund,jaam_nimi,string,character varying,,"Station name, local (est)"
EELIS/PostgREST,f_kliima_tund,aasta,integer,smallint,,"Year of measurement, UTC time"
EELIS/PostgREST,f_kliima_tund,kuu,integer,smallint,,"Month of measurement, UTC time"
EELIS/PostgREST,f_kliima_tund,paev,integer,smallint,,"Day of measurement, UTC time"
EELIS/PostgREST,f_kliima_tund,tund,integer,smallint,,"Hour of measurement, UTC time"
EELIS/PostgREST,f_kliima_tund,vaartus,number,numeric,,The measured value
EELIS/PostgREST,f_kliima_tund,element_kood,string,character varying,,"Element code, local"
EELIS/PostgREST,f_kliima_tund,element_nimi_eng,string,character varying,,Element name (eng)
EELIS/PostgREST,f_kliima_tund,element_yhik_eng,string,character varying,,Unit of measurement (eng)
EELIS/PostgREST,f_kliima_tund,avaandmed_ts,string,timestamp with time zone,,Publishing timestamp with timezone
EELIS/PostgREST,f_kohustus_yld_curr,luba_number_a,string,character varying,,Note: This is a Foreign Key to `f_luba_curr.loa_number`.<fk table='f_luba_curr' column='loa_number'/>
EELIS/PostgREST,f_kohustus_yld_curr,kohustus_id_a,integer,bigint,,
EELIS/PostgREST,f_kohustus_yld_curr,kohustus_staatus_a,string,character varying,,
EELIS/PostgREST,f_kohustus_yld_curr,kohustus_staatus_a_selg,string,text,,
EELIS/PostgREST,f_kohustus_yld_curr,kohustus_tyyp_a,string,character varying,,
EELIS/PostgREST,f_kohustus_yld_curr,kohustus_tyyp_a_selg,string,text,,
EELIS/PostgREST,f_kohustus_yld_curr,kohustus_a,string,text,,
EELIS/PostgREST,f_kohustus_yld_curr,kohustus_algus_a,string,date,,
EELIS/PostgREST,f_kohustus_yld_curr,kohustus_lopp_a,string,date,,
EELIS/PostgREST,f_kohustus_yld_curr,seire_sagedus_a,string,character varying,,
EELIS/PostgREST,f_kohustus_yld_curr,aruandlus_sagedus_a,string,character varying,,
EELIS/PostgREST,f_lcp_poletusseadmed_allikas_curr,aruanne_id,integer,integer,,Aruande id
EELIS/PostgREST,f_lcp_poletusseadmed_allikas_curr,heiteallikas_kood,string,character varying,,Heiteallikas kood
EELIS/PostgREST,f_lcp_poletusseadmed_allikas_curr,heiteallikas_nimetus,string,character varying,,Heitallikas nimetus
EELIS/PostgREST,f_lcp_poletusseadmed_allikas_curr,poletusseade_liik,integer,integer,,Põletusseadme liik
EELIS/PostgREST,f_lcp_poletusseadmed_allikas_curr,poletusseade_liik_selg,string,text,,Põletusseadme liik selgitus
EELIS/PostgREST,f_lcp_poletusseadmed_allikas_curr,poletusseade_arv,integer,integer,,Põletusseadmete arv
EELIS/PostgREST,f_lcp_poletusseadmed_allikas_curr,nimisoojusvoimsus_projekt_mwth,number,double precision,,"Projekteeritud nimisoojusvõimsus, MWth"
EELIS/PostgREST,f_lcp_poletusseadmed_allikas_curr,nimisoojusvoimsus_tegelik_mwth,number,double precision,,"Tegelik nimisoojusvõimsus, MWth"
EELIS/PostgREST,f_lcp_poletusseadmed_allikas_curr,poletusseade_kaitamisealgus,string,date,,Käitamise alguskuupäev
EELIS/PostgREST,f_lcp_poletusseadmed_allikas_curr,tootundidearv_aastas,integer,integer,,Töötundide arv aastas
EELIS/PostgREST,f_lcp_poletusseadmed_allikas_curr,heitkogus_so2,number,double precision,,Heitkogus S02
EELIS/PostgREST,f_lcp_poletusseadmed_allikas_curr,heitkogus_nox,number,double precision,,Heitkogus NOx
EELIS/PostgREST,f_lcp_poletusseadmed_allikas_curr,heitkogus_pmsum,number,double precision,,Heitkogus PMsum
EELIS/PostgREST,f_lcp_poletusseadmed_allikas_curr,yhik,string,character varying,,Ühik
EELIS/PostgREST,f_lcp_poletusseadmed_allikas_curr,kytus_liik,string,character varying,,Kütuseliik
EELIS/PostgREST,f_lcp_poletusseadmed_allikas_curr,kytus_nimetus_val,string,character varying,,Kütuse nimetus
EELIS/PostgREST,f_lcp_poletusseadmed_allikas_curr,energiasisend_tj,number,double precision,,"Energiasisend, TJ"
EELIS/PostgREST,f_lcp_poletusseadmed_allikas_curr,heitkogus_so2_aruanne_kokku_dim,number,double precision,,"Heitkogus S02, kokku"
EELIS/PostgREST,f_lcp_poletusseadmed_allikas_curr,heitkogus_nox_aruanne_kokku_dim,number,double precision,,"Heitkogus Nox, kokku"
EELIS/PostgREST,f_lcp_poletusseadmed_allikas_curr,heitkogus_pmsum_aruanne_kokku_dim,number,double precision,,"Heitkogus Pmsum, kokku"
EELIS/PostgREST,f_lcp_poletusseadmed_allikas_curr,energiasisend_aruanne_kokku_dim,number,double precision,,Energiasisend kokku
EELIS/PostgREST,f_lcp_poletusseadmed_allikas_curr,katla_tyyp,string,character varying,,Põletusseadme katlatüüp
EELIS/PostgREST,f_lcp_poletusseadmed_allikas_curr,poletamistehnoloogia,string,character varying,,Põletamistehnoloogia
EELIS/PostgREST,f_lcp_poletusseadmed_allikas_curr,keskmine_vaavlisisaldus_dim,number,double precision,,"Aasta keskmine põlevkivi väävlisisaldus, %"
EELIS/PostgREST,f_lcp_poletusseadmed_allikas_curr,keskmine_vaavliarastuse_aste_dim,number,double precision,,"Aasta keskmine väävliärastuse aste tegelik kokku, %"
EELIS/PostgREST,f_lcp_poletusseadmed_allikas_curr,polevkivi_vaavlisisaldus_1,number,double precision,,"Põlevkivi jaanuari kuu keskmine väävlisisaldus, %"
EELIS/PostgREST,f_lcp_poletusseadmed_allikas_curr,vaavli_arastusaste_lubatud_1,number,double precision,,"Jaanuari kuu keskmine väävliärastuse aste, %, lubatud"
EELIS/PostgREST,f_lcp_poletusseadmed_allikas_curr,vaavli_arastusaste_tegelik_1,number,double precision,,"Tegelik väävliärastusaste jaanuari kuu kohta, %"
EELIS/PostgREST,f_lcp_poletusseadmed_allikas_curr,polevkivi_vaavlisisaldus_2,number,double precision,,"Põlevkivi veebruari kuu keskmine väävlisisaldus, %"
EELIS/PostgREST,f_lcp_poletusseadmed_allikas_curr,vaavli_arastusaste_lubatud_2,number,double precision,,"Veebruari kuu keskmine väävliärastuse aste, %, lubatud"
EELIS/PostgREST,f_lcp_poletusseadmed_allikas_curr,vaavli_arastusaste_tegelik_2,number,double precision,,"Tegelik väävliärastusaste veebruari kuu kohta, %"
EELIS/PostgREST,f_lcp_poletusseadmed_allikas_curr,polevkivi_vaavlisisaldus_3,number,double precision,,"Põlevkivi märtsi kuu keskmine väävlisisaldus, %"
EELIS/PostgREST,f_lcp_poletusseadmed_allikas_curr,vaavli_arastusaste_lubatud_3,number,double precision,,"Märtsi kuu keskmine väävliärastuse aste, %, lubatud"
EELIS/PostgREST,f_lcp_poletusseadmed_allikas_curr,vaavli_arastusaste_tegelik_3,number,double precision,,"Tegelik väävliärastusaste märtsi kuu kohta, %"
EELIS/PostgREST,f_lcp_poletusseadmed_allikas_curr,polevkivi_vaavlisisaldus_4,number,double precision,,"Põlevkivi aprilli kuu keskmine väävlisisaldus, %"
EELIS/PostgREST,f_lcp_poletusseadmed_allikas_curr,vaavli_arastusaste_lubatud_4,number,double precision,,"Aprilli kuu keskmine väävliärastuse aste, %, lubatud"
EELIS/PostgREST,f_lcp_poletusseadmed_allikas_curr,vaavli_arastusaste_tegelik_4,number,double precision,,"Tegelik väävliärastusaste aprilli kuu kohta, %"
EELIS/PostgREST,f_lcp_poletusseadmed_allikas_curr,polevkivi_vaavlisisaldus_5,number,double precision,,"Põlevkivi mai kuu keskmine väävlisisaldus, %"
EELIS/PostgREST,f_lcp_poletusseadmed_allikas_curr,vaavli_arastusaste_lubatud_5,number,double precision,,"Mai kuu keskmine väävliärastuse aste, %, lubatud"
EELIS/PostgREST,f_lcp_poletusseadmed_allikas_curr,vaavli_arastusaste_tegelik_5,number,double precision,,"Tegelik väävliärastusaste mai kuu kohta, %"
EELIS/PostgREST,f_lcp_poletusseadmed_allikas_curr,polevkivi_vaavlisisaldus_6,number,double precision,,"Põlevkivi juuni kuu keskmine väävlisisaldus, %"
EELIS/PostgREST,f_lcp_poletusseadmed_allikas_curr,vaavli_arastusaste_lubatud_6,number,double precision,,"Juuni kuu keskmine väävliärastuse aste, %, lubatud"
EELIS/PostgREST,f_lcp_poletusseadmed_allikas_curr,vaavli_arastusaste_tegelik_6,number,double precision,,"Tegelik väävliärastusaste juuni kuu kohta, %"
EELIS/PostgREST,f_lcp_poletusseadmed_allikas_curr,polevkivi_vaavlisisaldus_7,number,double precision,,"Põlevkivi juuli kuu keskmine väävlisisaldus, %"
EELIS/PostgREST,f_lcp_poletusseadmed_allikas_curr,vaavli_arastusaste_lubatud_7,number,double precision,,"Juuli kuu keskmine väävliärastuse aste, %, lubatud"
EELIS/PostgREST,f_lcp_poletusseadmed_allikas_curr,vaavli_arastusaste_tegelik_7,number,double precision,,"Tegelik väävliärastusaste juuli kuu kohta, %"
EELIS/PostgREST,f_lcp_poletusseadmed_allikas_curr,polevkivi_vaavlisisaldus_8,number,double precision,,"Põlevkivi august kuu keskmine väävlisisaldus, %"
EELIS/PostgREST,f_lcp_poletusseadmed_allikas_curr,vaavli_arastusaste_lubatud_8,number,double precision,,"Augusti kuu keskmine väävliärastuse aste, %, lubatud"
EELIS/PostgREST,f_lcp_poletusseadmed_allikas_curr,vaavli_arastusaste_tegelik_8,number,double precision,,"Tegelik väävliärastusaste august kuu kohta, %"
EELIS/PostgREST,f_lcp_poletusseadmed_allikas_curr,polevkivi_vaavlisisaldus_9,number,double precision,,"Põlevkivi septembri kuu keskmine väävlisisaldus, %"
EELIS/PostgREST,f_lcp_poletusseadmed_allikas_curr,vaavli_arastusaste_lubatud_9,number,double precision,,"Septembri kuu keskmine väävliärastuse aste, %, lubatud"
EELIS/PostgREST,f_lcp_poletusseadmed_allikas_curr,vaavli_arastusaste_tegelik_9,number,double precision,,"Tegelik väävliärastusaste septembri kuu kohta, %"
EELIS/PostgREST,f_lcp_poletusseadmed_allikas_curr,polevkivi_vaavlisisaldus_10,number,double precision,,"Põlevkivi oktoobri kuu keskmine väävlisisaldus, %"
EELIS/PostgREST,f_lcp_poletusseadmed_allikas_curr,vaavli_arastusaste_lubatud_10,number,double precision,,"Oktoobri kuu keskmine väävliärastuse aste, %, lubatud"
EELIS/PostgREST,f_lcp_poletusseadmed_allikas_curr,vaavli_arastusaste_tegelik_10,number,double precision,,"Tegelik väävliärastusaste oktoobri kuu kohta, %"
EELIS/PostgREST,f_lcp_poletusseadmed_allikas_curr,polevkivi_vaavlisisaldus_11,number,double precision,,"Põlevkivi novembri kuu keskmine väävlisisaldus, %"
EELIS/PostgREST,f_lcp_poletusseadmed_allikas_curr,vaavli_arastusaste_lubatud_11,number,double precision,,"Novembri kuu keskmine väävliärastuse aste, %, lubatud"
EELIS/PostgREST,f_lcp_poletusseadmed_allikas_curr,vaavli_arastusaste_tegelik_11,number,double precision,,"Tegelik väävliärastusaste novembri kuu kohta, %"
EELIS/PostgREST,f_lcp_poletusseadmed_allikas_curr,polevkivi_vaavlisisaldus_12,number,double precision,,"Põlevkivi detsembri kuu keskmine väävlisisaldus, %"
EELIS/PostgREST,f_lcp_poletusseadmed_allikas_curr,vaavli_arastusaste_lubatud_12,number,double precision,,"Detsembri kuu keskmine väävliärastuse aste, %, lubatud"
EELIS/PostgREST,f_lcp_poletusseadmed_allikas_curr,vaavli_arastusaste_tegelik_12,number,double precision,,"Tegelik väävliärastusaste detsembri kuu kohta, %"
EELIS/PostgREST,f_lcp_poletusseadmed_allikas_curr,heiteallikas_number,string,character varying,,Heiteallika number
EELIS/PostgREST,f_lcp_poletusseadmed_allikas_curr,heiteallikas_number_nimetus,string,character varying,,Heiteallika nimetus
EELIS/PostgREST,f_lcp_poletusseadmed_allikas_curr,heiteallikas_nr_plaanil,string,character varying,,Heiteallika nr plaanil või kaardil
EELIS/PostgREST,f_lcp_poletusseadmed_allikas_curr,heiteallikas_x_lest97,integer,integer,,Heiteallika x-koordinaat
EELIS/PostgREST,f_lcp_poletusseadmed_allikas_curr,heiteallikas_y_lest97,integer,integer,,Heiteallika y-koordinaat
EELIS/PostgREST,f_lcp_poletusseadmed_allikas_curr,valjumiskorgus_m,number,numeric,,"Väljumiskõrgus, m"
EELIS/PostgREST,f_lcp_poletusseadmed_allikas_curr,ava_labimoot_m,number,numeric,,"Ava läbimõõt, m"
EELIS/PostgREST,f_lcp_poletusseadmed_allikas_curr,joonkiirus_ms,number,numeric,,"Joonkiirus, m/s"
EELIS/PostgREST,f_lcp_poletusseadmed_allikas_curr,temperatuur_c,number,numeric,,"Temperatuur, °C"
EELIS/PostgREST,f_lcp_poletusseadmed_allikas_curr,aruanne_aasta,integer,integer,,Aasta
EELIS/PostgREST,f_lcp_poletusseadmed_allikas_curr,luba_number,string,character varying,,Keskkonnaloa number
EELIS/PostgREST,f_lcp_poletusseadmed_allikas_curr,luba_versioon,integer,integer,,Loa versioon
EELIS/PostgREST,f_lcp_poletusseadmed_allikas_curr,luba_liik,string,character varying,,Keskkonnaloa tüüp
EELIS/PostgREST,f_lcp_poletusseadmed_allikas_curr,luba_algus,string,character varying,,Keskkonnaloa kehtivuse algus
EELIS/PostgREST,f_lcp_poletusseadmed_allikas_curr,luba_lopp,string,character varying,,Keskkonnaloa kehtivuse lõpp
EELIS/PostgREST,f_lcp_poletusseadmed_allikas_curr,luba_versioon_algus,string,date,,Loa versiooni kehtivuse algus
EELIS/PostgREST,f_lcp_poletusseadmed_allikas_curr,luba_versioon_lopp,string,date,,Loa versiooni kehtivuse lõpp
EELIS/PostgREST,f_lcp_poletusseadmed_allikas_curr,kaitaja_nimi,string,character varying,,Käitaja nimi (kehtiv)
EELIS/PostgREST,f_lcp_poletusseadmed_allikas_curr,kaitaja_registrikood,string,character varying,,Käitaja registrikood
EELIS/PostgREST,f_lcp_poletusseadmed_allikas_curr,aruande_esitaja_emtak_kood,string,character varying,,Aruande esitaja EMTAK kood
EELIS/PostgREST,f_lcp_poletusseadmed_allikas_curr,aruande_esitaja_emtak_nimetus,string,character varying,,Aruande esitaja EMTAK nimetus
EELIS/PostgREST,f_lcp_poletusseadmed_allikas_curr,kaitis_nimetus,string,character varying,,Käitis nimetus (kehtiv)
EELIS/PostgREST,f_lcp_poletusseadmed_allikas_curr,tegevuskoht_aadress,string,character varying,,Käitise tegevuskoha aadress
EELIS/PostgREST,f_lcp_poletusseadmed_allikas_curr,tegevuskoht_asula_kood_curr,string,character varying,,"Käitise tegevuskoha EHAK kood, kehtiv"
EELIS/PostgREST,f_lcp_poletusseadmed_allikas_curr,tegevuskoht_asula_nimi_curr,string,character varying,,"Käitise tegevuskoha EHAK kirjeldus, kehtiv"
EELIS/PostgREST,f_lcp_poletusseadmed_allikas_curr,tegevuskoht_kov_kood_curr,string,character varying,,Käitise tegevuskoha KOV kood
EELIS/PostgREST,f_lcp_poletusseadmed_allikas_curr,tegevuskoht_kov_nimi_curr,string,character varying,,Käitise tegevuskoha KOV
EELIS/PostgREST,f_lcp_poletusseadmed_allikas_curr,tegevuskoht_maakond_kood_curr,string,character varying,,Käitise tegevuskoha maakond kood
EELIS/PostgREST,f_lcp_poletusseadmed_allikas_curr,tegevuskoht_maakond_nimi_curr,string,character varying,,Käitise tegevuskoha maakond
EELIS/PostgREST,f_lcp_poletusseadmed_allikas_curr,tegevuskoht_x_lest97,number,double precision,,Käitise x-koordinaat
EELIS/PostgREST,f_lcp_poletusseadmed_allikas_curr,tegevuskoht_y_lest97,number,double precision,,Käitise y-koordinaat
EELIS/PostgREST,f_lcp_poletusseadmed_allikas_curr,tegevust_ei_toimunud,string,character varying,,Tegevust aruande aastal ei toimunud
EELIS/PostgREST,f_lcp_poletusseadmed_allikas_curr,tegevust_ei_toimunud_selgitus,string,character varying,,Tegevust aruande aastal ei toimunud selgitus
EELIS/PostgREST,f_lcp_poletusseadmed_allikas_curr,kaitis_pohitegevus_emtak,string,character varying,,Käitise põhitegevusala EMTAKi kood
EELIS/PostgREST,f_lcp_poletusseadmed_allikas_curr,kaitis_pohitegevus_emtak_nimetus,string,character varying,,Käitise põhitegevusala nimetus
EELIS/PostgREST,f_lcp_poletusseadmed_allikas_curr,kaitis_lisategevus_emtak_loend,string,character varying,,"Käitise muud tegevusalade EMTAKi koodid, millele luba antakse"
EELIS/PostgREST,f_lcp_poletusseadmed_allikas_curr,kaitis_lisategevus_emtak_nimetus_loend,string,character varying,,"Käitise muud tegevusalade nimetused, millele luba antakse"
EELIS/PostgREST,f_lcp_poletusseadmed_allikas_curr,ets_kohuslane,string,character varying,,"Käitise katekooria, kasvuhoonegaaside lubatud heitkoguse ühikutega kauplemise süsteemi kohustuslane"
EELIS/PostgREST,f_lcp_poletusseadmed_allikas_curr,ets_tegevusala,string,character varying,,"Käitise katekooria, kauplemissüsteemi kohustuslase tegevusala"
EELIS/PostgREST,f_lcp_poletusseadmed_allikas_curr,eprtr_kohuslane,string,character varying,,E-PRTRi registri kohuslane
EELIS/PostgREST,f_lcp_poletusseadmed_allikas_curr,heiteallikas_arv,integer,integer,,Heiteallikate arv tootmisterritooriumil
EELIS/PostgREST,f_lcp_poletusseadmed_allikas_curr,kaitis_tootajate_arv,integer,integer,,Käitise töötajate arv
EELIS/PostgREST,f_lcp_poletusseadmed_allikas_curr,emaettevote_nimi,string,character varying,,Emaettevõtte nimi
EELIS/PostgREST,f_lcp_poletusseadmed_allikas_curr,emaettevote_riik,string,character varying,,Emaettevõtte riik
EELIS/PostgREST,f_lkohad,id,integer,integer,jah,Leiukoha ID  Note: This is a Primary Key.<pk/>
EELIS/PostgREST,f_lkohad,id_text,string,text,,ID kood tekst väljatüübina
EELIS/PostgREST,f_lkohad,lnim_id,integer,integer,,Liik
EELIS/PostgREST,f_lkohad,lnim_estnimi,string,text,,Liigi nimi (eesti k.)
EELIS/PostgREST,f_lkohad,lnim_ladnimi,string,text,,Liigi nimi (ladina k.)
EELIS/PostgREST,f_lkohad,lnim_kaitsekategooria,string,text,,Liigi kaitsekategooria
EELIS/PostgREST,f_lkohad,lnim_kaitsekategooria_selg,string,text,,Leiukoha liigi kaitsekategooria selgitus
EELIS/PostgREST,f_lkohad,lnim_ryhm,string,text,,Leiukoha liigi rühm
EELIS/PostgREST,f_lkohad,lnim_ryhm_selg,string,text,,Leiukoha liigi rühma selgitus
EELIS/PostgREST,f_lkohad,liik_tyyp,string,text,,Leiukoha liigi tüüp
EELIS/PostgREST,f_lkohad,liik_tyyp_selg,string,text,,Leiukoha liigi tüübi selgitus
EELIS/PostgREST,f_lkohad,voorliik_tyyp,string,text,,Leiukoha liigi võõrliigi tüüp
EELIS/PostgREST,f_lkohad,voorliik_tyyp_selg,string,text,,Leiukoha liigivõõrliigi tüübi selgitus
EELIS/PostgREST,f_lkohad,nimi,string,text,,Nimi
EELIS/PostgREST,f_lkohad,tyyp,string,text,,Tüüp kood
EELIS/PostgREST,f_lkohad,tyyp_selg,string,text,,Tüüp
EELIS/PostgREST,f_lkohad,kuulub_id,integer,integer,,Kuulub
EELIS/PostgREST,f_lkohad,tx_asukoht,string,text,,Asukohakirjeldus
EELIS/PostgREST,f_lkohad,on_regobj,boolean,boolean,,On registriobjekt
EELIS/PostgREST,f_lkohad,kkr_kood,string,text,,KKR kood
EELIS/PostgREST,f_lkohad,tx_elupaik,string,text,,Elupaiga kirjeldus
EELIS/PostgREST,f_lkohad,elup_kasutus,string,text,,Elupaiga kasutus kood
EELIS/PostgREST,f_lkohad,elup_kasutus_selg,string,text,,Elupaiga kasutus
EELIS/PostgREST,f_lkohad,elup_nat,string,text,,Elupaik (Natura) kood
EELIS/PostgREST,f_lkohad,elup_nat_selg,string,text,,Elupaik (Natura)
EELIS/PostgREST,f_lkohad,elup_paal,string,text,,Kasvukoht (Paal) kood
EELIS/PostgREST,f_lkohad,elup_paal_selg,string,text,,Kasvukoht (Paal)
EELIS/PostgREST,f_lkohad,ohud,string,text,,Ohutegurid
EELIS/PostgREST,f_lkohad,ohud_aste,string,text,,Mõjutegurite ohu aste
EELIS/PostgREST,f_lkohad,ohud_aste_selg,string,text,,Mõjutegurite ohu astme selgitus
EELIS/PostgREST,f_lkohad,kasvamise_koht,string,text,,Kasvamise koht
EELIS/PostgREST,f_lkohad,kasvamise_koht_selg,string,text,,Kasvamise koha selgitus
EELIS/PostgREST,f_lkohad,koht_vesi,string,text,,Asukoha niiskus
EELIS/PostgREST,f_lkohad,koht_vesi_selg,string,text,,Asukoha niiskus selgitus
EELIS/PostgREST,f_lkohad,koht_valgus,string,text,,Asukoha valgustatus
EELIS/PostgREST,f_lkohad,koht_valgus_selg,string,text,,Asukoha valgustatus selgitus
EELIS/PostgREST,f_lkohad,koht_muld,string,text,,Asukoha mullastik
EELIS/PostgREST,f_lkohad,koht_muld_selg,string,text,,Asukoha mullastik selgitus
EELIS/PostgREST,f_lkohad,tx_biol_kirjeldus,string,text,,Bioloogiline kirjeldus
EELIS/PostgREST,f_lkohad,on_voorliik_teavitus,boolean,boolean,,On saadetud teavitus võõrliigi kohta
EELIS/PostgREST,f_lkohad,kesk_x,number,double precision,,Leiukoha  tsentroidi x-koordinaat LEST97
EELIS/PostgREST,f_lkohad,kesk_y,number,double precision,,Leiukoha  tsentroidi y-koordinaat LEST97
EELIS/PostgREST,f_lkohad,muut_aeg,string,timestamp without time zone,,Muutmise aeg
EELIS/PostgREST,f_lkohad,keht_staatus,string,text,,Kehtivuse staatus
EELIS/PostgREST,f_lkohad,staatus,string,text,,Staatus
EELIS/PostgREST,f_lkohad,ehak_tekst,string,text,,EHAK koondinfo
EELIS/PostgREST,f_lkohad,ehak_kood1,string,text,,EHAK kood maakond
EELIS/PostgREST,f_lkohad,ehak_kood2,string,text,,EHAK kood vald
EELIS/PostgREST,f_lkohad,ehak_kood3,string,text,,EHAK alamtase
EELIS/PostgREST,f_lkohad_ala,id,integer,integer,,Ala ID
EELIS/PostgREST,f_lkohad_ala,nimi,string,text,,Nimi
EELIS/PostgREST,f_lkohad_ala,tyyp,string,text,,Tüübi kood
EELIS/PostgREST,f_lkohad_ala,tyyp_selg,string,text,,Tüübi selgitus
EELIS/PostgREST,f_lkohad_ala,kuulub_id,integer,integer,,Asub kaitsealal ID
EELIS/PostgREST,f_lkohad_ala,kuulub_selg,string,text,,Asub kaitsealal nimi
EELIS/PostgREST,f_lkohad_ala,on_regobj,boolean,boolean,,On registriobjekt
EELIS/PostgREST,f_lkohad_ala,kkr_kood,string,text,,KKR kood
EELIS/PostgREST,f_lkohad_ala,cdda_kood,string,text,,CDDA kood
EELIS/PostgREST,f_lkohad_ala,iucn_tyyp,string,text,,IUCN kood
EELIS/PostgREST,f_lkohad_ala,iucn_tyyp_selg,string,text,,IUCN koodi selgitus
EELIS/PostgREST,f_lkohad_ala,al_yksiktyyp,string,text,,Üksikobjekti tüüp
EELIS/PostgREST,f_lkohad_ala,al_yksiktyyp_selg,string,text,,Üksikobjekti tüübi selgitus
EELIS/PostgREST,f_lkohad_ala,yksikobj_seisund,string,text,,Üksikobjekti seisund
EELIS/PostgREST,f_lkohad_ala,yksikobj_seisund_selg,string,text,,Üksikobjekti seisundi selgitus
EELIS/PostgREST,f_lkohad_ala,al_voondtyyp,string,text,,Vöönditüüp
EELIS/PostgREST,f_lkohad_ala,al_voondtyyp_selg,string,text,,Vöönditüüp nimi
EELIS/PostgREST,f_lkohad_ala,al_staatus,string,text,,Ala staatus
EELIS/PostgREST,f_lkohad_ala,al_staatus_selg,string,text,,Ala staatus nimi
EELIS/PostgREST,f_lkohad_ala,kaitsekorra_alus_id,integer,integer,,Kaitsekorra alus 
EELIS/PostgREST,f_lkohad_ala,pindala_maa,number,double precision,,Maismaa pindala
EELIS/PostgREST,f_lkohad_ala,pindala_vesi,number,double precision,,Siseveekogude pindala
EELIS/PostgREST,f_lkohad_ala,pindala_meri,number,double precision,,Mereosa pindala
EELIS/PostgREST,f_lkohad_ala,veekogu_id,integer,integer,,Koelmuala veekogu
EELIS/PostgREST,f_lkohad_ala,on_msoodust,boolean,boolean,,On maamaksusoodustus
EELIS/PostgREST,f_lkohad_ala,msoodust_prots,string,text,,Maamaksu protsent
EELIS/PostgREST,f_lkohad_ala,tx_kirjeldus,string,text,,Iseloomustus
EELIS/PostgREST,f_lkohad_ala,tx_eesmark,string,text,,Kaitse-eesmärgi täpsustus
EELIS/PostgREST,f_lkohad_ala,kesk_x,number,double precision,,Ala tsentroidi x-koordinaat LEST97
EELIS/PostgREST,f_lkohad_ala,kesk_y,number,double precision,,Ala tsentroidi y-koordinaat LEST97
EELIS/PostgREST,f_lkohad_ala,muut_aeg,string,timestamp without time zone,,Viimase muutmise aeg
EELIS/PostgREST,f_lkohad_ala,keht_staatus,string,text,,Kehtivuse staatus
EELIS/PostgREST,f_lkohad_ala,valitseja_reg_kood,string,text,,Ala valitseja kood
EELIS/PostgREST,f_lkohad_ala,valitseja_nimetus,string,text,,Ala valitseja nimetus
EELIS/PostgREST,f_lkohad_ala,ehak_tekst,string,text,,EHAK koondinfo
EELIS/PostgREST,f_lkohad_ala,ehak_kood1,string,text,,EHAK kood maakond
EELIS/PostgREST,f_lkohad_ala,ehak_kood2,string,text,,EHAK kood vald
EELIS/PostgREST,f_lkohad_ala,ehak_kood3,string,text,,EHAK alamtase
EELIS/PostgREST,f_lkohad_ala,lkoht_id,integer,integer,,Leiukoha ID  Note: This is a Foreign Key to `f_lkohad.id`.<fk table='f_lkohad' column='id'/>
EELIS/PostgREST,f_lkohad_ala,on_pysielupaik,integer,integer,,Leiukoha kaitseks loodud püsielupaik
EELIS/PostgREST,f_lkohad_alamosa,id,integer,integer,,Leiukoha alamosa ID
EELIS/PostgREST,f_lkohad_alamosa,lnim_id,integer,integer,,Liik
EELIS/PostgREST,f_lkohad_alamosa,nimi,string,text,,Nimi
EELIS/PostgREST,f_lkohad_alamosa,tyyp,string,text,,Tüüp kood
EELIS/PostgREST,f_lkohad_alamosa,tyyp_selg,string,text,,Tüüp
EELIS/PostgREST,f_lkohad_alamosa,kuulub_id,integer,integer,,Kuulub  Note: This is a Foreign Key to `f_lkohad.id`.<fk table='f_lkohad' column='id'/>
EELIS/PostgREST,f_lkohad_alamosa,tx_asukoht,string,text,,Asukohakirjeldus
EELIS/PostgREST,f_lkohad_alamosa,on_regobj,boolean,boolean,,On registriobjekt
EELIS/PostgREST,f_lkohad_alamosa,kkr_kood,string,text,,KKR kood
EELIS/PostgREST,f_lkohad_alamosa,tx_elupaik,string,text,,Elupaiga kirjeldus
EELIS/PostgREST,f_lkohad_alamosa,elup_kasutus,string,text,,Elupaiga kasutus kood
EELIS/PostgREST,f_lkohad_alamosa,elup_kasutus_selg,string,text,,Elupaiga kasutus
EELIS/PostgREST,f_lkohad_alamosa,elup_nat,string,text,,Elupaik (Natura) kood
EELIS/PostgREST,f_lkohad_alamosa,elup_nat_selg,string,text,,Elupaik (Natura)
EELIS/PostgREST,f_lkohad_alamosa,elup_paal,string,text,,Kasvukoht (Paal) kood
EELIS/PostgREST,f_lkohad_alamosa,elup_paal_selg,string,text,,Kasvukoht (Paal)
EELIS/PostgREST,f_lkohad_alamosa,ohud,string,text,,Ohutegurid
EELIS/PostgREST,f_lkohad_alamosa,ohud_aste,string,text,,Mõjutegurite ohu aste
EELIS/PostgREST,f_lkohad_alamosa,ohud_aste_selg,string,text,,Mõjutegurite ohu astme selgitus
EELIS/PostgREST,f_lkohad_alamosa,kasvamise_koht,string,text,,Kasvamise koht
EELIS/PostgREST,f_lkohad_alamosa,kasvamise_koht_selg,string,text,,Kasvamise koha selgitus
EELIS/PostgREST,f_lkohad_alamosa,koht_vesi,string,text,,Asukoha niiskus
EELIS/PostgREST,f_lkohad_alamosa,koht_vesi_selg,string,text,,Asukoha niiskus selgitus
EELIS/PostgREST,f_lkohad_alamosa,koht_valgus,string,text,,Asukoha valgustatus
EELIS/PostgREST,f_lkohad_alamosa,koht_valgus_selg,string,text,,Asukoha valgustatus selgitus
EELIS/PostgREST,f_lkohad_alamosa,koht_muld,string,text,,Asukoha mullastik
EELIS/PostgREST,f_lkohad_alamosa,koht_muld_selg,string,text,,Asukoha mullastik selgitus
EELIS/PostgREST,f_lkohad_alamosa,tx_biol_kirjeldus,string,text,,Bioloogiline kirjeldus
EELIS/PostgREST,f_lkohad_alamosa,on_voorliik_teavitus,boolean,boolean,,On saadetud teavitus võõrliigi kohta
EELIS/PostgREST,f_lkohad_alamosa,kesk_x,number,double precision,,Leiukoha  tsentroidi x-koordinaat LEST97
EELIS/PostgREST,f_lkohad_alamosa,kesk_y,number,double precision,,Leiukoha  tsentroidi y-koordinaat LEST97
EELIS/PostgREST,f_lkohad_alamosa,muut_aeg,string,timestamp without time zone,,Muutmise aeg
EELIS/PostgREST,f_lkohad_alamosa,keht_staatus,string,text,,Kehtivuse staatus
EELIS/PostgREST,f_lkohad_alamosa,staatus,string,text,,Staatus
EELIS/PostgREST,f_lkohad_alamosa,ehak_tekst,string,text,,EHAK koondinfo
EELIS/PostgREST,f_lkohad_alamosa,ehak_kood1,string,text,,EHAK kood maakond
EELIS/PostgREST,f_lkohad_alamosa,ehak_kood2,string,text,,EHAK kood vald
EELIS/PostgREST,f_lkohad_alamosa,ehak_kood3,string,text,,EHAK alamtase
EELIS/PostgREST,f_lkohad_ehak,id,integer,integer,,EHAK ID
EELIS/PostgREST,f_lkohad_ehak,ehak_kood,string,text,,EHAK kood
EELIS/PostgREST,f_lkohad_ehak,ehak_nimi,string,text,,EHAK nimi
EELIS/PostgREST,f_lkohad_ehak,ehak_rnimi,string,text,,EHAK rööpnimi
EELIS/PostgREST,f_lkohad_ehak,vald,string,text,,Vald nimi
EELIS/PostgREST,f_lkohad_ehak,maa,string,text,,Maakond nimi
EELIS/PostgREST,f_lkohad_ehak,tyyp,string,text,,EHAK tase
EELIS/PostgREST,f_lkohad_ehak,ehak_tyyp_selg,string,text,,EHAK tase selgitus
EELIS/PostgREST,f_lkohad_ehak,ehak_parent,string,text,,EHAK kõrgema taseme kood
EELIS/PostgREST,f_lkohad_ehak,ehak_muut_aeg,string,timestamp without time zone,,Viimase muudatuse aeg (EHAK)
EELIS/PostgREST,f_lkohad_ehak,lkoht_id,integer,integer,,Leiukoha ID  Note: This is a Foreign Key to `f_lkohad.id`.<fk table='f_lkohad' column='id'/>
EELIS/PostgREST,f_lkohad_invelupaik,id,integer,integer,,Inventeeritud elupaiga ID
EELIS/PostgREST,f_lkohad_invelupaik,inventuur_id,integer,integer,,Inventuuri ID
EELIS/PostgREST,f_lkohad_invelupaik,inv_projekt,string,text,,Projekti nimi
EELIS/PostgREST,f_lkohad_invelupaik,tyyp,string,text,,Tüüp
EELIS/PostgREST,f_lkohad_invelupaik,tyyp_selg,string,text,,Tüübi  selgitus
EELIS/PostgREST,f_lkohad_invelupaik,alamtyyp,string,text,,Alamtüüp
EELIS/PostgREST,f_lkohad_invelupaik,alamtyyp_selg,string,text,,Alamtüüp selgitus
EELIS/PostgREST,f_lkohad_invelupaik,kkr_kood,string,text,,KKR kood
EELIS/PostgREST,f_lkohad_invelupaik,pindala,number,double precision,,Pindala
EELIS/PostgREST,f_lkohad_invelupaik,inv_kp,string,timestamp without time zone,,Inv. Kp
EELIS/PostgREST,f_lkohad_invelupaik,hindamise_kp,string,timestamp without time zone,,Hindamise kp
EELIS/PostgREST,f_lkohad_invelupaik,on_rannaala,boolean,boolean,,On rannaala
EELIS/PostgREST,f_lkohad_invelupaik,andmekvaliteet,string,text,,Andmekvaliteet kood
EELIS/PostgREST,f_lkohad_invelupaik,andmekv_selgitus,string,text,,Andmekvaliteet
EELIS/PostgREST,f_lkohad_invelupaik,tx_kirjeldus,string,text,,Kirjeldus
EELIS/PostgREST,f_lkohad_invelupaik,tx_liigid,string,text,,Liikide loend
EELIS/PostgREST,f_lkohad_invelupaik,elupaigatyyp_id,integer,integer,,Elupaigatüübi ID
EELIS/PostgREST,f_lkohad_invelupaik,elupaigatyyp_kood,string,text,,Elupaigatüübi kood
EELIS/PostgREST,f_lkohad_invelupaik,elupaigatyyp_kood_selg,string,text,,Elupaigatüübi selgitus
EELIS/PostgREST,f_lkohad_invelupaik,elupaigatyyp_grupp,string,text,,Elupaigatüübi grupp
EELIS/PostgREST,f_lkohad_invelupaik,elupaigatyyp_grupp_selg,string,text,,Elupaigatüübi grupp selgitus
EELIS/PostgREST,f_lkohad_invelupaik,elupaigatyyp_staatus,string,text,,Elupaigatüübi staatus
EELIS/PostgREST,f_lkohad_invelupaik,elupaigatyyp_staatus_selg,string,text,,Elupaigatüübi staatus selgitus
EELIS/PostgREST,f_lkohad_invelupaik,kooslus,string,text,,Kooslus kood
EELIS/PostgREST,f_lkohad_invelupaik,kooslus_selg,string,text,,Kooslus
EELIS/PostgREST,f_lkohad_invelupaik,esinduslikkus,string,text,,Esinduslikkus kood
EELIS/PostgREST,f_lkohad_invelupaik,esinduslikkus_selg,string,text,,Esindluslikkus
EELIS/PostgREST,f_lkohad_invelupaik,struktsail,string,text,,Struktsail kood
EELIS/PostgREST,f_lkohad_invelupaik,struktsail_selg,string,text,,Struktsail 
EELIS/PostgREST,f_lkohad_invelupaik,funktssail,string,text,,Funktssail kood
EELIS/PostgREST,f_lkohad_invelupaik,funktssail_selg,string,text,,Funktssail
EELIS/PostgREST,f_lkohad_invelupaik,taastatavus,string,text,,Taastatavus kood
EELIS/PostgREST,f_lkohad_invelupaik,taastatavus_selg,string,text,,Taastatavus
EELIS/PostgREST,f_lkohad_invelupaik,hinnang,string,text,,Hinnang kood
EELIS/PostgREST,f_lkohad_invelupaik,hinnang_selg,string,text,,Hinnang
EELIS/PostgREST,f_lkohad_invelupaik,puistu_koosseis,string,text,,Puistu koosseis
EELIS/PostgREST,f_lkohad_invelupaik,puistu_liitus,integer,integer,,Puistu liitus
EELIS/PostgREST,f_lkohad_invelupaik,poosad_koosseis,string,text,,Põõsad kooseis
EELIS/PostgREST,f_lkohad_invelupaik,poosad_liitus,integer,integer,,Põõsad liitus
EELIS/PostgREST,f_lkohad_invelupaik,niiskus,string,text,,Niiskus koodid
EELIS/PostgREST,f_lkohad_invelupaik,niiskus_selg,string,text,,Niiskus 
EELIS/PostgREST,f_lkohad_invelupaik,niitmine,string,text,,Niitmine
EELIS/PostgREST,f_lkohad_invelupaik,niitmine_selg,string,text,,Niitmine selgitus
EELIS/PostgREST,f_lkohad_invelupaik,karjatamine,string,text,,Karjatamine koodid
EELIS/PostgREST,f_lkohad_invelupaik,karjatamine_selg,string,text,,Karjatamine
EELIS/PostgREST,f_lkohad_invelupaik,majandamine,string,text,,Majandaine kood
EELIS/PostgREST,f_lkohad_invelupaik,majandamine_selg,string,text,,Majandamine
EELIS/PostgREST,f_lkohad_invelupaik,tx_majandamine,string,text,,Majandamine kommentaar
EELIS/PostgREST,f_lkohad_invelupaik,perspektiiv,string,text,,Perspektiiv kood
EELIS/PostgREST,f_lkohad_invelupaik,perspektiiv_selg,string,text,,Perspektiiv
EELIS/PostgREST,f_lkohad_invelupaik,puistu_i_koosseis,string,text,,Puistu I koosseis
EELIS/PostgREST,f_lkohad_invelupaik,puistu_i_vanus,integer,integer,,Puistu I vanus
EELIS/PostgREST,f_lkohad_invelupaik,puistu_i_vanus_max,integer,integer,,Puistu_I_Vanus max
EELIS/PostgREST,f_lkohad_invelupaik,puistu_i_vanus_min,integer,integer,,Puistu_I_Vanus min
EELIS/PostgREST,f_lkohad_invelupaik,puistu_i_liitus,string,text,,Puistu I liitus
EELIS/PostgREST,f_lkohad_invelupaik,puistu_i_liitus_selg,string,text,,Puistu I liitus selgitus
EELIS/PostgREST,f_lkohad_invelupaik,puistu_ii_koosseis,string,text,,Puistu II koosseis
EELIS/PostgREST,f_lkohad_invelupaik,puistu_ii_liitus,string,text,,Puistu II liitus
EELIS/PostgREST,f_lkohad_invelupaik,puistu_ii_liitus_selg,string,text,,Puistu II liitus selgitus
EELIS/PostgREST,f_lkohad_invelupaik,puurinde_vanus,string,text,,Puurinde vanus
EELIS/PostgREST,f_lkohad_invelupaik,puistu_vanad_puud,string,text,,Puistu vanad puud
EELIS/PostgREST,f_lkohad_invelupaik,jarelkasv_lnim_id,integer,integer,,Jarelkasv liigi ID
EELIS/PostgREST,f_lkohad_invelupaik,jarelkasv_lad_nim,string,text,,Liigi ladina k nimetus (jarelkasv)
EELIS/PostgREST,f_lkohad_invelupaik,jarelkasv_eest_nim,string,text,,Liigi eesti k nimetus (jarelkasv)
EELIS/PostgREST,f_lkohad_invelupaik,jarelkasv_ryhm,string,text,,Leiukoha liigi rühm (jarelkasv)
EELIS/PostgREST,f_lkohad_invelupaik,jarelkasv_ryhm_selg,string,text,,Leiukoha liigi rühma seletus (jarelkasv)
EELIS/PostgREST,f_lkohad_invelupaik,jarelkasv_kaitsekat,string,text,,Leiukoha liigi katisekategooria (jarelkasv)
EELIS/PostgREST,f_lkohad_invelupaik,jarelkasv_kaitsekat_selg,string,text,,Leiukoha liigi kaitsekategooria selgitus (jarelkasv)
EELIS/PostgREST,f_lkohad_invelupaik,jarelkasv_tyyp,string,text,,Liigi tüüp (jarelkasv)
EELIS/PostgREST,f_lkohad_invelupaik,jarelkasv_tyyp_selg,string,text,,Liigi tüübi seletus (jarelkasv)
EELIS/PostgREST,f_lkohad_invelupaik,jarelkasv_tvoorliik_tyyp,string,text,,Liigi võõrliigi tüüp (jarelkasv)
EELIS/PostgREST,f_lkohad_invelupaik,jarelkasv_tvoorliik_tyyp_selg,string,text,,Liigi võõrliigi tüübi selgitus (jarelkasv)
EELIS/PostgREST,f_lkohad_invelupaik,alusmets_lnim_id,integer,integer,,Alusmets liigi ID
EELIS/PostgREST,f_lkohad_invelupaik,alusmets_lad_nim,string,text,,Liigi ladina k nimetus (alusmets)
EELIS/PostgREST,f_lkohad_invelupaik,alusmets_eest_nim,string,text,,Liigi eesti k nimetus (alusmets)
EELIS/PostgREST,f_lkohad_invelupaik,alusmets_ryhm,string,text,,Leiukoha liigi rühm (alusmets)
EELIS/PostgREST,f_lkohad_invelupaik,alusmets_ryhm_selg,string,text,,Leiukoha liigi rühma seletus (alusmets)
EELIS/PostgREST,f_lkohad_invelupaik,alusmets_kaitsekat,string,text,,Leiukoha liigi katisekategooria (alusmets)
EELIS/PostgREST,f_lkohad_invelupaik,alusmets_kaitsekat_selg,string,text,,Leiukoha liigi kaitsekategooria selgitus (alusmets)
EELIS/PostgREST,f_lkohad_invelupaik,alusmets_tyyp,string,text,,Liigi tüüp (alusmets)
EELIS/PostgREST,f_lkohad_invelupaik,alusmets_tyyp_selg,string,text,,Liigi tüübi selgitus (alusmets)
EELIS/PostgREST,f_lkohad_invelupaik,alusmets_tvoorliik_tyyp,string,text,,Liigi võõrliigi tüüp (alusmets)
EELIS/PostgREST,f_lkohad_invelupaik,alusmets_tvoorliik_tyyp_selg,string,text,,Liigi võõrliigi tüübi selgitus (alusmets)
EELIS/PostgREST,f_lkohad_invelupaik,graminoidid,string,text,,Graminoidid
EELIS/PostgREST,f_lkohad_invelupaik,graminoidid_selg,string,text,,Graminoidid selgitus
EELIS/PostgREST,f_lkohad_invelupaik,on_surnudpuud,boolean,boolean,,On surnud puud
EELIS/PostgREST,f_lkohad_invelupaik,on_lamapuit,boolean,boolean,,On lamapuit
EELIS/PostgREST,f_lkohad_invelupaik,lagunemisastmed,string,text,,Lagunemisastmed
EELIS/PostgREST,f_lkohad_invelupaik,lagunemisastmed_selg,string,text,,Lagunemisastmed selgitus
EELIS/PostgREST,f_lkohad_invelupaik,tx_erisused,string,text,,Erisused 
EELIS/PostgREST,f_lkohad_invelupaik,elemendid,string,text,,Elemendid 
EELIS/PostgREST,f_lkohad_invelupaik,elemendid_selg,string,text,,Elemendid selgitus
EELIS/PostgREST,f_lkohad_invelupaik,taimede_katvus,integer,integer,,Taimede katvus
EELIS/PostgREST,f_lkohad_invelupaik,taimede_sygavus,integer,integer,,Taimede sügavus
EELIS/PostgREST,f_lkohad_invelupaik,veeoitseng,string,text,,Veeõitseng kood
EELIS/PostgREST,f_lkohad_invelupaik,veeoitseng_selg,string,text,,Veeõitseng
EELIS/PostgREST,f_lkohad_invelupaik,virgestus,string,text,,Virgestus kood
EELIS/PostgREST,f_lkohad_invelupaik,virgestus_selg,string,text,,Virgestus
EELIS/PostgREST,f_lkohad_invelupaik,tx_virgestus,string,text,,Virgestus tekst
EELIS/PostgREST,f_lkohad_invelupaik,hydromorf,string,text,,Hüdromorf kood
EELIS/PostgREST,f_lkohad_invelupaik,hydromorf_selg,string,text,,Hüdromorf
EELIS/PostgREST,f_lkohad_invelupaik,reostus,string,text,,Reostus kood
EELIS/PostgREST,f_lkohad_invelupaik,reostus_selg,string,text,,Reostus
EELIS/PostgREST,f_lkohad_invelupaik,voorl_moju,string,text,,Võõrliik mõju kood
EELIS/PostgREST,f_lkohad_invelupaik,voorl_moju_selg,string,text,,Võõrliik mõju
EELIS/PostgREST,f_lkohad_invelupaik,kesk_x,number,double precision,,Inventeeritud elupaiga  tsentroidi x-koordinaat LEST97
EELIS/PostgREST,f_lkohad_invelupaik,kesk_y,number,double precision,,Inventeeritud elupaiga tsentroidi y-koordinaat LEST97
EELIS/PostgREST,f_lkohad_invelupaik,muut_aeg,string,timestamp without time zone,,Viimase muutmise aeg
EELIS/PostgREST,f_lkohad_invelupaik,keht_staatus,string,text,,Kehtivuse staatus
EELIS/PostgREST,f_lkohad_invelupaik,ehak_tekst,string,text,,EHAK koondinfo
EELIS/PostgREST,f_lkohad_invelupaik,ehak_kood1,string,text,,EHAK kood maakond
EELIS/PostgREST,f_lkohad_invelupaik,ehak_kood2,string,text,,EHAK kood vald
EELIS/PostgREST,f_lkohad_invelupaik,ehak_kood3,string,text,,EHAK alamtase
EELIS/PostgREST,f_lkohad_invelupaik,lkoht_id,integer,integer,,Leiukoha ID  Note: This is a Foreign Key to `f_lkohad.id`.<fk table='f_lkohad' column='id'/>
EELIS/PostgREST,f_lkohad_lnim,id,integer,integer,,Liigi id
EELIS/PostgREST,f_lkohad_lnim,ladnimi,string,text,,Liigi ladina k nimetus
EELIS/PostgREST,f_lkohad_lnim,estnimi,string,text,,Liigi eesti k nimetus
EELIS/PostgREST,f_lkohad_lnim,ryhm,string,text,,Leiukoha liigi rühm
EELIS/PostgREST,f_lkohad_lnim,ryhm_selg,string,text,,Leiukoha liigi rühma seletus
EELIS/PostgREST,f_lkohad_lnim,kaitsekategooria,string,text,,Leiukoha liigi katisekategooria
EELIS/PostgREST,f_lkohad_lnim,kaitsekategooria_selg,string,text,,Leiukoha liigi kaitsekategooria selgitus
EELIS/PostgREST,f_lkohad_lnim,tyyp,string,text,,Liigi tüüp
EELIS/PostgREST,f_lkohad_lnim,liigi_tyyp_selg,string,text,,Liigi tüübi selgitus
EELIS/PostgREST,f_lkohad_lnim,voorliik_tyyp,string,text,,Liigi võõrliigi tüüp
EELIS/PostgREST,f_lkohad_lnim,voorliik_tyyp_selg,string,text,,Liigi võõrliigi tüübi selgitus
EELIS/PostgREST,f_lkohad_lnim,linnudirektiiv_kood,string,text,,Linnudirektiiv
EELIS/PostgREST,f_lkohad_lnim,linnudirektiiv_selg,string,text,,Linnudirektiiv seletus
EELIS/PostgREST,f_lkohad_lnim,loodusdirketiiv_kood,string,text,,Loodusdirektiiv
EELIS/PostgREST,f_lkohad_lnim,loodusdirektiiv_selg,string,text,,Loodusdirektiiv seletus
EELIS/PostgREST,f_lkohad_lnim,lkoht_id,integer,integer,,Leiukoha ID  Note: This is a Foreign Key to `f_lkohad.id`.<fk table='f_lkohad' column='id'/>
EELIS/PostgREST,f_lkohad_py_ala,id,integer,integer,,Ala ID
EELIS/PostgREST,f_lkohad_py_ala,nimi,string,text,,Nimi
EELIS/PostgREST,f_lkohad_py_ala,tyyp,string,text,,Tüübi kood
EELIS/PostgREST,f_lkohad_py_ala,tyyp_selg,string,text,,Tüübi selgitus
EELIS/PostgREST,f_lkohad_py_ala,kuulub_id,integer,integer,,Asub kaitsealal ID
EELIS/PostgREST,f_lkohad_py_ala,kuulub_selg,string,text,,Asub kaitsealal nimi
EELIS/PostgREST,f_lkohad_py_ala,on_regobj,boolean,boolean,,On registriobjekt
EELIS/PostgREST,f_lkohad_py_ala,kkr_kood,string,text,,KKR kood
EELIS/PostgREST,f_lkohad_py_ala,cdda_kood,string,text,,CDDA kood
EELIS/PostgREST,f_lkohad_py_ala,iucn_tyyp,string,text,,IUCN kood
EELIS/PostgREST,f_lkohad_py_ala,iucn_tyyp_selg,string,text,,IUCN koodi selgitus
EELIS/PostgREST,f_lkohad_py_ala,al_yksiktyyp,string,text,,Üksikobjekti tüüp
EELIS/PostgREST,f_lkohad_py_ala,al_yksiktyyp_selg,string,text,,Üksikobjekti tüübi selgitus
EELIS/PostgREST,f_lkohad_py_ala,yksikobj_seisund,string,text,,Üksikobjekti seisund
EELIS/PostgREST,f_lkohad_py_ala,yksikobj_seisund_selg,string,text,,Üksikobjekti seisundi selgitus
EELIS/PostgREST,f_lkohad_py_ala,al_voondtyyp,string,text,,Vöönditüüp
EELIS/PostgREST,f_lkohad_py_ala,al_voondtyyp_selg,string,text,,Vöönditüüp nimi
EELIS/PostgREST,f_lkohad_py_ala,al_staatus,string,text,,Ala staatus
EELIS/PostgREST,f_lkohad_py_ala,al_staatus_selg,string,text,,Ala staatus nimi
EELIS/PostgREST,f_lkohad_py_ala,kaitsekorra_alus_id,integer,integer,,Kaitsekorra alus 
EELIS/PostgREST,f_lkohad_py_ala,pindala_maa,number,double precision,,Maismaa pindala
EELIS/PostgREST,f_lkohad_py_ala,pindala_vesi,number,double precision,,Siseveekogude pindala
EELIS/PostgREST,f_lkohad_py_ala,pindala_meri,number,double precision,,Mereosa pindala
EELIS/PostgREST,f_lkohad_py_ala,veekogu_id,integer,integer,,Koelmuala veekogu
EELIS/PostgREST,f_lkohad_py_ala,on_msoodust,boolean,boolean,,On maamaksusoodustus
EELIS/PostgREST,f_lkohad_py_ala,msoodust_prots,string,text,,Maamaksu protsent
EELIS/PostgREST,f_lkohad_py_ala,tx_kirjeldus,string,text,,Iseloomustus
EELIS/PostgREST,f_lkohad_py_ala,tx_eesmark,string,text,,Kaitse-eesmärgi täpsustus
EELIS/PostgREST,f_lkohad_py_ala,kesk_x,number,double precision,,Ala tsentroidi x-koordinaat LEST97
EELIS/PostgREST,f_lkohad_py_ala,kesk_y,number,double precision,,Ala tsentroidi y-koordinaat LEST97
EELIS/PostgREST,f_lkohad_py_ala,muut_aeg,string,timestamp without time zone,,Viimase muutmise aeg
EELIS/PostgREST,f_lkohad_py_ala,keht_staatus,string,text,,Kehtivuse staatus
EELIS/PostgREST,f_lkohad_py_ala,valitseja_reg_kood,string,text,,Ala valitseja kood
EELIS/PostgREST,f_lkohad_py_ala,valitseja_nimetus,string,text,,Ala valitseja nimetus
EELIS/PostgREST,f_lkohad_py_ala,ehak_tekst,string,text,,EHAK koondinfo
EELIS/PostgREST,f_lkohad_py_ala,ehak_kood1,string,text,,EHAK kood maakond
EELIS/PostgREST,f_lkohad_py_ala,ehak_kood2,string,text,,EHAK kood vald
EELIS/PostgREST,f_lkohad_py_ala,ehak_kood3,string,text,,EHAK alamtase
EELIS/PostgREST,f_lkohad_py_ala,lkoht_id,integer,integer,,Leiukoha ID  Note: This is a Foreign Key to `f_lkohad.id`.<fk table='f_lkohad' column='id'/>
EELIS/PostgREST,f_lkohad_py_ala,on_pysielupaik,integer,integer,,Leiukoha kaitseks loodud püsielupaik
EELIS/PostgREST,f_lkohad_veekogu,id,integer,integer,,veekogu id
EELIS/PostgREST,f_lkohad_veekogu,kood,string,text,,Veekogu kood
EELIS/PostgREST,f_lkohad_veekogu,tyyp,string,text,,Veekogu tüüp
EELIS/PostgREST,f_lkohad_veekogu,tyyp_selg,string,text,,Veekogu tüüp selgitus
EELIS/PostgREST,f_lkohad_veekogu,staatus,string,text,,Veekogu staatus
EELIS/PostgREST,f_lkohad_veekogu,staatus_selg,string,text,,Veekogu staatus selgitus
EELIS/PostgREST,f_lkohad_veekogu,keht_staatus,string,text,,Kehtivuse staatus
EELIS/PostgREST,f_lkohad_veekogu,nimi,string,text,,Veekogu nimi
EELIS/PostgREST,f_lkohad_veekogu,kkr_kood,string,text,,KKR kood
EELIS/PostgREST,f_lkohad_veekogu,muud_nimed,string,text,,Veekogu muud nimed
EELIS/PostgREST,f_lkohad_veekogu,avalik_kasut,string,text,,Avalik kasutatavus
EELIS/PostgREST,f_lkohad_veekogu,avalik_kasut_selg,string,text,,Avalik kasutatavus selgitus
EELIS/PostgREST,f_lkohad_veekogu,vesikond_id,integer,integer,,Vesikond (VRD)
EELIS/PostgREST,f_lkohad_veekogu,vesikond_selg,string,text,,Vesikond nimi
EELIS/PostgREST,f_lkohad_veekogu,vesikond_kuulub_id,string,text,,Kuulub id(vesikond)
EELIS/PostgREST,f_lkohad_veekogu,vesikond_kuulub_nimi,string,text,,Kuulub nimi (vesikond)
EELIS/PostgREST,f_lkohad_veekogu,on_pandivere_pv,boolean,boolean,,Asub nitraaditundlikul alal
EELIS/PostgREST,f_lkohad_veekogu,tx_lisainfo,string,text,,Lisainfo
EELIS/PostgREST,f_lkohad_veekogu,valgla_suurus,string,text,,Valgala suurus
EELIS/PostgREST,f_lkohad_veekogu,valgla_suurus_selg,string,text,,Valgala suurus selgitus
EELIS/PostgREST,f_lkohad_veekogu,valgla_pindala,number,double precision,,Valgala pindala
EELIS/PostgREST,f_lkohad_veekogu,valgla_aasta,integer,integer,,Valgala aasta
EELIS/PostgREST,f_lkohad_veekogu,vee_pindala,number,double precision,,Veepeegli pindala
EELIS/PostgREST,f_lkohad_veekogu,saarte_pindala,number,double precision,,Saarte pindala
EELIS/PostgREST,f_lkohad_veekogu,saarte_arv,integer,integer,,Saarte arv
EELIS/PostgREST,f_lkohad_veekogu,kesk_sygavus,number,double precision,,Keskmine sügavus
EELIS/PostgREST,f_lkohad_veekogu,max_sygavus,number,double precision,,Maksimaalne sügavus
EELIS/PostgREST,f_lkohad_veekogu,vrd_tyyp,string,text,,Veetüüp VRD
EELIS/PostgREST,f_lkohad_veekogu,vrd_tyyp_selg,string,text,,Veetüüp VRD selgitus
EELIS/PostgREST,f_lkohad_veekogu,tx_valgala,string,text,,Valgala kirjeldus
EELIS/PostgREST,f_lkohad_veekogu,vv_latte_ehak_id,integer,integer,,Lätte EHAK
EELIS/PostgREST,f_lkohad_veekogu,vv_latte_ehak_nimi,string,text,,Lätte EHAK nimi
EELIS/PostgREST,f_lkohad_veekogu,vv_latte_tyyp,string,text,,Lätte tüüp
EELIS/PostgREST,f_lkohad_veekogu,vv_latte_tyyp_selg,string,text,,Lätte tüüp selgitus
EELIS/PostgREST,f_lkohad_veekogu,vv_latte_id,integer,integer,,Lätte veekogu
EELIS/PostgREST,f_lkohad_veekogu,vv_latte_selg,string,text,,Lätte veekogu nimi
EELIS/PostgREST,f_lkohad_veekogu,vv_latte_kkr,string,text,,Lätte veekogu kkr
EELIS/PostgREST,f_lkohad_veekogu,vv_latte_x,number,double precision,,Lätte X
EELIS/PostgREST,f_lkohad_veekogu,vv_latte_y,number,double precision,,Lätte Y
EELIS/PostgREST,f_lkohad_veekogu,vv_suub_ehak_id,integer,integer,,Suubla EHAK
EELIS/PostgREST,f_lkohad_veekogu,vv_suub_ehak_selg,string,text,,Suubla EHAK nimi
EELIS/PostgREST,f_lkohad_veekogu,vv_suub_tyyp,string,text,,Suubumise tüüp
EELIS/PostgREST,f_lkohad_veekogu,vv_suub_tyyp_selg,string,text,,Suubumise tüüp selgitus
EELIS/PostgREST,f_lkohad_veekogu,vv_suub_id,integer,integer,,Suubub veekogusse
EELIS/PostgREST,f_lkohad_veekogu,vv_suub_selg,string,text,,Suubub veekogusse nimi
EELIS/PostgREST,f_lkohad_veekogu,vv_suub_kkr,string,text,,Suubub veekogusse kkr
EELIS/PostgREST,f_lkohad_veekogu,vv_suub_x,number,double precision,,Suubla X
EELIS/PostgREST,f_lkohad_veekogu,vv_suub_y,number,double precision,,Suubla Y
EELIS/PostgREST,f_lkohad_veekogu,vv_suub_jark,integer,integer,,Suubumise järk
EELIS/PostgREST,f_lkohad_veekogu,vv_suub_suudmest,number,double precision,,Suubumiskoha kaugus põhijõe suudmest (km)
EELIS/PostgREST,f_lkohad_veekogu,vv_pikkus3,number,double precision,,Vooluveekogu põhitelje pikkus (km)
EELIS/PostgREST,f_lkohad_veekogu,vv_tx_alg_kirj,string,text,,Lähtekoha kirjeldus
EELIS/PostgREST,f_lkohad_veekogu,vv_tx_suub_kirj,string,text,,Suubumiskoha kirjeldus
EELIS/PostgREST,f_lkohad_veekogu,jv_laius,number,double precision,,Järve laius (m)
EELIS/PostgREST,f_lkohad_veekogu,jv_pikkus,number,double precision,,Järve pikkus (m)
EELIS/PostgREST,f_lkohad_veekogu,jv_kaldaj,number,double precision,,Kaldajoone pikkus (m)
EELIS/PostgREST,f_lkohad_veekogu,jv_maht,number,double precision,,Maht (tuh m³)
EELIS/PostgREST,f_lkohad_veekogu,jv_kalda_liigend,number,double precision,,Kalda liigendatus
EELIS/PostgREST,f_lkohad_veekogu,jv_veevahetus,number,double precision,,Veevahetus (korda aastas)
EELIS/PostgREST,f_lkohad_veekogu,jv_on_umbjarv,boolean,boolean,,On umbjärv
EELIS/PostgREST,f_lkohad_veekogu,jv_limn_tyyp,string,text,,Limnoloogiline tüüp
EELIS/PostgREST,f_lkohad_veekogu,jv_limn_tyyp_selg,string,text,,Limnoloogiline tüüp selgitus
EELIS/PostgREST,f_lkohad_veekogu,jv_veevah_skaala,string,text,,Veevahetuse skaala (järv)
EELIS/PostgREST,f_lkohad_veekogu,jv_veevah_skaala_selg,string,text,,Veevahetus skaala (järv) selgitus
EELIS/PostgREST,f_lkohad_veekogu,jv_labiv_id,integer,integer,,Läbivoolav veekogu
EELIS/PostgREST,f_lkohad_veekogu,jv_labiv_selg,string,text,,Läbivoolav veekogu nimi
EELIS/PostgREST,f_lkohad_veekogu,jv_labiv_kkr,string,text,,Läbivoolav veekogu kkr kood
EELIS/PostgREST,f_lkohad_veekogu,me_grupp_id,integer,integer,,Kuulub mereala juurde
EELIS/PostgREST,f_lkohad_veekogu,me_grupp_selg,string,text,,Mereala nimi
EELIS/PostgREST,f_lkohad_veekogu,me_grupp_kkr,string,text,,Mereala kkr kood
EELIS/PostgREST,f_lkohad_veekogu,al_tundlik_ala_id,integer,integer,,Asub olulisel allika- või karstialal
EELIS/PostgREST,f_lkohad_veekogu,tundlik_ala_selg,string,text,,Allika- või karstiala nimi
EELIS/PostgREST,f_lkohad_veekogu,tundlik_ala_kkr,string,text,,Allika- või karstiala kkr kood
EELIS/PostgREST,f_lkohad_veekogu,kesk_x,number,double precision,,Veekogu tsentroidi x-koordinaat
EELIS/PostgREST,f_lkohad_veekogu,kesk_y,number,double precision,,Veekogu tsentroidi y-koordinaat
EELIS/PostgREST,f_lkohad_veekogu,muut_staatus,string,text,,Menetlusfaas
EELIS/PostgREST,f_lkohad_veekogu,muut_staatus_selg,string,text,,Menetlusfaas selgitus
EELIS/PostgREST,f_lkohad_veekogu,muut_aeg,string,timestamp without time zone,,Viimase muutmise aeg
EELIS/PostgREST,f_lkohad_veekogu,ehak_tekst,string,text,,EHAK koondinfo
EELIS/PostgREST,f_lkohad_veekogu,ehak_kood1,string,text,,EHAK kood maakond
EELIS/PostgREST,f_lkohad_veekogu,ehak_kood2,string,text,,EHAK kood vald
EELIS/PostgREST,f_lkohad_veekogu,ehak_kood3,string,text,,EHAK alamtase
EELIS/PostgREST,f_lkohad_veekogu,lkoht_id,integer,integer,,Leiukoha ID  Note: This is a Foreign Key to `f_lkohad.id`.<fk table='f_lkohad' column='id'/>
EELIS/PostgREST,f_luba_curr,loa_number,string,character varying,jah,Note: This is a Primary Key.<pk/>
EELIS/PostgREST,f_luba_curr,loa_versioon,integer,integer,,
EELIS/PostgREST,f_luba_curr,staatus,string,character varying,,
EELIS/PostgREST,f_luba_curr,staatus_selg,string,text,,
EELIS/PostgREST,f_luba_curr,loa_tyyp,string,character varying,,
EELIS/PostgREST,f_luba_curr,loa_tyyp_selg,string,text,,
EELIS/PostgREST,f_luba_curr,valdkond,string,character varying,,
EELIS/PostgREST,f_luba_curr,valdkond_selg,string,text,,
EELIS/PostgREST,f_luba_curr,kehtib_alates,string,date,,
EELIS/PostgREST,f_luba_curr,kehtib_kuni,string,date,,
EELIS/PostgREST,f_luba_curr,valjaandmise_kpv,string,date,,
EELIS/PostgREST,f_luba_curr,loa_objekt,string,character varying,,
EELIS/PostgREST,f_luba_curr,veekasutuse_deklaratsioon,boolean,boolean,,
EELIS/PostgREST,f_luba_curr,veesaastetasu_deklaratsioon,boolean,boolean,,
EELIS/PostgREST,f_luba_curr,jaatmete_deklaratsioon,boolean,boolean,,
EELIS/PostgREST,f_luba_curr,ohu_deklaratsioon,boolean,boolean,,
EELIS/PostgREST,f_luba_curr,veekasutuse_aruanne,boolean,boolean,,
EELIS/PostgREST,f_luba_curr,jaatmete_aruanne,boolean,boolean,,
EELIS/PostgREST,f_luba_curr,ohu_aruanne,boolean,boolean,,
EELIS/PostgREST,f_luba_curr,kiirgusallikate_aruanne,boolean,boolean,,
EELIS/PostgREST,f_luba_curr,loaomajanimi,string,character varying,,
EELIS/PostgREST,f_luba_curr,loaomajakood,string,character varying,,
EELIS/PostgREST,f_luba_curr,tegevuskoht_aadress,string,character varying,,
EELIS/PostgREST,f_luba_curr,tegevuskoht_katastrinr,string,text,,
EELIS/PostgREST,f_luba_curr,tegevuskoht_nimetus,string,character varying,,
EELIS/PostgREST,f_luba_curr,tegevuskoht_territoriaalkood,string,character varying,,
EELIS/PostgREST,f_luba_curr,tegevuskoht_kaitiseterritoorium,string,text,,
EELIS/PostgREST,f_luba_curr,tegevuskoha_kov,string,character varying,,
EELIS/PostgREST,f_luba_curr,tegevuskoha_maakond,string,character varying,,
EELIS/PostgREST,f_luba_curr,loakehtimahakkamisekp,string,date,,
EELIS/PostgREST,f_luba_curr,loppemiseviis,string,character varying,,
EELIS/PostgREST,f_luba_curr,loppemisekp,string,date,,
EELIS/PostgREST,f_maa_deklar_kaevand_maht_api,aasta,integer,integer,,Deklaratsiooni aruandlusperioodi aasta
EELIS/PostgREST,f_maa_deklar_kaevand_maht_api,kvartal,integer,integer,,Deklaratsiooni aruandlusperioodi kvartal
EELIS/PostgREST,f_maa_deklar_kaevand_maht_api,tegevuskoha_kov_nimetus,string,text,,Kohaliku omavalitsuse nimi
EELIS/PostgREST,f_maa_deklar_kaevand_maht_api,tegevuskoha_maakonna_nimetus,string,text,,Maakonna nimi
EELIS/PostgREST,f_maa_deklar_kaevand_maht_api,kaevandatud_maavara_kogus,number,numeric,,Kaevandatud maavara kogus
EELIS/PostgREST,f_maa_deklar_kaevand_maht_api,kasutatud_ja_kasutamiskolbmatuks_muudetud_maavara_kogus,number,numeric,,Kasutatud ja kasutamiskõlbmatuks muudetud maavara kogus
EELIS/PostgREST,f_maa_deklar_kaevand_maht_api,allpool_pohjavee_taset_kaevandatud_maavara_kogus,number,numeric,,Allpool põhjavee taset kaevandatud maavara kogus
EELIS/PostgREST,f_maa_deklar_kaevand_maht_api,mootuhiku_tahis,string,text,,Mõõtühiku tähis
EELIS/PostgREST,f_maa_deklar_kaevand_maht_api,maavara_nimetus,string,text,,Maavara nimetus
EELIS/PostgREST,f_maa_deklar_kaevand_maht_api,kasutusala_nimetus,string,text,,Kasutusala nimetus
EELIS/PostgREST,f_maa_deklar_tasu_api,aasta,integer,integer,,Deklaratsiooni aruandlusperioodi aasta
EELIS/PostgREST,f_maa_deklar_tasu_api,kvartal,integer,integer,,Deklaratsiooni aruandlusperioodi kvartal
EELIS/PostgREST,f_maa_deklar_tasu_api,tegevuskoha_kov_nimetus,string,text,,Kohaliku omavalitsuse nimi
EELIS/PostgREST,f_maa_deklar_tasu_api,tegevuskoha_maakonna_nimetus,string,text,,Maakonna nimi
EELIS/PostgREST,f_maa_deklar_tasu_api,kaevandatud_maavara_kogus_kokku,number,numeric,,Kaevandatud maavara kogus kokku
EELIS/PostgREST,f_maa_deklar_tasu_api,tasumaar,number,numeric,,Tasumäär (eurot/ühik)
EELIS/PostgREST,f_maa_deklar_tasu_api,kaevandatud_maavara_tasu_kokku,number,numeric,,Kaevandatud maavara tasu kokku
EELIS/PostgREST,f_maa_deklar_tasu_api,maavara_nimetus,string,text,,Maavara nimetus
EELIS/PostgREST,f_maa_deklar_tasu_api,mootuhiku_tahis,string,text,,Mõõtühiku tähis
EELIS/PostgREST,f_maa_deklar_tulusaaja_api,aasta,integer,integer,,Deklaratsiooni aruandlusperioodi aasta
EELIS/PostgREST,f_maa_deklar_tulusaaja_api,kvartal,integer,integer,,Deklaratsiooni aruandlusperioodi kvartal
EELIS/PostgREST,f_maa_deklar_tulusaaja_api,kaevandatud_maavara_tasu,number,numeric,,Kaevandatud maavara tasu
EELIS/PostgREST,f_maa_deklar_tulusaaja_api,tulusaaja_nimetus,string,text,,Tulusaaja nimetus
EELIS/PostgREST,f_maa_deklar_tulusaaja_api,kov_nimetus,string,text,,Kohaliku omavalitsuse nimetus
EELIS/PostgREST,f_maa_deklar_tulusaaja_api,kov_maakonna_nimetus,string,text,,Kohaliku omavalitsuse maakonna nimetus
EELIS/PostgREST,f_maa_deklar_tulusaaja_api,kov_ehak_kood,string,text,,Kohaliku omavalitsuse EHAK kood
EELIS/PostgREST,f_maasoojussysteemid,id,integer,integer,jah,Id  Note: This is a Primary Key.<pk/>
EELIS/PostgREST,f_maasoojussysteemid,keht_staatus,string,text,,Kehtivuse staatus
EELIS/PostgREST,f_maasoojussysteemid,kkr_kood,string,text,,KKR kood
EELIS/PostgREST,f_maasoojussysteemid,aadress,string,text,,Aadress
EELIS/PostgREST,f_maasoojussysteemid,tyyp,string,text,,Maasoojussüsteemi tüüp
EELIS/PostgREST,f_maasoojussysteemid,tyyp_selg,string,text,,Maasoojussüsteemi tüüp selgitus
EELIS/PostgREST,f_maasoojussysteemid,maayksus,string,text,,Maaüksus
EELIS/PostgREST,f_maasoojussysteemid,maayksus_nimi,string,text,,MaaüksusNimi
EELIS/PostgREST,f_maasoojussysteemid,voimsus,number,numeric,,Võimsus (kW)
EELIS/PostgREST,f_maasoojussysteemid,kasutegur,number,numeric,,Sesoonne kasutegur (SPF)
EELIS/PostgREST,f_maasoojussysteemid,vedelik,string,text,,Soojuskandevedelik
EELIS/PostgREST,f_maasoojussysteemid,puurauk_arv,integer,integer,,Puuraukude arv
EELIS/PostgREST,f_maasoojussysteemid,puurauk_voimsus,number,numeric,,Ühest puuraugust saadav arvutuslik soojusvõimsus (kW)
EELIS/PostgREST,f_maasoojussysteemid,toru_pikkus,number,numeric,,Horisontaalsüsteemi toru pikkus (m)
EELIS/PostgREST,f_maasoojussysteemid,kesk_x,number,double precision,,Keskpunkti X-koordinaat
EELIS/PostgREST,f_maasoojussysteemid,kesk_y,number,double precision,,Keskpunkti Y-koordinaat
EELIS/PostgREST,f_maasoojussysteemid,muut_staatus,string,text,,Menetlusfaas
EELIS/PostgREST,f_maasoojussysteemid,muut_staatus_selg,string,text,,Menetlusfaas selgitus
EELIS/PostgREST,f_maasoojussysteemid,muut_aeg,string,timestamp without time zone,,Muutmise aeg
EELIS/PostgREST,f_maasoojussysteemid,ehak_tekst,string,text,,EHAK koondinfo
EELIS/PostgREST,f_maasoojussysteemid,ehak_kood1,string,text,,EHAK kood maakond
EELIS/PostgREST,f_maasoojussysteemid,ehak_kood2,string,text,,EHAK kood vald
EELIS/PostgREST,f_maasoojussysteemid,ehak_kood3,string,text,,EHAK alamtase
EELIS/PostgREST,f_maasoojussysteemid_ehak,id,integer,integer,,EHAK ID
EELIS/PostgREST,f_maasoojussysteemid_ehak,ehak_kood,string,text,,EHAK kood
EELIS/PostgREST,f_maasoojussysteemid_ehak,ehak_nimi,string,text,,EHAK nimi
EELIS/PostgREST,f_maasoojussysteemid_ehak,ehak_rnimi,string,text,,EHAK rööpnimi
EELIS/PostgREST,f_maasoojussysteemid_ehak,vald,string,text,,Vald nimi
EELIS/PostgREST,f_maasoojussysteemid_ehak,maa,string,text,,Maakond nimi
EELIS/PostgREST,f_maasoojussysteemid_ehak,tyyp,string,text,,EHAK tase
EELIS/PostgREST,f_maasoojussysteemid_ehak,ehak_tyyp_selg,string,text,,EHAK tase selgitus
EELIS/PostgREST,f_maasoojussysteemid_ehak,ehak_parent,string,text,,EHAK kõrgema taseme kood
EELIS/PostgREST,f_maasoojussysteemid_ehak,ehak_muut_aeg,string,timestamp without time zone,,Viimase muudatuse aeg (EHAK)
EELIS/PostgREST,f_maasoojussysteemid_ehak,maasoojussysteem_id,integer,integer,,Maasoojusüsteemi ID  Note: This is a Foreign Key to `f_maasoojussysteemid.id`.<fk table='f_maasoojussysteemid' column='id'/>
EELIS/PostgREST,f_maasoojussysteemid_puurauk,id,integer,integer,,ID
EELIS/PostgREST,f_maasoojussysteemid_puurauk,tyyp,string,text,,Tüüp
EELIS/PostgREST,f_maasoojussysteemid_puurauk,tyyp_selg,string,text,,Tüüp selgitus
EELIS/PostgREST,f_maasoojussysteemid_puurauk,nimi,string,text,,Nimi
EELIS/PostgREST,f_maasoojussysteemid_puurauk,keht_staatus,string,text,,Kehtivuse staatus
EELIS/PostgREST,f_maasoojussysteemid_puurauk,kkr_kood,string,text,,Registrikood
EELIS/PostgREST,f_maasoojussysteemid_puurauk,jaakreostusala_id,integer,integer,,Jaakreostusala
EELIS/PostgREST,f_maasoojussysteemid_puurauk,jaakreostusala_nimi,string,text,,Jaakreostusala nimi
EELIS/PostgREST,f_maasoojussysteemid_puurauk,jaakreostusala_kkr_kood,string,text,,Jaakreostusala KKR kood
EELIS/PostgREST,f_maasoojussysteemid_puurauk,veehaare_id,integer,integer,,Veehaare ID
EELIS/PostgREST,f_maasoojussysteemid_puurauk,puurija_id,integer,integer,,Puurija ID
EELIS/PostgREST,f_maasoojussysteemid_puurauk,puurija_nimi,string,text,,Puurija nimetus
EELIS/PostgREST,f_maasoojussysteemid_puurauk,puurija_kood,string,text,,Puurija kood
EELIS/PostgREST,f_maasoojussysteemid_puurauk,valdaja_id,integer,integer,,Valdaja
EELIS/PostgREST,f_maasoojussysteemid_puurauk,valdaja_nimi,string,text,,Valdaja nimetus
EELIS/PostgREST,f_maasoojussysteemid_puurauk,valdaja_kood,string,text,,Valdaja kood
EELIS/PostgREST,f_maasoojussysteemid_puurauk,maasoojussysteem_id,integer,integer,,Kuulub maasoojussüsteemi  Note: This is a Foreign Key to `f_maasoojussysteemid.id`.<fk table='f_maasoojussysteemid' column='id'/>
EELIS/PostgREST,f_maasoojussysteemid_puurauk,maayksus,string,text,,Maaüksuse tunnus
EELIS/PostgREST,f_maasoojussysteemid_puurauk,maayksus_nimi,string,text,,Maaüksuse nimi
EELIS/PostgREST,f_maasoojussysteemid_puurauk,voond_toiteala_id,integer,integer,,Toiteala
EELIS/PostgREST,f_maasoojussysteemid_puurauk,on_pandivere_pv,boolean,boolean,,Asub nitraaditundlikul alal 
EELIS/PostgREST,f_maasoojussysteemid_puurauk,katastri_nr,string,text,,Katastri nr
EELIS/PostgREST,f_maasoojussysteemid_puurauk,pass_nr,string,text,,Pass nr
EELIS/PostgREST,f_maasoojussysteemid_puurauk,invent_nr,string,text,,Inventari nr
EELIS/PostgREST,f_maasoojussysteemid_puurauk,puur_nr,string,text,,Puuraugu nr
EELIS/PostgREST,f_maasoojussysteemid_puurauk,seire_nr,string,text,,Seire nr
EELIS/PostgREST,f_maasoojussysteemid_puurauk,akti_nr,string,text,,Akti nr
EELIS/PostgREST,f_maasoojussysteemid_puurauk,kivimikiht_id,integer,integer,,Kivimikiht
EELIS/PostgREST,f_maasoojussysteemid_puurauk,kivimikiht_tyyp,string,text,,Kivimikiht tüüp
EELIS/PostgREST,f_maasoojussysteemid_puurauk,kivimikiht_kood,string,text,,Kivimikiht kood
EELIS/PostgREST,f_maasoojussysteemid_puurauk,kivimikiht_nimi,string,text,,Kivimikiht nimi
EELIS/PostgREST,f_maasoojussysteemid_puurauk,kivimikiht_nimi_en,string,text,,Kivimikiht nimi ingl k
EELIS/PostgREST,f_maasoojussysteemid_puurauk,kivimikiht_tx_lisainfo,string,text,,Kivimikiht lisainfo
EELIS/PostgREST,f_maasoojussysteemid_puurauk,kivimikiht_tx_leviala,string,text,,Kivimikiht leviala
EELIS/PostgREST,f_maasoojussysteemid_puurauk,veekiht_nimi,string,text,,Põhjaveekihi nimetus
EELIS/PostgREST,f_maasoojussysteemid_puurauk,veekiht,string,text,,Põhjaveekihi indeks
EELIS/PostgREST,f_maasoojussysteemid_puurauk,veekogum,string,text,,Veekogum
EELIS/PostgREST,f_maasoojussysteemid_puurauk,pohjaveekogum_id,integer,integer,,Pohjaveekogum
EELIS/PostgREST,f_maasoojussysteemid_puurauk,pohjaveekogum_nimi,string,text,,Pohjaveekogumi nimi
EELIS/PostgREST,f_maasoojussysteemid_puurauk,pohjaveekogum_pealmine_id,integer,integer,,Pealmine läbitav põhjaveekogum
EELIS/PostgREST,f_maasoojussysteemid_puurauk,vesikond_id,integer,integer,,Vesikond
EELIS/PostgREST,f_maasoojussysteemid_puurauk,arv_k_nr,string,text,,ArvKNr
EELIS/PostgREST,f_maasoojussysteemid_puurauk,aruande_nr,string,text,,Aruande nr 
EELIS/PostgREST,f_maasoojussysteemid_puurauk,aadress,string,text,,Aadress
EELIS/PostgREST,f_maasoojussysteemid_puurauk,z_abs,number,double precision,,Maapinna absoluutkõrgus (m)
EELIS/PostgREST,f_maasoojussysteemid_puurauk,sygavus,number,double precision,,Sügavus (m)
EELIS/PostgREST,f_maasoojussysteemid_puurauk,kasutus,string,text,,Kasutus
EELIS/PostgREST,f_maasoojussysteemid_puurauk,kasutus_selg,string,text,,Kasutus selgitus
EELIS/PostgREST,f_maasoojussysteemid_puurauk,rajam_kp,string,timestamp without time zone,,Rajamise kuupäev
EELIS/PostgREST,f_maasoojussysteemid_puurauk,puur_aasta,integer,integer,,Puurimise aasta
EELIS/PostgREST,f_maasoojussysteemid_puurauk,renov_aasta,integer,integer,,Renoveerimise aasta
EELIS/PostgREST,f_maasoojussysteemid_puurauk,likv_aasta,integer,integer,,Likvideerimise aasta
EELIS/PostgREST,f_maasoojussysteemid_puurauk,puur_org,string,text,,Puurinud ettevõte
EELIS/PostgREST,f_maasoojussysteemid_puurauk,puur_viis,string,text,,Puurimise viis
EELIS/PostgREST,f_maasoojussysteemid_puurauk,puur_viis_selg,string,text,,Puurimise viis selgitus
EELIS/PostgREST,f_maasoojussysteemid_puurauk,puur_mark,string,text,,Puurmasina tüüp/mark
EELIS/PostgREST,f_maasoojussysteemid_puurauk,pump_liik,string,text,,Pump. liik
EELIS/PostgREST,f_maasoojussysteemid_puurauk,pump_liik_selg,string,text,,Pump. Liik selgitus
EELIS/PostgREST,f_maasoojussysteemid_puurauk,pump_viis,string,text,,Pump. viis
EELIS/PostgREST,f_maasoojussysteemid_puurauk,pump_viis_selg,string,text,,Pump. Viis selgitus
EELIS/PostgREST,f_maasoojussysteemid_puurauk,tehn_seisund,string,text,,Tehn. seisund
EELIS/PostgREST,f_maasoojussysteemid_puurauk,san_seisund,string,text,,San. seisund
EELIS/PostgREST,f_maasoojussysteemid_puurauk,san_seisund_selg,string,text,,San. Seisund selgitus
EELIS/PostgREST,f_maasoojussysteemid_puurauk,san_kaitseala,string,text,,San. kaitseala
EELIS/PostgREST,f_maasoojussysteemid_puurauk,kesk_x,number,double precision,,x
EELIS/PostgREST,f_maasoojussysteemid_puurauk,kesk_y,number,double precision,,y
EELIS/PostgREST,f_maasoojussysteemid_puurauk,muut_aeg,string,timestamp without time zone,,Muutmise aeg
EELIS/PostgREST,f_maasoojussysteemid_puurauk,ehak_tekst,string,text,,EHAK koondinfo
EELIS/PostgREST,f_maasoojussysteemid_puurauk,ehak_kood1,string,text,,EHAK kood maakond
EELIS/PostgREST,f_maasoojussysteemid_puurauk,ehak_kood2,string,text,,EHAK kood vald
EELIS/PostgREST,f_maasoojussysteemid_puurauk,ehak_kood3,string,text,,EHAK alamtase
EELIS/PostgREST,f_paisud,id,integer,integer,jah,ID  Note: This is a Primary Key.<pk/>
EELIS/PostgREST,f_paisud,id_text,string,text,,ID kood tekst väljatüübina
EELIS/PostgREST,f_paisud,kood,string,text,,Kood
EELIS/PostgREST,f_paisud,keht_staatus,string,text,,Kehtivuse staatus
EELIS/PostgREST,f_paisud,staatus,string,text,,Staatus
EELIS/PostgREST,f_paisud,staatus_selg,string,text,,Staatuse selgitus
EELIS/PostgREST,f_paisud,veekogu_klass,string,text,,Veekogu klass
EELIS/PostgREST,f_paisud,klass_selg,string,text,,Veekogu klassi selgitus
EELIS/PostgREST,f_paisud,lopp_aasta,integer,integer,,Lõppaasta
EELIS/PostgREST,f_paisud,nimi,string,text,,Nimi
EELIS/PostgREST,f_paisud,ehak_id,integer,integer,,Kohanimi
EELIS/PostgREST,f_paisud,paisutatav_jogi_id,integer,integer,,Paisutav jõe ID
EELIS/PostgREST,f_paisud,paisutatav_jogi_nimi,string,text,,Paisutava jõe nimi
EELIS/PostgREST,f_paisud,paisutatav_jogi_kkr_kood,string,text,,Paisutava jõe KKR kood
EELIS/PostgREST,f_paisud,paisutatav_jogi_keht_staatus,string,text,,1
EELIS/PostgREST,f_paisud,paisjarv_id,integer,integer,,Paisjärv ID
EELIS/PostgREST,f_paisud,paisjarv_nimi,string,text,,Paisjärve nimi
EELIS/PostgREST,f_paisud,paisjarv_kkr_kood,string,text,,Paisjärve KKR kood
EELIS/PostgREST,f_paisud,paisjarv_keht_staatus,string,text,,Paisjärve kehtivuse staatus
EELIS/PostgREST,f_paisud,on_elupaikade_nimistus,boolean,boolean,,On kaitstavate elupaikade nimistus
EELIS/PostgREST,f_paisud,tx_kalapaas,string,text,,Kalapääsu kirjeldus
EELIS/PostgREST,f_paisud,kesk_x,number,double precision,,Paisu keskpunkti X-koordinaat
EELIS/PostgREST,f_paisud,kesk_y,number,double precision,,Paisu keskpunkti Y-koordinaat
EELIS/PostgREST,f_paisud,muut_aeg,string,timestamp without time zone,,Viimase muutmise aeg
EELIS/PostgREST,f_paisud,ehak_tekst,string,text,,EHAK koondinfo
EELIS/PostgREST,f_paisud,ehak_kood1,string,text,,EHAK kood maakond
EELIS/PostgREST,f_paisud,ehak_kood2,string,text,,EHAK kood vald
EELIS/PostgREST,f_paisud,ehak_kood3,string,text,,EHAK alamtase
EELIS/PostgREST,f_paisud_kandealus,kand_id,integer,integer,,Kandealus ID
EELIS/PostgREST,f_paisud_kandealus,kand_kood,string,text,,Kandealus kood
EELIS/PostgREST,f_paisud_kandealus,kand_tyyp,string,text,,Kandealus tüüp
EELIS/PostgREST,f_paisud_kandealus,kand_tyyp_selg,string,text,,Kandealus tüüp selgitus
EELIS/PostgREST,f_paisud_kandealus,kand_nimi,string,text,,Kandealus nimi
EELIS/PostgREST,f_paisud_kandealus,kand_obj_tyyp,string,text,,Objekti tüüp (kandealus)
EELIS/PostgREST,f_paisud_kandealus,kand_obj_tyyp_selg,string,text,,Objekti tüüp selgitus (kandealus)
EELIS/PostgREST,f_paisud_kandealus,kand_kpv,string,timestamp without time zone,,Kandealus kuupäev
EELIS/PostgREST,f_paisud_kandealus,kand_alusdok_id,integer,integer,,Alusdokumendi ID 
EELIS/PostgREST,f_paisud_kandealus,kand_alusdok_nimi,string,text,,Alusdokumendi nimi
EELIS/PostgREST,f_paisud_kandealus,kand_alusdok_alg_kehtib,string,timestamp without time zone,,Alusdokumendi kehtib alates kuupäev
EELIS/PostgREST,f_paisud_kandealus,kand_aruanne_id,integer,integer,,Aruanne
EELIS/PostgREST,f_paisud_kandealus,kand_aruanne_nimi,string,text,,Aruande nimi
EELIS/PostgREST,f_paisud_kandealus,kand_aruanne_aasta,integer,integer,,Aruande aasta
EELIS/PostgREST,f_paisud_kandealus,kand_esitamise_viis,string,text,,Esitamise viis
EELIS/PostgREST,f_paisud_kandealus,kand_esit_viis_selg,string,text,,Esitamise viis selgitus
EELIS/PostgREST,f_paisud_kandealus,kand_dok_kpv,string,timestamp without time zone,,Kandealus dokumendi kuupäev
EELIS/PostgREST,f_paisud_kandealus,kand_tx_lisainfo,string,text,,Lisainfo (kandealus)
EELIS/PostgREST,f_paisud_kandealus,kand_muut_aeg,string,timestamp without time zone,,Viimase muutmise aeg (kandealus)
EELIS/PostgREST,f_paisud_kandealus,pais_id,integer,integer,,Pais ID  Note: This is a Foreign Key to `f_paisud.id`.<fk table='f_paisud' column='id'/>
EELIS/PostgREST,f_paisud_kirjandus,kirj_id,integer,integer,,Kirjandus ID
EELIS/PostgREST,f_paisud_kirjandus,tyyp,string,text,,Tüüp
EELIS/PostgREST,f_paisud_kirjandus,kirjandus_tyyp_selg,string,text,,Kirjandus tüübi selgitus
EELIS/PostgREST,f_paisud_kirjandus,kuulub_id,integer,integer,,Kuulub
EELIS/PostgREST,f_paisud_kirjandus,kirj_nimi_sari,string,text,,Sarja nimi
EELIS/PostgREST,f_paisud_kirjandus,kirj_nimi,string,text,,Teose nimi
EELIS/PostgREST,f_paisud_kirjandus,kirj_artikkel,string,text,,Artikkel
EELIS/PostgREST,f_paisud_kirjandus,kirj_tx_viide,string,text,,Kirjanduse viide
EELIS/PostgREST,f_paisud_kirjandus,kirj_autor,string,text,,Teose autor
EELIS/PostgREST,f_paisud_kirjandus,kirj_fjisik_nimi,string,text,,Autori ees- ja perekonnanimi
EELIS/PostgREST,f_paisud_kirjandus,kirj_fjisik_nimetus,string,text,,Nimetus
EELIS/PostgREST,f_paisud_kirjandus,valjaandja,string,text,,Teose väljaandja
EELIS/PostgREST,f_paisud_kirjandus,valjaandja_id,integer,integer,,Teose väljaandja ID
EELIS/PostgREST,f_paisud_kirjandus,aeg_kp,string,timestamp without time zone,,Avaldamise kuupäev (kirjandus)
EELIS/PostgREST,f_paisud_kirjandus,kirj_aeg_aasta,integer,integer,,Avaldamise aasta (kirjandus)
EELIS/PostgREST,f_paisud_kirjandus,aeg_kuu,integer,integer,,Avaldamise kuu (kirjandus)
EELIS/PostgREST,f_paisud_kirjandus,teema,string,text,,Kirjanduse teemad
EELIS/PostgREST,f_paisud_kirjandus,url,string,text,,Kirjanduse link
EELIS/PostgREST,f_paisud_kirjandus,tx_kirjeldus,string,text,,Teose kirjeldus
EELIS/PostgREST,f_paisud_kirjandus,tx_litsents,string,text,,Teose litsents
EELIS/PostgREST,f_paisud_kirjandus,sisu_tyyp,string,text,,Sisu tüüp
EELIS/PostgREST,f_paisud_kirjandus,sisu_tyyp_selg,string,text,,Sisu tüübi selgitus
EELIS/PostgREST,f_paisud_kirjandus,tx_sisu,string,text,,Kirjanduse sisu
EELIS/PostgREST,f_paisud_kirjandus,kirj_muut_aeg,string,timestamp without time zone,,Viimase muutmise aeg (kirjandus)
EELIS/PostgREST,f_paisud_kirjandus,pais_id,integer,integer,,Pais ID  Note: This is a Foreign Key to `f_paisud.id`.<fk table='f_paisud' column='id'/>
EELIS/PostgREST,f_paisud_klis_luba,kluba_id,integer,integer,,Paisu KOTKAS loa ID
EELIS/PostgREST,f_paisud_klis_luba,kluba_kood,string,text,,KOTKASe loa kood
EELIS/PostgREST,f_paisud_klis_luba,pais_id,integer,integer,,Paisu ID  Note: This is a Foreign Key to `f_paisud.id`.<fk table='f_paisud' column='id'/>
EELIS/PostgREST,f_paisud_klis_luba,kotkas_url,string,text,,KOTKASe loa link
EELIS/PostgREST,f_paisud_veekogum,id,integer,integer,,Id
EELIS/PostgREST,f_paisud_veekogum,kood,string,text,,Kood
EELIS/PostgREST,f_paisud_veekogum,kood_cd,string,text,,EL kood
EELIS/PostgREST,f_paisud_veekogum,nimi,string,text,,Nimi
EELIS/PostgREST,f_paisud_veekogum,lyhend,string,text,,Lühinimi
EELIS/PostgREST,f_paisud_veekogum,tyyp,string,text,,Kategooria
EELIS/PostgREST,f_paisud_veekogum,tyyp_selg,string,text,,Kategooria selgitus
EELIS/PostgREST,f_paisud_veekogum,alamkategooria,string,text,,Alamkategooria
EELIS/PostgREST,f_paisud_veekogum,alamkategooria_selg,string,text,,Alamkategooria selgitus
EELIS/PostgREST,f_paisud_veekogum,tmv_pohjus,string,text,,TMV määramise põhjendus
EELIS/PostgREST,f_paisud_veekogum,tmv_pohjus_selg,string,text,,TMV määramise põhjendus selgitus
EELIS/PostgREST,f_paisud_veekogum,tmv_muutused,string,text,,TMV põhjendus (füüsilised muutused)
EELIS/PostgREST,f_paisud_veekogum,tmv_muutused_selg,string,text,,TMV põhjendus (füüsilised muutused) selgitus
EELIS/PostgREST,f_paisud_veekogum,tx_tmv_info,string,text,,TMV info
EELIS/PostgREST,f_paisud_veekogum,veekogu_tyyp,string,text,,Veekogu tüüp
EELIS/PostgREST,f_paisud_veekogum,veekogu_tyyp_selg,string,text,,Veekogu tüüp selgitus
EELIS/PostgREST,f_paisud_veekogum,vee_tyyp,string,text,,Vee tüüp
EELIS/PostgREST,f_paisud_veekogum,vee_tyyp_selg,string,text,,Vee tüüp selgitus
EELIS/PostgREST,f_paisud_veekogum,interkalibr_tyyp,string,text,,Interkalibreerimise tüüp
EELIS/PostgREST,f_paisud_veekogum,interkalibr_tyyp_selg,string,text,,Interkalibreerimise tüüp selgitus
EELIS/PostgREST,f_paisud_veekogum,paiknevus,string,text,,Paiknevus
EELIS/PostgREST,f_paisud_veekogum,paiknevus_selg,string,text,,Paiknevus selgitus
EELIS/PostgREST,f_paisud_veekogum,staatus,string,text,,Staatus
EELIS/PostgREST,f_paisud_veekogum,staatus_selg,string,text,,Staatus selgitus
EELIS/PostgREST,f_paisud_veekogum,alg_kp,string,timestamp without time zone,,Alg kp
EELIS/PostgREST,f_paisud_veekogum,lopp_kp,string,timestamp without time zone,,Lõpp kp
EELIS/PostgREST,f_paisud_veekogum,muudatused,string,text,,Muudatused
EELIS/PostgREST,f_paisud_veekogum,muudatused_selg,string,text,,Muudatused selgitus
EELIS/PostgREST,f_paisud_veekogum,veekogu_osa_nr,integer,integer,,Veekogu osa nr
EELIS/PostgREST,f_paisud_veekogum,pikkus,number,double precision,,Pikkus (km)
EELIS/PostgREST,f_paisud_veekogum,pindala,number,double precision,,Pindala (km²)
EELIS/PostgREST,f_paisud_veekogum,kesk_x,number,double precision,,x
EELIS/PostgREST,f_paisud_veekogum,kesk_y,number,double precision,,y
EELIS/PostgREST,f_paisud_veekogum,keht_staatus,string,text,,kehivuse staatus
EELIS/PostgREST,f_paisud_veekogum,muut_aeg,string,timestamp without time zone,,Muutmise aeg
EELIS/PostgREST,f_paisud_veekogum,pais_id,integer,integer,,Pais ID  Note: This is a Foreign Key to `f_paisud.id`.<fk table='f_paisud' column='id'/>
EELIS/PostgREST,f_paisud_veekogum_seis,id,integer,integer,,Veekogumi seisu ID
EELIS/PostgREST,f_paisud_veekogum_seis,pais_id,integer,integer,,Paisu ID  Note: This is a Foreign Key to `f_paisud.id`.<fk table='f_paisud' column='id'/>
EELIS/PostgREST,f_paisud_veekogum_seis,vkm_id,integer,integer,,Veekogum ID
EELIS/PostgREST,f_paisud_veekogum_seis,vkm_kood,string,text,,Veekogumi registrikood
EELIS/PostgREST,f_paisud_veekogum_seis,vkm_nimi,string,text,,Veekogumi  nimi
EELIS/PostgREST,f_paisud_veekogum_seis,vkmseis_tyyp,string,text,,Veekogumi seisu tüüp
EELIS/PostgREST,f_paisud_veekogum_seis,vkmseis_tyyp_selg,string,text,,Veekogumi seisu tüübi selgitus
EELIS/PostgREST,f_paisud_veekogum_seis,seis,string,text,,Koondhinnang
EELIS/PostgREST,f_paisud_veekogum_seis,seis_selg,string,text,,Koondhinnangu selgitus
EELIS/PostgREST,f_paisud_veekogum_seis,seis_ose,string,text,,ÖSE koondhinnang
EELIS/PostgREST,f_paisud_veekogum_seis,seis_ose_selg,string,text,,ÖSE koondhinnangu selgitus
EELIS/PostgREST,f_paisud_veekogum_seis,seis_kese,string,text,,KESE koondhinnang
EELIS/PostgREST,f_paisud_veekogum_seis,seis_kese_selg,string,text,,KESE koondhinnangu selgitus
EELIS/PostgREST,f_paisud_veekogum_seis,aasta,string,text,,Aasta
EELIS/PostgREST,f_paisud_veekogum_seis,muut_staatus,string,text,,HInnangu menetlusfaas
EELIS/PostgREST,f_paisud_veekogum_seis,vkmseis_muut_staatus_selg,string,text,,Hinnangu menetlusfaasi selgitus
EELIS/PostgREST,f_paisud_veekogum_seis,hng_keht_staatus,string,text,,Hinnangu menetlusfaas
EELIS/PostgREST,f_paisud_vesiviljelus,vv_id,integer,integer,,Vesiviljelus ID
EELIS/PostgREST,f_paisud_vesiviljelus,vv_kkr_kood,string,text,,Vesiviljelus KKR kood
EELIS/PostgREST,f_paisud_vesiviljelus,fjisik_id,integer,integer,,Omanik
EELIS/PostgREST,f_paisud_vesiviljelus,arirg_kood,string,text,,ärireg kood
EELIS/PostgREST,f_paisud_vesiviljelus,nimetus,string,text,,Nimetus
EELIS/PostgREST,f_paisud_vesiviljelus,vv_tyyp,string,text,,Vesiviljeluse tüüp
EELIS/PostgREST,f_paisud_vesiviljelus,vv_tyyp_selg,string,text,,Vesiviljeluse tüüp selgitus
EELIS/PostgREST,f_paisud_vesiviljelus,tegevuse_alus,string,text,,Vesiviljeluse tegevuse alus
EELIS/PostgREST,f_paisud_vesiviljelus,tegevuse_alus_selg,string,text,,Vesiviljeluse tegevuse alus selgitus
EELIS/PostgREST,f_paisud_vesiviljelus,vv_staatus,string,text,,Vesiviljeluse staatus
EELIS/PostgREST,f_paisud_vesiviljelus,vv_staatus_selg,string,text,,Vesiviljeluse staatus selgitus
EELIS/PostgREST,f_paisud_vesiviljelus,vv_nimi,string,text,,Nimi (vesivilj.)
EELIS/PostgREST,f_paisud_vesiviljelus,kultuur,string,text,,Vesiviljeluse kultuur
EELIS/PostgREST,f_paisud_vesiviljelus,kultuur_selg,string,text,,Vesiviljeluse kultuur
EELIS/PostgREST,f_paisud_vesiviljelus,pais_id,integer,integer,,Pais ID  Note: This is a Foreign Key to `f_paisud.id`.<fk table='f_paisud' column='id'/>
EELIS/PostgREST,f_paisud_vesiviljelus,vv_muut_aeg,string,timestamp without time zone,,Muutmise aeg (vesivilj.)
EELIS/PostgREST,f_paisud_yld,paisu_yld_id,integer,integer,,Paisu üldinfo ID
EELIS/PostgREST,f_paisud_yld,pais_id,integer,integer,,Paisu ID  Note: This is a Foreign Key to `f_paisud.id`.<fk table='f_paisud' column='id'/>
EELIS/PostgREST,f_paisud_yld,paisu_yld_paisutuskorgus,number,double precision,,Paisutuskõrgus
EELIS/PostgREST,f_paisud_yld,paisu_yld_on_kalapaas,boolean,boolean,,On kalapääs 
EELIS/PostgREST,f_paisud_yld,paisu_yld_on_elektritootmine,boolean,boolean,,On elektritootmine
EELIS/PostgREST,f_paisud_yld,paisu_yld_tx_allikas,string,text,,Paisu üldinfo allikas
EELIS/PostgREST,f_paisud_yld,alg_aeg,string,timestamp without time zone,,Paisu kasutamise algaeg
EELIS/PostgREST,f_paisud_yld,paisu_yld_muut_aeg,string,timestamp without time zone,,Viimase muutmise aeg (paisu üldinfo)
EELIS/PostgREST,f_parandobjd,id,integer,integer,jah,Pärandobjekti ID  Note: This is a Primary Key.<pk/>
EELIS/PostgREST,f_parandobjd,id_text,string,text,,ID kood tekst väljatüübina
EELIS/PostgREST,f_parandobjd,tyyp,string,text,,Tüübi kood
EELIS/PostgREST,f_parandobjd,tyyp_nimetus,string,text,,Tüübi nimi
EELIS/PostgREST,f_parandobjd,kood,string,text,,Kood
EELIS/PostgREST,f_parandobjd,kaasnev_tyyp,string,text,,Kaasnevad objektid
EELIS/PostgREST,f_parandobjd,kaasnev_tyyp_selg,string,text,,Kaasnevad objektid - nimetused
EELIS/PostgREST,f_parandobjd,nimi,string,text,,Nimi
EELIS/PostgREST,f_parandobjd,seisund,string,text,,Seisund
EELIS/PostgREST,f_parandobjd,seisund_selg,string,text,,Seisundi nimetus
EELIS/PostgREST,f_parandobjd,ulatus,string,text,,Ulatus (m)
EELIS/PostgREST,f_parandobjd,kaartidel,string,text,,Objekt on kaartidel
EELIS/PostgREST,f_parandobjd,parandobj_kaartidel_selg,string,text,,Objekt on kaartidel selgitus
EELIS/PostgREST,f_parandobjd,invent_kp,string,timestamp without time zone,,Inventeerimise kuupäev
EELIS/PostgREST,f_parandobjd,tx_parimused,string,text,,Pärimused
EELIS/PostgREST,f_parandobjd,tx_markused,string,text,,Märkused
EELIS/PostgREST,f_parandobjd,tx_varasem_kirjeldus,string,text,,Varasemad kirjeldused
EELIS/PostgREST,f_parandobjd,muut_aeg,string,timestamp without time zone,,Viimase muutmise aeg
EELIS/PostgREST,f_parandobjd,keht_staatus,string,text,,Kehtivuse staatus
EELIS/PostgREST,f_parandobjd,staatus,string,text,,Staatus
EELIS/PostgREST,f_parandobjd,staatus_selg,string,text,,Staatus selgitus
EELIS/PostgREST,f_parandobjd,ehak_tekst,string,text,,EHAK koondinfo
EELIS/PostgREST,f_parandobjd,ehak_kood1,string,text,,EHAK kood maakond
EELIS/PostgREST,f_parandobjd,ehak_kood2,string,text,,EHAK kood vald
EELIS/PostgREST,f_parandobjd,ehak_kood3,string,text,,EHAK alamtase
EELIS/PostgREST,f_parandobjd,kesk_x,number,double precision,,Pärandobjekti  tsentroidi x-koordinaat LEST97
EELIS/PostgREST,f_parandobjd,kesk_y,number,double precision,,Pärandobjekti tsentroidi y-koordinaat LEST97
EELIS/PostgREST,f_parandobjd_ehak,id,integer,integer,,EHAK ID
EELIS/PostgREST,f_parandobjd_ehak,ehak_kood,string,text,,EHAK kood
EELIS/PostgREST,f_parandobjd_ehak,ehak_nimi,string,text,,EHAK nimi
EELIS/PostgREST,f_parandobjd_ehak,ehak_rnimi,string,text,,EHAK rööpnimi
EELIS/PostgREST,f_parandobjd_ehak,vald,string,text,,Vald nimi
EELIS/PostgREST,f_parandobjd_ehak,maa,string,text,,Maakond nimi
EELIS/PostgREST,f_parandobjd_ehak,tyyp,string,text,,EHAK tase
EELIS/PostgREST,f_parandobjd_ehak,ehak_tyyp_selg,string,text,,EHAK tase selgitus
EELIS/PostgREST,f_parandobjd_ehak,ehak_parent,string,text,,EHAK kõrgema taseme kood
EELIS/PostgREST,f_parandobjd_ehak,ehak_muut_aeg,string,timestamp without time zone,,Viimase muudatuse aeg (EHAK)
EELIS/PostgREST,f_parandobjd_ehak,parandobj_id,integer,integer,,Pärandobj ID  Note: This is a Foreign Key to `f_parandobjd.id`.<fk table='f_parandobjd' column='id'/>
EELIS/PostgREST,f_parandobjd_veekogu,id,integer,integer,,Veekogu id
EELIS/PostgREST,f_parandobjd_veekogu,kood,string,text,,Veekogu kood
EELIS/PostgREST,f_parandobjd_veekogu,tyyp,string,text,,Veekogu tüüp
EELIS/PostgREST,f_parandobjd_veekogu,tyyp_selg,string,text,,Veekogu tüüp selgitus
EELIS/PostgREST,f_parandobjd_veekogu,staatus,string,text,,Veekogu staatus
EELIS/PostgREST,f_parandobjd_veekogu,staatus_selg,string,text,,Veekogu staatus selgitus
EELIS/PostgREST,f_parandobjd_veekogu,keht_staatus,string,text,,Kehivuse staatus
EELIS/PostgREST,f_parandobjd_veekogu,nimi,string,text,,Veekogu nimi
EELIS/PostgREST,f_parandobjd_veekogu,kkr_kood,string,text,,KKR kood
EELIS/PostgREST,f_parandobjd_veekogu,muud_nimed,string,text,,Veekogu muud nimed
EELIS/PostgREST,f_parandobjd_veekogu,avalik_kasut,string,text,,Avalik kasutatavus
EELIS/PostgREST,f_parandobjd_veekogu,avalik_kasut_selg,string,text,,Avalik kasutatavus selgitus
EELIS/PostgREST,f_parandobjd_veekogu,vesikond_id,integer,integer,,Vesikond (VRD)
EELIS/PostgREST,f_parandobjd_veekogu,vesikond_selg,string,text,,Vesikond nimi
EELIS/PostgREST,f_parandobjd_veekogu,vesikond_kuulub_id,string,text,,Kuulub id(vesikond)
EELIS/PostgREST,f_parandobjd_veekogu,vesikond_kuulub_nimi,string,text,,Kuulub nimi (vesikond)
EELIS/PostgREST,f_parandobjd_veekogu,on_pandivere_pv,boolean,boolean,,Asub nitraaditundlikul alal 
EELIS/PostgREST,f_parandobjd_veekogu,tx_lisainfo,string,text,,Lisainfo
EELIS/PostgREST,f_parandobjd_veekogu,valgla_suurus,string,text,,Valgala suurus 
EELIS/PostgREST,f_parandobjd_veekogu,valgla_suurus_selg,string,text,,Valgala suurus selgitus
EELIS/PostgREST,f_parandobjd_veekogu,valgla_pindala,number,double precision,,Valgala pindala
EELIS/PostgREST,f_parandobjd_veekogu,valgla_aasta,integer,integer,,Valgala aasta
EELIS/PostgREST,f_parandobjd_veekogu,vee_pindala,number,double precision,,Veepeegli pindala 
EELIS/PostgREST,f_parandobjd_veekogu,saarte_pindala,number,double precision,,Saarte pindala
EELIS/PostgREST,f_parandobjd_veekogu,saarte_arv,integer,integer,,Saarte arv
EELIS/PostgREST,f_parandobjd_veekogu,kesk_sygavus,number,double precision,,Keskmine sügavus
EELIS/PostgREST,f_parandobjd_veekogu,max_sygavus,number,double precision,,Maksimaalne sügavus
EELIS/PostgREST,f_parandobjd_veekogu,vrd_tyyp,string,text,,Veetüüp VRD
EELIS/PostgREST,f_parandobjd_veekogu,vrd_tyyp_selg,string,text,,Veetüüp VRD selgitus
EELIS/PostgREST,f_parandobjd_veekogu,tx_valgala,string,text,,Valgala kirjeldus
EELIS/PostgREST,f_parandobjd_veekogu,vv_latte_ehak_id,integer,integer,,Lätte EHAK
EELIS/PostgREST,f_parandobjd_veekogu,vv_latte_ehak_nimi,string,text,,Lätte EHAK nimi
EELIS/PostgREST,f_parandobjd_veekogu,vv_latte_tyyp,string,text,,Lätte tüüp
EELIS/PostgREST,f_parandobjd_veekogu,vv_latte_tyyp_selg,string,text,,Lätte tüüp selgitus
EELIS/PostgREST,f_parandobjd_veekogu,vv_latte_id,integer,integer,,Lätte veekogu
EELIS/PostgREST,f_parandobjd_veekogu,vv_latte_selg,string,text,,Lätte veekogu nimi
EELIS/PostgREST,f_parandobjd_veekogu,vv_latte_kkr,string,text,,Lätte veekogu kkr 
EELIS/PostgREST,f_parandobjd_veekogu,vv_latte_x,number,double precision,,Lätte X
EELIS/PostgREST,f_parandobjd_veekogu,vv_latte_y,number,double precision,,Lätte Y
EELIS/PostgREST,f_parandobjd_veekogu,vv_suub_ehak_id,integer,integer,,Suubla EHAK
EELIS/PostgREST,f_parandobjd_veekogu,vv_suub_ehak_selg,string,text,,Suubla EHAK nimi
EELIS/PostgREST,f_parandobjd_veekogu,vv_suub_tyyp,string,text,,Suubumise tüüp
EELIS/PostgREST,f_parandobjd_veekogu,vv_suub_tyyp_selg,string,text,,Suubub veekogusse
EELIS/PostgREST,f_parandobjd_veekogu,vv_suub_id,integer,integer,,
EELIS/PostgREST,f_parandobjd_veekogu,vv_suub_selg,string,text,,Suubub veekogusse nimi
EELIS/PostgREST,f_parandobjd_veekogu,vv_suub_kkr,string,text,,Suubub veekogusse kkr
EELIS/PostgREST,f_parandobjd_veekogu,vv_suub_x,number,double precision,,Suubla X
EELIS/PostgREST,f_parandobjd_veekogu,vv_suub_y,number,double precision,,Suubla Y
EELIS/PostgREST,f_parandobjd_veekogu,vv_suub_jark,integer,integer,,Suubumise järk
EELIS/PostgREST,f_parandobjd_veekogu,vv_suub_suudmest,number,double precision,,Suubumiskoha kaugus põhijõe suudmest (km)
EELIS/PostgREST,f_parandobjd_veekogu,vv_pikkus3,number,double precision,,Vooluveekogu põhitelje pikkus (km)
EELIS/PostgREST,f_parandobjd_veekogu,vv_tx_alg_kirj,string,text,,Lähtekoha kirjeldus
EELIS/PostgREST,f_parandobjd_veekogu,vv_tx_suub_kirj,string,text,,Suubumiskoha kirjeldus
EELIS/PostgREST,f_parandobjd_veekogu,jv_laius,number,double precision,,Järve laius (m)
EELIS/PostgREST,f_parandobjd_veekogu,jv_pikkus,number,double precision,,Järve pikkus (m)
EELIS/PostgREST,f_parandobjd_veekogu,jv_kaldaj,number,double precision,,Kaldajoone pikkus (m)
EELIS/PostgREST,f_parandobjd_veekogu,jv_maht,number,double precision,,Maht (tuh m³)
EELIS/PostgREST,f_parandobjd_veekogu,jv_kalda_liigend,number,double precision,,Kalda liigendatus
EELIS/PostgREST,f_parandobjd_veekogu,jv_veevahetus,number,double precision,,Veevahetus (korda aastas)
EELIS/PostgREST,f_parandobjd_veekogu,jv_on_umbjarv,boolean,boolean,,On umbjärv
EELIS/PostgREST,f_parandobjd_veekogu,jv_limn_tyyp,string,text,,Limnoloogiline tüüp
EELIS/PostgREST,f_parandobjd_veekogu,jv_limn_tyyp_selg,string,text,,Limnoloogiline tüüp selgitus
EELIS/PostgREST,f_parandobjd_veekogu,jv_veevah_skaala,string,text,,Veevahetuse skaala (järv)
EELIS/PostgREST,f_parandobjd_veekogu,jv_veevah_skaala_selg,string,text,,Veevahetus skaala (järv) selgitus
EELIS/PostgREST,f_parandobjd_veekogu,jv_labiv_id,integer,integer,,Läbivoolav veekogu
EELIS/PostgREST,f_parandobjd_veekogu,jv_labiv_selg,string,text,,Läbivoolav veekogu nimi
EELIS/PostgREST,f_parandobjd_veekogu,jv_labiv_kkr,string,text,,Läbivoolav veekogu kkr kood
EELIS/PostgREST,f_parandobjd_veekogu,me_grupp_id,integer,integer,,Kuulub mereala juurde
EELIS/PostgREST,f_parandobjd_veekogu,me_grupp_selg,string,text,,Mereala nimi
EELIS/PostgREST,f_parandobjd_veekogu,me_grupp_kkr,string,text,,Mereala kkr kood
EELIS/PostgREST,f_parandobjd_veekogu,al_tundlik_ala_id,integer,integer,,Asub olulisel allika- või karstialal
EELIS/PostgREST,f_parandobjd_veekogu,tundlik_ala_selg,string,text,,Allika- või karstiala nimi
EELIS/PostgREST,f_parandobjd_veekogu,tundlik_ala_kkr,string,text,,Allika- või karstiala kkr kood
EELIS/PostgREST,f_parandobjd_veekogu,kesk_x,number,double precision,,Veekogu tsentroidi x-koordinaat
EELIS/PostgREST,f_parandobjd_veekogu,kesk_y,number,double precision,,Veekogu tsentroidi y-koordinaat
EELIS/PostgREST,f_parandobjd_veekogu,muut_staatus,string,text,,Menetlusfaas
EELIS/PostgREST,f_parandobjd_veekogu,muut_staatus_selg,string,text,,Menetlusfaas selgitus
EELIS/PostgREST,f_parandobjd_veekogu,muut_aeg,string,timestamp without time zone,,Viimase muutmise aeg
EELIS/PostgREST,f_parandobjd_veekogu,ehak_tekst,string,text,,EHAK koondinfo
EELIS/PostgREST,f_parandobjd_veekogu,ehak_kood1,string,text,,EHAK kood maakond
EELIS/PostgREST,f_parandobjd_veekogu,ehak_kood2,string,text,,EHAK kood vald
EELIS/PostgREST,f_parandobjd_veekogu,ehak_kood3,string,text,,EHAK  alamtase
EELIS/PostgREST,f_parandobjd_veekogu,parandobj_id,integer,integer,,Pärandobjekti ID  Note: This is a Foreign Key to `f_parandobjd.id`.<fk table='f_parandobjd' column='id'/>
EELIS/PostgREST,f_pohjaveekogumi_seisud,id,integer,integer,jah,ID  Note: This is a Primary Key.<pk/>
EELIS/PostgREST,f_pohjaveekogumi_seisud,aasta,integer,integer,,Aasta
EELIS/PostgREST,f_pohjaveekogumi_seisud,pohjaveekogum_id,integer,integer,,Põhajveekogum
EELIS/PostgREST,f_pohjaveekogumi_seisud,kood,string,text,,Kood
EELIS/PostgREST,f_pohjaveekogumi_seisud,seis,string,text,,Seisund (koond)
EELIS/PostgREST,f_pohjaveekogumi_seisud,pvkseis_seis_selg,string,text,,Seisund (koond) selgitus
EELIS/PostgREST,f_pohjaveekogumi_seisud,seis_kem,string,text,,KEM seisund
EELIS/PostgREST,f_pohjaveekogumi_seisud,pvkseis_seis_kem_selg,string,text,,KEM seisund selgitus
EELIS/PostgREST,f_pohjaveekogumi_seisud,seis_kem1,string,text,,KEM1 seisund
EELIS/PostgREST,f_pohjaveekogumi_seisud,pvkseis_seis_kem1_selg,string,text,,KEM1 seisund selgitus
EELIS/PostgREST,f_pohjaveekogumi_seisud,seis_kem2,string,text,,KEM2 seisund
EELIS/PostgREST,f_pohjaveekogumi_seisud,pvkseis_seis_kem2_selg,string,text,,KEM2 seisund selgitus
EELIS/PostgREST,f_pohjaveekogumi_seisud,seis_kem3,string,text,,KEM3 seisund
EELIS/PostgREST,f_pohjaveekogumi_seisud,pvkseis_seis_kem3_selg,string,text,,KEM3 seisund selgitus
EELIS/PostgREST,f_pohjaveekogumi_seisud,seis_kem4,string,text,,KEM4 seisund
EELIS/PostgREST,f_pohjaveekogumi_seisud,pvkseis_seis_kem4_selg,string,text,,KEM4 seisund selgitus
EELIS/PostgREST,f_pohjaveekogumi_seisud,seis_kem5,string,text,,KEM5 seisund
EELIS/PostgREST,f_pohjaveekogumi_seisud,pvkseis_seis_kem5_selg,string,text,,KEM5 seisund selgitus
EELIS/PostgREST,f_pohjaveekogumi_seisud,seis_kog,string,text,,KOG seisund
EELIS/PostgREST,f_pohjaveekogumi_seisud,pvkseis_seis_kog_selg,string,text,,KOG seisund selgitus
EELIS/PostgREST,f_pohjaveekogumi_seisud,seis_kog1,string,text,,KOG1 seisund
EELIS/PostgREST,f_pohjaveekogumi_seisud,pvkseis_seis_kog1_selg,string,text,,KOG1 seisund selgitus
EELIS/PostgREST,f_pohjaveekogumi_seisud,seis_kog2,string,text,,KOG2 seisund
EELIS/PostgREST,f_pohjaveekogumi_seisud,pvkseis_seis_kog2_selg,string,text,,KOG2 seisund selgitus
EELIS/PostgREST,f_pohjaveekogumi_seisud,seis_kog3,string,text,,KOG3 seisund
EELIS/PostgREST,f_pohjaveekogumi_seisud,pvkseis_seis_kog3_selg,string,text,,KOG3 seisund selgitus
EELIS/PostgREST,f_pohjaveekogumi_seisud,seis_kog4,string,text,,KOG4 seisund
EELIS/PostgREST,f_pohjaveekogumi_seisud,pvkseis_seis_kog4_selg,string,text,,KOG4 seisund selgitus
EELIS/PostgREST,f_pohjaveekogumi_seisud,usald,string,text,,Usaldusväärsus (koond)
EELIS/PostgREST,f_pohjaveekogumi_seisud,pvkseis_usald_selg,string,text,,Usaldusväärsus (koond) selgitus
EELIS/PostgREST,f_pohjaveekogumi_seisud,usald_kem,string,text,,KEM usaldusväärsus
EELIS/PostgREST,f_pohjaveekogumi_seisud,pvkseis_usald_kem_selg,string,text,,KEM usaldusväärsus selgitus
EELIS/PostgREST,f_pohjaveekogumi_seisud,usald_kem1,string,text,,KEM1 usaldusväärsus
EELIS/PostgREST,f_pohjaveekogumi_seisud,pvkseis_usald_kem1_selg,string,text,,KEM1 usaldusväärsus selgitus
EELIS/PostgREST,f_pohjaveekogumi_seisud,usald_kem2,string,text,,KEM2 usaldusväärsus
EELIS/PostgREST,f_pohjaveekogumi_seisud,pvkseis_usald_kem2_selg,string,text,,KEM2 usaldusväärsus selgitus
EELIS/PostgREST,f_pohjaveekogumi_seisud,usald_kem3,string,text,,KEM3 usaldusväärsus
EELIS/PostgREST,f_pohjaveekogumi_seisud,pvkseis_usald_kem3_selg,string,text,,KEM3 usaldusväärsus selgitus
EELIS/PostgREST,f_pohjaveekogumi_seisud,usald_kem4,string,text,,KEM4 usaldusväärsus
EELIS/PostgREST,f_pohjaveekogumi_seisud,pvkseis_usald_kem4_selg,string,text,,KEM4 usaldusväärsus selgitus
EELIS/PostgREST,f_pohjaveekogumi_seisud,usald_kem5,string,text,,KEM5 usaldusväärsus
EELIS/PostgREST,f_pohjaveekogumi_seisud,pvkseis_usald_kem5_selg,string,text,,KEM5 usaldusväärsus selgitus
EELIS/PostgREST,f_pohjaveekogumi_seisud,usald_kog,string,text,,KOG usaldusväärsus
EELIS/PostgREST,f_pohjaveekogumi_seisud,pvkseis_usald_kog_selg,string,text,,KOG usaldusväärsus selgitus
EELIS/PostgREST,f_pohjaveekogumi_seisud,usald_kog1,string,text,,KOG1 usaldusväärsus
EELIS/PostgREST,f_pohjaveekogumi_seisud,pvkseis_usald_kog1_selg,string,text,,KOG1 usaldusväärsus selgitus
EELIS/PostgREST,f_pohjaveekogumi_seisud,usald_kog2,string,text,,KOG2 usaldusväärsus
EELIS/PostgREST,f_pohjaveekogumi_seisud,pvkseis_usald_kog2_selg,string,text,,KOG2 usaldusväärsus selgitus
EELIS/PostgREST,f_pohjaveekogumi_seisud,usald_kog3,string,text,,KOG3 usaldusväärsus
EELIS/PostgREST,f_pohjaveekogumi_seisud,pvkseis_usald_kog3_selg,string,text,,KOG3 usaldusväärsus selgitus
EELIS/PostgREST,f_pohjaveekogumi_seisud,usald_kog4,string,text,,KOG4 usaldusväärsus
EELIS/PostgREST,f_pohjaveekogumi_seisud,pvkseis_usald_kog4_selg,string,text,,KOG4 usaldusväärsus selgitus
EELIS/PostgREST,f_pohjaveekogumi_seisud,tx_seis,string,text,,Lisainfo (koond)
EELIS/PostgREST,f_pohjaveekogumi_seisud,tx_seis_kem,string,text,,KEM lisainfo
EELIS/PostgREST,f_pohjaveekogumi_seisud,tx_seis_kem1,string,text,,KEM1 lisainfo
EELIS/PostgREST,f_pohjaveekogumi_seisud,tx_seis_kem2,string,text,,KEM2 lisainfo
EELIS/PostgREST,f_pohjaveekogumi_seisud,tx_seis_kem3,string,text,,KEM3 lisainfo
EELIS/PostgREST,f_pohjaveekogumi_seisud,tx_seis_kem4,string,text,,KEM4 lisainfo
EELIS/PostgREST,f_pohjaveekogumi_seisud,tx_seis_kem5,string,text,,KEM5 lisainfo
EELIS/PostgREST,f_pohjaveekogumi_seisud,tx_seis_kog,string,text,,KOG lisainfo
EELIS/PostgREST,f_pohjaveekogumi_seisud,tx_seis_kog1,string,text,,KOG1 lisainfo
EELIS/PostgREST,f_pohjaveekogumi_seisud,tx_seis_kog2,string,text,,KOG2 lisainfo
EELIS/PostgREST,f_pohjaveekogumi_seisud,tx_seis_kog3,string,text,,KOG3 lisainfo
EELIS/PostgREST,f_pohjaveekogumi_seisud,tx_seis_kog4,string,text,,KOG4 lisainfo
EELIS/PostgREST,f_pohjaveekogumi_seisud,muut_aeg,string,timestamp without time zone,,Viimase muutmise aeg
EELIS/PostgREST,f_pohjaveekogumi_seisud_kandealus,kand_id,integer,integer,,Kandealus ID
EELIS/PostgREST,f_pohjaveekogumi_seisud_kandealus,kand_kood,string,text,,Kandealus kood
EELIS/PostgREST,f_pohjaveekogumi_seisud_kandealus,kand_tyyp,string,text,,Kandealus tüüp
EELIS/PostgREST,f_pohjaveekogumi_seisud_kandealus,kand_tyyp_selg,string,text,,Kandealus tüüp selgitus
EELIS/PostgREST,f_pohjaveekogumi_seisud_kandealus,kand_nimi,string,text,,Kandealus nimi
EELIS/PostgREST,f_pohjaveekogumi_seisud_kandealus,kand_obj_tyyp,string,text,,Objekti tüüp (kandealus)
EELIS/PostgREST,f_pohjaveekogumi_seisud_kandealus,kand_obj_tyyp_selg,string,text,,Objekti tüüp selgitus (kandealus)
EELIS/PostgREST,f_pohjaveekogumi_seisud_kandealus,kand_kpv,string,timestamp without time zone,,Kandealus kuupäev
EELIS/PostgREST,f_pohjaveekogumi_seisud_kandealus,kand_alusdok_id,integer,integer,,Alusdokumendi ID 
EELIS/PostgREST,f_pohjaveekogumi_seisud_kandealus,kand_alusdok_nimi,string,text,,Alusdokumendi nimi
EELIS/PostgREST,f_pohjaveekogumi_seisud_kandealus,kand_alusdok_alg_kehtib,string,timestamp without time zone,,Alusdokumendi kehtib alates kuupäev
EELIS/PostgREST,f_pohjaveekogumi_seisud_kandealus,kand_aruanne_id,integer,integer,,Aruanne
EELIS/PostgREST,f_pohjaveekogumi_seisud_kandealus,kand_aruanne_nimi,string,text,,Aruande nimi
EELIS/PostgREST,f_pohjaveekogumi_seisud_kandealus,kand_aruanne_aasta,integer,integer,,Aruande aasta
EELIS/PostgREST,f_pohjaveekogumi_seisud_kandealus,kand_esitamise_viis,string,text,,Esitamise viis
EELIS/PostgREST,f_pohjaveekogumi_seisud_kandealus,kand_esit_viis_selg,string,text,,Esitamise viis selgitus
EELIS/PostgREST,f_pohjaveekogumi_seisud_kandealus,kand_dok_kpv,string,timestamp without time zone,,Kandealus dokumendi kuupäev
EELIS/PostgREST,f_pohjaveekogumi_seisud_kandealus,kand_tx_lisainfo,string,text,,Lisainfo (kandealus)
EELIS/PostgREST,f_pohjaveekogumi_seisud_kandealus,kand_muut_aeg,string,timestamp without time zone,,Viimase muutmise aeg (kandealus)
EELIS/PostgREST,f_pohjaveekogumi_seisud_kandealus,pohjaveekogum_seis_id,integer,integer,,Põhjaveekogumi seisu ID  Note: This is a Foreign Key to `f_pohjaveekogumi_seisud.id`.<fk table='f_pohjaveekogumi_seisud' column='id'/>
EELIS/PostgREST,f_pohjaveekogumi_seisud_kirjandus,kirj_seose_id,integer,integer,,Kirjandus seose ID
EELIS/PostgREST,f_pohjaveekogumi_seisud_kirjandus,kirj_id,integer,integer,,Kirjandus ID
EELIS/PostgREST,f_pohjaveekogumi_seisud_kirjandus,tyyp,string,text,,Tüüp
EELIS/PostgREST,f_pohjaveekogumi_seisud_kirjandus,kirjandus_tyyp_selg,string,text,,Kirjandus tüübi selgitus
EELIS/PostgREST,f_pohjaveekogumi_seisud_kirjandus,kuulub_id,integer,integer,,Kuulub
EELIS/PostgREST,f_pohjaveekogumi_seisud_kirjandus,kirj_nimi_sari,string,text,,Sarja nimi
EELIS/PostgREST,f_pohjaveekogumi_seisud_kirjandus,kirj_nimi,string,text,,Teose nimi
EELIS/PostgREST,f_pohjaveekogumi_seisud_kirjandus,kirj_artikkel,string,text,,Artikkel
EELIS/PostgREST,f_pohjaveekogumi_seisud_kirjandus,kirj_tx_viide,string,text,,Kirjanduse viide
EELIS/PostgREST,f_pohjaveekogumi_seisud_kirjandus,kirj_autor,string,text,,Teose autor
EELIS/PostgREST,f_pohjaveekogumi_seisud_kirjandus,kirj_fjisik_nimi,string,text,,Autori ees- ja perekonnanimi
EELIS/PostgREST,f_pohjaveekogumi_seisud_kirjandus,kirj_fjisik_nimetus,string,text,,Nimetus
EELIS/PostgREST,f_pohjaveekogumi_seisud_kirjandus,valjaandja,string,text,,Teose väljaandja
EELIS/PostgREST,f_pohjaveekogumi_seisud_kirjandus,valjaandja_id,integer,integer,,Teose väljaandja ID
EELIS/PostgREST,f_pohjaveekogumi_seisud_kirjandus,aeg_kp,string,timestamp without time zone,,Avaldamise kuupäev (kirjandus)
EELIS/PostgREST,f_pohjaveekogumi_seisud_kirjandus,kirj_aeg_aasta,integer,integer,,Avaldamise aasta (kirjandus)
EELIS/PostgREST,f_pohjaveekogumi_seisud_kirjandus,aeg_kuu,integer,integer,,Avaldamise kuu (kirjandus)
EELIS/PostgREST,f_pohjaveekogumi_seisud_kirjandus,teema,string,text,,Kirjanduse teemad
EELIS/PostgREST,f_pohjaveekogumi_seisud_kirjandus,url,string,text,,Kirjanduse link
EELIS/PostgREST,f_pohjaveekogumi_seisud_kirjandus,tx_kirjeldus,string,text,,Teose kirjeldus
EELIS/PostgREST,f_pohjaveekogumi_seisud_kirjandus,tx_litsents,string,text,,Teose litsents
EELIS/PostgREST,f_pohjaveekogumi_seisud_kirjandus,sisu_tyyp,string,text,,Sisu tüüp
EELIS/PostgREST,f_pohjaveekogumi_seisud_kirjandus,sisu_tyyp_selg,string,text,,Sisu tüübi selgitus
EELIS/PostgREST,f_pohjaveekogumi_seisud_kirjandus,tx_sisu,string,text,,Kirjanduse sisu
EELIS/PostgREST,f_pohjaveekogumi_seisud_kirjandus,kirj_muut_aeg,string,timestamp without time zone,,Viimase muutmise aeg (kirjandus)
EELIS/PostgREST,f_pohjaveekogumi_seisud_kirjandus,pohjaveekogum_seis_id,integer,integer,,Põhjaveekogumi seisu ID  Note: This is a Foreign Key to `f_pohjaveekogumi_seisud.id`.<fk table='f_pohjaveekogumi_seisud' column='id'/>
EELIS/PostgREST,f_pohjaveekogumid,id,integer,integer,jah,Id  Note: This is a Primary Key.<pk/>
EELIS/PostgREST,f_pohjaveekogumid,keht_staatus,string,text,,Kehtivuse staatus
EELIS/PostgREST,f_pohjaveekogumid,kood,string,text,,Kood
EELIS/PostgREST,f_pohjaveekogumid,kood_eu,string,text,,EU kood
EELIS/PostgREST,f_pohjaveekogumid,kood_maarus,string,text,,Kood määruses
EELIS/PostgREST,f_pohjaveekogumid,veekompleks_id,integer,integer,,Veekompleks
EELIS/PostgREST,f_pohjaveekogumid,veekompleks_nimi,string,text,,Veekompleks nimi
EELIS/PostgREST,f_pohjaveekogumid,veekompleks_tyyp,string,text,,Veekompleks tüüp
EELIS/PostgREST,f_pohjaveekogumid,veekompleks_kood,string,text,,Veekompleks kood
EELIS/PostgREST,f_pohjaveekogumid,vesikond_id,integer,integer,,Vesikond
EELIS/PostgREST,f_pohjaveekogumid,vesikond_selg,string,text,,Vesikond nimi
EELIS/PostgREST,f_pohjaveekogumid,vesikond_kuulub_id,string,text,,Kuulub id (vesikond)
EELIS/PostgREST,f_pohjaveekogumid,vesikond_kuulub_nimi,string,text,,Kuulub nimi (vesikond)
EELIS/PostgREST,f_pohjaveekogumid,vesikond_kood_vrd,string,text,,Vesikond vrd kood
EELIS/PostgREST,f_pohjaveekogumid,geol_ehitus,string,text,,Geoloogiline ehitus
EELIS/PostgREST,f_pohjaveekogumid,geol_ehitus_selg,string,text,,Geoloogiline ehitus selgitus
EELIS/PostgREST,f_pohjaveekogumid,nimi,string,text,,Nimi
EELIS/PostgREST,f_pohjaveekogumid,nimi_lyhend,string,text,,Nime lühend
EELIS/PostgREST,f_pohjaveekogumid,nimi_eng,string,text,,Nimi inglise k.
EELIS/PostgREST,f_pohjaveekogumid,indeks,string,text,,Indeks
EELIS/PostgREST,f_pohjaveekogumid,paiknevus,string,text,,Paiknevus
EELIS/PostgREST,f_pohjaveekogumid,paiknevus_selg,string,text,,Paiknevus selgitus
EELIS/PostgREST,f_pohjaveekogumid,aasta,integer,integer,,Aasta
EELIS/PostgREST,f_pohjaveekogumid,alg_kp,string,timestamp without time zone,,Koodi kasutuse alg kp
EELIS/PostgREST,f_pohjaveekogumid,lopp_kp,string,timestamp without time zone,,Koodi kasutuse lõpp kp
EELIS/PostgREST,f_pohjaveekogumid,kesk_x,number,double precision,,Tsentroidi x-koordinaat LEST97
EELIS/PostgREST,f_pohjaveekogumid,kesk_y,number,double precision,,Tsentroidi y-koordinaat LEST97
EELIS/PostgREST,f_pohjaveekogumid,muut_aeg,string,timestamp without time zone,,Muutmise aeg
EELIS/PostgREST,f_pohjaveekogumid_dok,dok_id,integer,integer,,Dok ID
EELIS/PostgREST,f_pohjaveekogumid_dok,dok_kood,string,text,,Dok kood
EELIS/PostgREST,f_pohjaveekogumid_dok,dok_tyyp,string,text,,Dok tüüp
EELIS/PostgREST,f_pohjaveekogumid_dok,dok_tyyp_selg,string,text,,Dok tüüp selgitus
EELIS/PostgREST,f_pohjaveekogumid_dok,dok_number,string,text,,Dokumendi number
EELIS/PostgREST,f_pohjaveekogumid_dok,dok_pealkiri,string,text,,Dokumendi pealkiri
EELIS/PostgREST,f_pohjaveekogumid_dok,dok_alg_kehtib,string,timestamp without time zone,,Dokument kehtib alates kp
EELIS/PostgREST,f_pohjaveekogumid_dok,dok_alg_kp,string,timestamp without time zone,,Dokument algus kp
EELIS/PostgREST,f_pohjaveekogumid_dok,dok_lopp_kp,string,timestamp without time zone,,Dokument lõpp kp
EELIS/PostgREST,f_pohjaveekogumid_dok,dok_url,string,text,,Dok URL
EELIS/PostgREST,f_pohjaveekogumid_dok,dok_alus_dok_id,integer,integer,,Alus dok ID
EELIS/PostgREST,f_pohjaveekogumid_dok,dok_muut_aeg,string,timestamp without time zone,,Viimase muutmise aeg (dok)
EELIS/PostgREST,f_pohjaveekogumid_dok,pohjaveekogum_id,integer,integer,,Põhjaveekogumi ID  Note: This is a Foreign Key to `f_pohjaveekogumid.id`.<fk table='f_pohjaveekogumid' column='id'/>
EELIS/PostgREST,f_pohjaveekogumid_eelnev_pohjaveekogum,id,integer,integer,,Id
EELIS/PostgREST,f_pohjaveekogumid_eelnev_pohjaveekogum,keht_staatus,string,text,,Kehtivuse staatus
EELIS/PostgREST,f_pohjaveekogumid_eelnev_pohjaveekogum,kood,string,text,,Kood
EELIS/PostgREST,f_pohjaveekogumid_eelnev_pohjaveekogum,kood_eu,string,text,,EU kood
EELIS/PostgREST,f_pohjaveekogumid_eelnev_pohjaveekogum,kood_maarus,string,text,,Kood määruses
EELIS/PostgREST,f_pohjaveekogumid_eelnev_pohjaveekogum,veekompleks_id,integer,integer,,Veekompleks
EELIS/PostgREST,f_pohjaveekogumid_eelnev_pohjaveekogum,veekompleks_nimi,string,text,,Veekompleks nimi
EELIS/PostgREST,f_pohjaveekogumid_eelnev_pohjaveekogum,veekompleks_tyyp,string,text,,Veekompleks tüüp
EELIS/PostgREST,f_pohjaveekogumid_eelnev_pohjaveekogum,veekompleks_kood,string,text,,Veekompleks kood
EELIS/PostgREST,f_pohjaveekogumid_eelnev_pohjaveekogum,vesikond_id,integer,integer,,Vesikond
EELIS/PostgREST,f_pohjaveekogumid_eelnev_pohjaveekogum,vesikond_selg,string,text,,Vesikond nimi
EELIS/PostgREST,f_pohjaveekogumid_eelnev_pohjaveekogum,vesikond_kuulub_id,string,text,,Kuulub id (vesikond)
EELIS/PostgREST,f_pohjaveekogumid_eelnev_pohjaveekogum,vesikond_kuulub_nimi,string,text,,Kuulub nimi (vesikond)
EELIS/PostgREST,f_pohjaveekogumid_eelnev_pohjaveekogum,vesikond_kood_vrd,string,text,,Vesikond vrd kood
EELIS/PostgREST,f_pohjaveekogumid_eelnev_pohjaveekogum,geol_ehitus,string,text,,Geoloogiline ehitus
EELIS/PostgREST,f_pohjaveekogumid_eelnev_pohjaveekogum,geol_ehitus_selg,string,text,,Geoloogiline ehitus selgitus
EELIS/PostgREST,f_pohjaveekogumid_eelnev_pohjaveekogum,nimi,string,text,,Nimi
EELIS/PostgREST,f_pohjaveekogumid_eelnev_pohjaveekogum,nimi_lyhend,string,text,,Nime lühend
EELIS/PostgREST,f_pohjaveekogumid_eelnev_pohjaveekogum,nimi_eng,string,text,,Nimi inglise k.
EELIS/PostgREST,f_pohjaveekogumid_eelnev_pohjaveekogum,indeks,string,text,,Indeks
EELIS/PostgREST,f_pohjaveekogumid_eelnev_pohjaveekogum,paiknevus,string,text,,Paiknevus
EELIS/PostgREST,f_pohjaveekogumid_eelnev_pohjaveekogum,paiknevus_selg,string,text,,Paiknevus selgitus
EELIS/PostgREST,f_pohjaveekogumid_eelnev_pohjaveekogum,aasta,integer,integer,,Aasta
EELIS/PostgREST,f_pohjaveekogumid_eelnev_pohjaveekogum,alg_kp,string,timestamp without time zone,,Koodi kasutuse alg kp
EELIS/PostgREST,f_pohjaveekogumid_eelnev_pohjaveekogum,lopp_kp,string,timestamp without time zone,,Koodi kasutuse lõpp kp
EELIS/PostgREST,f_pohjaveekogumid_eelnev_pohjaveekogum,kesk_x,number,double precision,,x
EELIS/PostgREST,f_pohjaveekogumid_eelnev_pohjaveekogum,kesk_y,number,double precision,,y
EELIS/PostgREST,f_pohjaveekogumid_eelnev_pohjaveekogum,muut_aeg,string,timestamp without time zone,,Muutmise aeg
EELIS/PostgREST,f_pohjaveekogumid_eelnev_pohjaveekogum,pohjaveekogum_id,integer,integer,,Põhjaveekogumi ID  Note: This is a Foreign Key to `f_pohjaveekogumid.id`.<fk table='f_pohjaveekogumid' column='id'/>
EELIS/PostgREST,f_pohjaveekogumid_jargnev_pohjaveekogum,id,integer,integer,,Id
EELIS/PostgREST,f_pohjaveekogumid_jargnev_pohjaveekogum,keht_staatus,string,text,,Kehtivuse staatus
EELIS/PostgREST,f_pohjaveekogumid_jargnev_pohjaveekogum,kood,string,text,,Kood
EELIS/PostgREST,f_pohjaveekogumid_jargnev_pohjaveekogum,kood_eu,string,text,,EU kood
EELIS/PostgREST,f_pohjaveekogumid_jargnev_pohjaveekogum,kood_maarus,string,text,,Kood määruses
EELIS/PostgREST,f_pohjaveekogumid_jargnev_pohjaveekogum,veekompleks_id,integer,integer,,Veekompleks
EELIS/PostgREST,f_pohjaveekogumid_jargnev_pohjaveekogum,veekompleks_nimi,string,text,,Veekompleks nimi
EELIS/PostgREST,f_pohjaveekogumid_jargnev_pohjaveekogum,veekompleks_tyyp,string,text,,Veekompleks tüüp
EELIS/PostgREST,f_pohjaveekogumid_jargnev_pohjaveekogum,veekompleks_kood,string,text,,Veekompleks kood
EELIS/PostgREST,f_pohjaveekogumid_jargnev_pohjaveekogum,vesikond_id,integer,integer,,Vesikond ID
EELIS/PostgREST,f_pohjaveekogumid_jargnev_pohjaveekogum,vesikond_selg,string,text,,Vesikond nimi
EELIS/PostgREST,f_pohjaveekogumid_jargnev_pohjaveekogum,vesikond_kuulub_id,string,text,,Kuulub id (vesikond)
EELIS/PostgREST,f_pohjaveekogumid_jargnev_pohjaveekogum,vesikond_kuulub_nimi,string,text,,Kuulub nimi (vesikond)
EELIS/PostgREST,f_pohjaveekogumid_jargnev_pohjaveekogum,vesikond_kood_vrd,string,text,,Vesikond vrd kood
EELIS/PostgREST,f_pohjaveekogumid_jargnev_pohjaveekogum,geol_ehitus,string,text,,Geoloogiline ehitus
EELIS/PostgREST,f_pohjaveekogumid_jargnev_pohjaveekogum,geol_ehitus_selg,string,text,,Geoloogiline ehitus selgitus
EELIS/PostgREST,f_pohjaveekogumid_jargnev_pohjaveekogum,nimi,string,text,,Nimi
EELIS/PostgREST,f_pohjaveekogumid_jargnev_pohjaveekogum,nimi_lyhend,string,text,,Nime lühend
EELIS/PostgREST,f_pohjaveekogumid_jargnev_pohjaveekogum,nimi_eng,string,text,,Nimi inglise k.
EELIS/PostgREST,f_pohjaveekogumid_jargnev_pohjaveekogum,indeks,string,text,,Indeks
EELIS/PostgREST,f_pohjaveekogumid_jargnev_pohjaveekogum,paiknevus,string,text,,Paiknevus
EELIS/PostgREST,f_pohjaveekogumid_jargnev_pohjaveekogum,paiknevus_selg,string,text,,Paiknevus selgitus
EELIS/PostgREST,f_pohjaveekogumid_jargnev_pohjaveekogum,aasta,integer,integer,,Aasta
EELIS/PostgREST,f_pohjaveekogumid_jargnev_pohjaveekogum,alg_kp,string,timestamp without time zone,,Koodi kasutuse alg kp
EELIS/PostgREST,f_pohjaveekogumid_jargnev_pohjaveekogum,lopp_kp,string,timestamp without time zone,,Koodi kasutuse lõpp kp
EELIS/PostgREST,f_pohjaveekogumid_jargnev_pohjaveekogum,kesk_x,number,double precision,,x
EELIS/PostgREST,f_pohjaveekogumid_jargnev_pohjaveekogum,kesk_y,number,double precision,,y
EELIS/PostgREST,f_pohjaveekogumid_jargnev_pohjaveekogum,muut_aeg,string,timestamp without time zone,,Muutmise aeg
EELIS/PostgREST,f_pohjaveekogumid_jargnev_pohjaveekogum,pohjaveekogum_id,integer,integer,,Põhjaveekogumi ID  Note: This is a Foreign Key to `f_pohjaveekogumid.id`.<fk table='f_pohjaveekogumid' column='id'/>
EELIS/PostgREST,f_pohjaveekogumid_kandealus,kand_id,integer,integer,,Kandealus ID
EELIS/PostgREST,f_pohjaveekogumid_kandealus,kand_kood,string,text,,Kandealus kood
EELIS/PostgREST,f_pohjaveekogumid_kandealus,kand_tyyp,string,text,,Kandealus tüüp
EELIS/PostgREST,f_pohjaveekogumid_kandealus,kand_tyyp_selg,string,text,,Kandealus tüüp selgitus
EELIS/PostgREST,f_pohjaveekogumid_kandealus,kand_nimi,string,text,,Kandealus nimi
EELIS/PostgREST,f_pohjaveekogumid_kandealus,kand_obj_tyyp,string,text,,Objekti tüüp (kandealus)
EELIS/PostgREST,f_pohjaveekogumid_kandealus,kand_obj_tyyp_selg,string,text,,Objekti tüüp selgitus (kandealus)
EELIS/PostgREST,f_pohjaveekogumid_kandealus,kand_kpv,string,timestamp without time zone,,Kandealus kuupäev
EELIS/PostgREST,f_pohjaveekogumid_kandealus,kand_alusdok_id,integer,integer,,Alusdokumendi ID 
EELIS/PostgREST,f_pohjaveekogumid_kandealus,kand_alusdok_nimi,string,text,,Alusdokumendi nimi
EELIS/PostgREST,f_pohjaveekogumid_kandealus,kand_alusdok_alg_kehtib,string,timestamp without time zone,,Alusdokumendi kehtib alates kuupäev
EELIS/PostgREST,f_pohjaveekogumid_kandealus,kand_aruanne_id,integer,integer,,Aruanne
EELIS/PostgREST,f_pohjaveekogumid_kandealus,kand_aruanne_nimi,string,text,,Aruande nimi
EELIS/PostgREST,f_pohjaveekogumid_kandealus,kand_aruanne_aasta,integer,integer,,Aruande aasta
EELIS/PostgREST,f_pohjaveekogumid_kandealus,kand_esitamise_viis,string,text,,Esitamise viis
EELIS/PostgREST,f_pohjaveekogumid_kandealus,kand_esit_viis_selg,string,text,,Esitamise viis selgitus
EELIS/PostgREST,f_pohjaveekogumid_kandealus,kand_dok_kpv,string,timestamp without time zone,,Kandealus dokumendi kuupäev
EELIS/PostgREST,f_pohjaveekogumid_kandealus,kand_tx_lisainfo,string,text,,Lisainfo (kandealus)
EELIS/PostgREST,f_pohjaveekogumid_kandealus,kand_muut_aeg,string,timestamp without time zone,,Viimase muutmise aeg (kandealus)
EELIS/PostgREST,f_pohjaveekogumid_kandealus,pohjaveekogum_id,integer,integer,,Põhjaveekogumi ID  Note: This is a Foreign Key to `f_pohjaveekogumid.id`.<fk table='f_pohjaveekogumid' column='id'/>
EELIS/PostgREST,f_pohjaveekogumid_pohjaveekogum_seis,id,integer,integer,,ID
EELIS/PostgREST,f_pohjaveekogumid_pohjaveekogum_seis,aasta,integer,integer,,Aasta
EELIS/PostgREST,f_pohjaveekogumid_pohjaveekogum_seis,pohjaveekogum_id,integer,integer,,Põhajveekogum  Note: This is a Foreign Key to `f_pohjaveekogumid.id`.<fk table='f_pohjaveekogumid' column='id'/>
EELIS/PostgREST,f_pohjaveekogumid_pohjaveekogum_seis,kood,string,text,,Kood
EELIS/PostgREST,f_pohjaveekogumid_pohjaveekogum_seis,seis,string,text,,Seisund (koond)
EELIS/PostgREST,f_pohjaveekogumid_pohjaveekogum_seis,pvkseis_seis_selg,string,text,,Seisund (koond) selgitus
EELIS/PostgREST,f_pohjaveekogumid_pohjaveekogum_seis,seis_kem,string,text,,KEM seisund
EELIS/PostgREST,f_pohjaveekogumid_pohjaveekogum_seis,pvkseis_seis_kem_selg,string,text,,KEM seisund selgitus
EELIS/PostgREST,f_pohjaveekogumid_pohjaveekogum_seis,seis_kem1,string,text,,KEM1 seisund
EELIS/PostgREST,f_pohjaveekogumid_pohjaveekogum_seis,pvkseis_seis_kem1_selg,string,text,,KEM1 seisund selgitus
EELIS/PostgREST,f_pohjaveekogumid_pohjaveekogum_seis,seis_kem2,string,text,,KEM2 seisund
EELIS/PostgREST,f_pohjaveekogumid_pohjaveekogum_seis,pvkseis_seis_kem2_selg,string,text,,KEM2 seisund selgitus
EELIS/PostgREST,f_pohjaveekogumid_pohjaveekogum_seis,seis_kem3,string,text,,KEM3 seisund
EELIS/PostgREST,f_pohjaveekogumid_pohjaveekogum_seis,pvkseis_seis_kem3_selg,string,text,,KEM3 seisund selgitus
EELIS/PostgREST,f_pohjaveekogumid_pohjaveekogum_seis,seis_kem4,string,text,,KEM4 seisund
EELIS/PostgREST,f_pohjaveekogumid_pohjaveekogum_seis,pvkseis_seis_kem4_selg,string,text,,KEM4 seisund selgitus
EELIS/PostgREST,f_pohjaveekogumid_pohjaveekogum_seis,seis_kem5,string,text,,KEM5 seisund
EELIS/PostgREST,f_pohjaveekogumid_pohjaveekogum_seis,pvkseis_seis_kem5_selg,string,text,,KEM5 seisund selgitus
EELIS/PostgREST,f_pohjaveekogumid_pohjaveekogum_seis,seis_kog,string,text,,KOG seisund
EELIS/PostgREST,f_pohjaveekogumid_pohjaveekogum_seis,pvkseis_seis_kog_selg,string,text,,KOG seisund selgitus
EELIS/PostgREST,f_pohjaveekogumid_pohjaveekogum_seis,seis_kog1,string,text,,KOG1 seisund
EELIS/PostgREST,f_pohjaveekogumid_pohjaveekogum_seis,pvkseis_seis_kog1_selg,string,text,,KOG1 seisund selgitus
EELIS/PostgREST,f_pohjaveekogumid_pohjaveekogum_seis,seis_kog2,string,text,,KOG2 seisund
EELIS/PostgREST,f_pohjaveekogumid_pohjaveekogum_seis,pvkseis_seis_kog2_selg,string,text,,KOG2 seisund selgitus
EELIS/PostgREST,f_pohjaveekogumid_pohjaveekogum_seis,seis_kog3,string,text,,KOG3 seisund
EELIS/PostgREST,f_pohjaveekogumid_pohjaveekogum_seis,pvkseis_seis_kog3_selg,string,text,,KOG3 seisund selgitus
EELIS/PostgREST,f_pohjaveekogumid_pohjaveekogum_seis,seis_kog4,string,text,,KOG4 seisund
EELIS/PostgREST,f_pohjaveekogumid_pohjaveekogum_seis,pvkseis_seis_kog4_selg,string,text,,KOG4 seisund selgitus
EELIS/PostgREST,f_pohjaveekogumid_pohjaveekogum_seis,usald,string,text,,Usaldusväärsus (koond)
EELIS/PostgREST,f_pohjaveekogumid_pohjaveekogum_seis,pvkseis_usald_selg,string,text,,Usaldusväärsus (koond) selgitus
EELIS/PostgREST,f_pohjaveekogumid_pohjaveekogum_seis,usald_kem,string,text,,KEM usaldusväärsus
EELIS/PostgREST,f_pohjaveekogumid_pohjaveekogum_seis,pvkseis_usald_kem_selg,string,text,,KEM usaldusväärsus selgitus
EELIS/PostgREST,f_pohjaveekogumid_pohjaveekogum_seis,usald_kem1,string,text,,KEM1 usaldusväärsus
EELIS/PostgREST,f_pohjaveekogumid_pohjaveekogum_seis,pvkseis_usald_kem1_selg,string,text,,KEM1 usaldusväärsus selgitus
EELIS/PostgREST,f_pohjaveekogumid_pohjaveekogum_seis,usald_kem2,string,text,,KEM2 usaldusväärsus
EELIS/PostgREST,f_pohjaveekogumid_pohjaveekogum_seis,pvkseis_usald_kem2_selg,string,text,,KEM2 usaldusväärsus selgitus
EELIS/PostgREST,f_pohjaveekogumid_pohjaveekogum_seis,usald_kem3,string,text,,KEM3 usaldusväärsus
EELIS/PostgREST,f_pohjaveekogumid_pohjaveekogum_seis,pvkseis_usald_kem3_selg,string,text,,KEM3 usaldusväärsus selgitus
EELIS/PostgREST,f_pohjaveekogumid_pohjaveekogum_seis,usald_kem4,string,text,,KEM4 usaldusväärsus
EELIS/PostgREST,f_pohjaveekogumid_pohjaveekogum_seis,pvkseis_usald_kem4_selg,string,text,,KEM4 usaldusväärsus selgitus
EELIS/PostgREST,f_pohjaveekogumid_pohjaveekogum_seis,usald_kem5,string,text,,KEM5 usaldusväärsus
EELIS/PostgREST,f_pohjaveekogumid_pohjaveekogum_seis,pvkseis_usald_kem5_selg,string,text,,KEM5 usaldusväärsus selgitus
EELIS/PostgREST,f_pohjaveekogumid_pohjaveekogum_seis,usald_kog,string,text,,KOG usaldusväärsus
EELIS/PostgREST,f_pohjaveekogumid_pohjaveekogum_seis,pvkseis_usald_kog_selg,string,text,,KOG usaldusväärsus selgitus
EELIS/PostgREST,f_pohjaveekogumid_pohjaveekogum_seis,usald_kog1,string,text,,KOG1 usaldusväärsus
EELIS/PostgREST,f_pohjaveekogumid_pohjaveekogum_seis,pvkseis_usald_kog1_selg,string,text,,KOG1 usaldusväärsus selgitus
EELIS/PostgREST,f_pohjaveekogumid_pohjaveekogum_seis,usald_kog2,string,text,,KOG2 usaldusväärsus
EELIS/PostgREST,f_pohjaveekogumid_pohjaveekogum_seis,pvkseis_usald_kog2_selg,string,text,,KOG2 usaldusväärsus selgitus
EELIS/PostgREST,f_pohjaveekogumid_pohjaveekogum_seis,usald_kog3,string,text,,KOG3 usaldusväärsus
EELIS/PostgREST,f_pohjaveekogumid_pohjaveekogum_seis,pvkseis_usald_kog3_selg,string,text,,KOG3 usaldusväärsus selgitus
EELIS/PostgREST,f_pohjaveekogumid_pohjaveekogum_seis,usald_kog4,string,text,,KOG4 usaldusväärsus
EELIS/PostgREST,f_pohjaveekogumid_pohjaveekogum_seis,pvkseis_usald_kog4_selg,string,text,,KOG4 usaldusväärsus selgitus
EELIS/PostgREST,f_pohjaveekogumid_pohjaveekogum_seis,tx_seis,string,text,,Lisainfo (koond)
EELIS/PostgREST,f_pohjaveekogumid_pohjaveekogum_seis,tx_seis_kem,string,text,,KEM lisainfo
EELIS/PostgREST,f_pohjaveekogumid_pohjaveekogum_seis,tx_seis_kem1,string,text,,KEM1 lisainfo
EELIS/PostgREST,f_pohjaveekogumid_pohjaveekogum_seis,tx_seis_kem2,string,text,,KEM2 lisainfo
EELIS/PostgREST,f_pohjaveekogumid_pohjaveekogum_seis,tx_seis_kem3,string,text,,KEM3 lisainfo
EELIS/PostgREST,f_pohjaveekogumid_pohjaveekogum_seis,tx_seis_kem4,string,text,,KEM4 lisainfo
EELIS/PostgREST,f_pohjaveekogumid_pohjaveekogum_seis,tx_seis_kem5,string,text,,KEM5 lisainfo
EELIS/PostgREST,f_pohjaveekogumid_pohjaveekogum_seis,tx_seis_kog,string,text,,KOG lisainfo
EELIS/PostgREST,f_pohjaveekogumid_pohjaveekogum_seis,tx_seis_kog1,string,text,,KOG1 lisainfo
EELIS/PostgREST,f_pohjaveekogumid_pohjaveekogum_seis,tx_seis_kog2,string,text,,KOG2 lisainfo
EELIS/PostgREST,f_pohjaveekogumid_pohjaveekogum_seis,tx_seis_kog3,string,text,,KOG3 lisainfo
EELIS/PostgREST,f_pohjaveekogumid_pohjaveekogum_seis,tx_seis_kog4,string,text,,KOG4 lisainfo
EELIS/PostgREST,f_pohjaveekogumid_pohjaveekogum_seis,muut_aeg,string,timestamp without time zone,,Viimase muutmise aeg
EELIS/PostgREST,f_pohjaveekogumid_pohjaveevaru,id,integer,integer,,Id
EELIS/PostgREST,f_pohjaveekogumid_pohjaveevaru,keht_staatus,string,text,,Kehtivuse staatus
EELIS/PostgREST,f_pohjaveekogumid_pohjaveevaru,kkr_kood,string,text,,Registrikood
EELIS/PostgREST,f_pohjaveekogumid_pohjaveevaru,kood,string,text,,Kood
EELIS/PostgREST,f_pohjaveekogumid_pohjaveevaru,nimi,string,text,,Nimi
EELIS/PostgREST,f_pohjaveekogumid_pohjaveevaru,veemaardla_id,integer,integer,,Veemaardla
EELIS/PostgREST,f_pohjaveekogumid_pohjaveevaru,veemaardla_nimi,string,text,,Veemaardla nimi
EELIS/PostgREST,f_pohjaveekogumid_pohjaveevaru,veemaardla_kood,string,text,,Veemaardla kood
EELIS/PostgREST,f_pohjaveekogumid_pohjaveevaru,ehak_id,integer,integer,,EHAK ID
EELIS/PostgREST,f_pohjaveekogumid_pohjaveevaru,ehak,string,text,,Kohanimi
EELIS/PostgREST,f_pohjaveekogumid_pohjaveevaru,veekogum,string,text,,Veekogum
EELIS/PostgREST,f_pohjaveekogumid_pohjaveevaru,pohjaveekogum_id,integer,integer,,Pohjaveekogum  Note: This is a Foreign Key to `f_pohjaveekogumid.id`.<fk table='f_pohjaveekogumid' column='id'/>
EELIS/PostgREST,f_pohjaveekogumid_pohjaveevaru,geol_indeks,string,text,,GeolIndeks
EELIS/PostgREST,f_pohjaveekogumid_pohjaveevaru,kasut_algus,integer,integer,,KasutAlgus
EELIS/PostgREST,f_pohjaveekogumid_pohjaveevaru,kasut_lopp,integer,integer,,KasutLopp
EELIS/PostgREST,f_pohjaveekogumid_pohjaveevaru,aruande_nr,string,text,,Aruande Nr
EELIS/PostgREST,f_pohjaveekogumid_pohjaveevaru,autor,string,text,,Autor
EELIS/PostgREST,f_pohjaveekogumid_pohjaveevaru,vk_litoloogia,string,text,,VkLitoloogia
EELIS/PostgREST,f_pohjaveekogumid_pohjaveevaru,vk_paksus_m,number,double precision,,VkPaksusM
EELIS/PostgREST,f_pohjaveekogumid_pohjaveevaru,vh_kasut_alg_a,string,text,,VhKasutAlgA
EELIS/PostgREST,f_pohjaveekogumid_pohjaveevaru,kinnit_kuup,string,timestamp without time zone,,KinnitKuup
EELIS/PostgREST,f_pohjaveekogumid_pohjaveevaru,varu_t1_olme,integer,integer,,VaruT1Olme
EELIS/PostgREST,f_pohjaveekogumid_pohjaveevaru,varu_t1_tehn,integer,integer,,VaruT1Tehn
EELIS/PostgREST,f_pohjaveekogumid_pohjaveevaru,varu_t1_min,integer,integer,,VaruT1Min
EELIS/PostgREST,f_pohjaveekogumid_pohjaveevaru,varu_t2_olme,integer,integer,,VaruT2Olme
EELIS/PostgREST,f_pohjaveekogumid_pohjaveevaru,varu_t2_tehn,integer,integer,,VaruT2Tehn
EELIS/PostgREST,f_pohjaveekogumid_pohjaveevaru,varu_p_olme,integer,integer,,VaruPOlme
EELIS/PostgREST,f_pohjaveekogumid_pohjaveevaru,varu_p_tehn,integer,integer,,VaruPTehn
EELIS/PostgREST,f_pohjaveekogumid_pohjaveevaru,muut_staatus,string,text,,Menetlusfaas
EELIS/PostgREST,f_pohjaveekogumid_pohjaveevaru,muut_staatus_selg,string,text,,Menetlusfaas selgitus
EELIS/PostgREST,f_pohjaveekogumid_pohjaveevaru,muut_aeg,string,timestamp without time zone,,Muutmise aeg
EELIS/PostgREST,f_pohjaveekogumid_pohjaveevaru,ehak_tekst,string,text,,EHAK koondinfo
EELIS/PostgREST,f_pohjaveekogumid_pohjaveevaru,ehak_kood1,string,text,,EHAK kood maakond
EELIS/PostgREST,f_pohjaveekogumid_pohjaveevaru,ehak_kood2,string,text,,EHAK kood vald
EELIS/PostgREST,f_pohjaveekogumid_pohjaveevaru,ehak_kood3,string,text,,EHAK alamtase
EELIS/PostgREST,f_pohjaveekogumid_puurauk,id,integer,integer,,ID
EELIS/PostgREST,f_pohjaveekogumid_puurauk,tyyp,string,text,,Tüüp
EELIS/PostgREST,f_pohjaveekogumid_puurauk,tyyp_selg,string,text,,Tüüp selgitus
EELIS/PostgREST,f_pohjaveekogumid_puurauk,nimi,string,text,,Nimi
EELIS/PostgREST,f_pohjaveekogumid_puurauk,keht_staatus,string,text,,Kehtivuse staatus
EELIS/PostgREST,f_pohjaveekogumid_puurauk,kkr_kood,string,text,,Registrikood
EELIS/PostgREST,f_pohjaveekogumid_puurauk,jaakreostusala_id,integer,integer,,Jaakreostusala
EELIS/PostgREST,f_pohjaveekogumid_puurauk,jaakreostusala_nimi,string,text,,Jaakreostusala nimi
EELIS/PostgREST,f_pohjaveekogumid_puurauk,jaakreostusala_kkr_kood,string,text,,Jaakreostusala KKR kood
EELIS/PostgREST,f_pohjaveekogumid_puurauk,veehaare_id,integer,integer,,Veehaare ID
EELIS/PostgREST,f_pohjaveekogumid_puurauk,puurija_id,integer,integer,,Puurija ID
EELIS/PostgREST,f_pohjaveekogumid_puurauk,puurija_nimi,string,text,,Puurija nimetus
EELIS/PostgREST,f_pohjaveekogumid_puurauk,puurija_kood,string,text,,Puurija kood
EELIS/PostgREST,f_pohjaveekogumid_puurauk,valdaja_id,integer,integer,,Valdaja
EELIS/PostgREST,f_pohjaveekogumid_puurauk,valdaja_nimi,string,text,,Valdaja nimetus
EELIS/PostgREST,f_pohjaveekogumid_puurauk,valdaja_kood,string,text,,Valdaja kood
EELIS/PostgREST,f_pohjaveekogumid_puurauk,maasoojussysteem_id,integer,integer,,Kuulub maasoojussüsteemi
EELIS/PostgREST,f_pohjaveekogumid_puurauk,maayksus,string,text,,Maaüksuse tunnus
EELIS/PostgREST,f_pohjaveekogumid_puurauk,maayksus_nimi,string,text,,Maaüksuse nimi
EELIS/PostgREST,f_pohjaveekogumid_puurauk,voond_toiteala_id,integer,integer,,Toiteala
EELIS/PostgREST,f_pohjaveekogumid_puurauk,on_pandivere_pv,boolean,boolean,,Asub nitraaditundlikul alal 
EELIS/PostgREST,f_pohjaveekogumid_puurauk,katastri_nr,string,text,,Katastri nr
EELIS/PostgREST,f_pohjaveekogumid_puurauk,pass_nr,string,text,,Pass nr
EELIS/PostgREST,f_pohjaveekogumid_puurauk,invent_nr,string,text,,Inventari nr
EELIS/PostgREST,f_pohjaveekogumid_puurauk,puur_nr,string,text,,Puuraugu nr
EELIS/PostgREST,f_pohjaveekogumid_puurauk,seire_nr,string,text,,Seire nr
EELIS/PostgREST,f_pohjaveekogumid_puurauk,akti_nr,string,text,,Akti nr
EELIS/PostgREST,f_pohjaveekogumid_puurauk,kivimikiht_id,integer,integer,,Kivimikiht
EELIS/PostgREST,f_pohjaveekogumid_puurauk,kivimikiht_tyyp,string,text,,Kivimikiht tüüp
EELIS/PostgREST,f_pohjaveekogumid_puurauk,kivimikiht_kood,string,text,,Kivimikiht kood
EELIS/PostgREST,f_pohjaveekogumid_puurauk,kivimikiht_nimi,string,text,,Kivimikiht nimi
EELIS/PostgREST,f_pohjaveekogumid_puurauk,kivimikiht_nimi_en,string,text,,Kivimikiht nimi ingl k
EELIS/PostgREST,f_pohjaveekogumid_puurauk,kivimikiht_tx_lisainfo,string,text,,Kivimikiht lisainfo
EELIS/PostgREST,f_pohjaveekogumid_puurauk,kivimikiht_tx_leviala,string,text,,Kivimikiht leviala
EELIS/PostgREST,f_pohjaveekogumid_puurauk,veekiht_nimi,string,text,,Põhjaveekihi nimetus
EELIS/PostgREST,f_pohjaveekogumid_puurauk,veekiht,string,text,,Põhjaveekihi indeks
EELIS/PostgREST,f_pohjaveekogumid_puurauk,veekogum,string,text,,Veekogum
EELIS/PostgREST,f_pohjaveekogumid_puurauk,pohjaveekogum_id,integer,integer,,Pohjaveekogum  Note: This is a Foreign Key to `f_pohjaveekogumid.id`.<fk table='f_pohjaveekogumid' column='id'/>
EELIS/PostgREST,f_pohjaveekogumid_puurauk,pohjaveekogum_nimi,string,text,,Pohjaveekogumi nimi
EELIS/PostgREST,f_pohjaveekogumid_puurauk,pohjaveekogum_pealmine_id,integer,integer,,Pealmine läbitav põhjaveekogum
EELIS/PostgREST,f_pohjaveekogumid_puurauk,vesikond_id,integer,integer,,Vesikond
EELIS/PostgREST,f_pohjaveekogumid_puurauk,arv_k_nr,string,text,,ArvKNr
EELIS/PostgREST,f_pohjaveekogumid_puurauk,aruande_nr,string,text,,Aruande nr 
EELIS/PostgREST,f_pohjaveekogumid_puurauk,aadress,string,text,,Aadress
EELIS/PostgREST,f_pohjaveekogumid_puurauk,z_abs,number,double precision,,Maapinna absoluutkõrgus (m)
EELIS/PostgREST,f_pohjaveekogumid_puurauk,sygavus,number,double precision,,Sügavus (m)
EELIS/PostgREST,f_pohjaveekogumid_puurauk,kasutus,string,text,,Kasutus
EELIS/PostgREST,f_pohjaveekogumid_puurauk,kasutus_selg,string,text,,Kasutus selgitus
EELIS/PostgREST,f_pohjaveekogumid_puurauk,rajam_kp,string,timestamp without time zone,,Rajamise kuupäev
EELIS/PostgREST,f_pohjaveekogumid_puurauk,puur_aasta,integer,integer,,Puurimise aasta
EELIS/PostgREST,f_pohjaveekogumid_puurauk,renov_aasta,integer,integer,,Renoveerimise aasta
EELIS/PostgREST,f_pohjaveekogumid_puurauk,likv_aasta,integer,integer,,Likvideerimise aasta
EELIS/PostgREST,f_pohjaveekogumid_puurauk,puur_org,string,text,,Puurinud ettevõte
EELIS/PostgREST,f_pohjaveekogumid_puurauk,puur_viis,string,text,,Puurimise viis
EELIS/PostgREST,f_pohjaveekogumid_puurauk,puur_viis_selg,string,text,,Puurimise viis selgitus
EELIS/PostgREST,f_pohjaveekogumid_puurauk,puur_mark,string,text,,Puurmasina tüüp/mark
EELIS/PostgREST,f_pohjaveekogumid_puurauk,pump_liik,string,text,,Pump. liik
EELIS/PostgREST,f_pohjaveekogumid_puurauk,pump_liik_selg,string,text,,Pump. Liik selgitus
EELIS/PostgREST,f_pohjaveekogumid_puurauk,pump_viis,string,text,,Pump. viis
EELIS/PostgREST,f_pohjaveekogumid_puurauk,pump_viis_selg,string,text,,Pump. Viis selgitus
EELIS/PostgREST,f_pohjaveekogumid_puurauk,tehn_seisund,string,text,,Tehn. seisund
EELIS/PostgREST,f_pohjaveekogumid_puurauk,san_seisund,string,text,,San. seisund
EELIS/PostgREST,f_pohjaveekogumid_puurauk,san_seisund_selg,string,text,,San. Seisund selgitus
EELIS/PostgREST,f_pohjaveekogumid_puurauk,san_kaitseala,string,text,,San. kaitseala
EELIS/PostgREST,f_pohjaveekogumid_puurauk,kesk_x,number,double precision,,x
EELIS/PostgREST,f_pohjaveekogumid_puurauk,kesk_y,number,double precision,,y
EELIS/PostgREST,f_pohjaveekogumid_puurauk,muut_aeg,string,timestamp without time zone,,Muutmise aeg
EELIS/PostgREST,f_pohjaveekogumid_puurauk,ehak_id,integer,integer,,EHAK ID
EELIS/PostgREST,f_pohjaveekogumid_puurauk,ehak_tekst,string,text,,EHAK koondinfo
EELIS/PostgREST,f_pohjaveekogumid_puurauk,ehak_kood1,string,text,,EHAK kood maakond
EELIS/PostgREST,f_pohjaveekogumid_puurauk,ehak_kood2,string,text,,EHAK kood vald
EELIS/PostgREST,f_pohjaveekogumid_puurauk,ehak_kood3,string,text,,EHAK alamtase
EELIS/PostgREST,f_pohjaveekogumid_puurauk_pealmine,id,integer,integer,,ID
EELIS/PostgREST,f_pohjaveekogumid_puurauk_pealmine,tyyp,string,text,,Tüüp
EELIS/PostgREST,f_pohjaveekogumid_puurauk_pealmine,nimi,string,text,,Nimi
EELIS/PostgREST,f_pohjaveekogumid_puurauk_pealmine,keht_staatus,string,text,,Kehtivuse staatus
EELIS/PostgREST,f_pohjaveekogumid_puurauk_pealmine,kkr_kood,string,text,,Registrikood
EELIS/PostgREST,f_pohjaveekogumid_puurauk_pealmine,jaakreostusala_id,integer,integer,,Jaakreostusala
EELIS/PostgREST,f_pohjaveekogumid_puurauk_pealmine,jaakreostusala_nimi,string,text,,Jaakreostusala nimi
EELIS/PostgREST,f_pohjaveekogumid_puurauk_pealmine,jaakreostusala_kkr_kood,string,text,,Jaakreostusala KKR kood
EELIS/PostgREST,f_pohjaveekogumid_puurauk_pealmine,veehaare_id,integer,integer,,Veehaare ID
EELIS/PostgREST,f_pohjaveekogumid_puurauk_pealmine,puurija_id,integer,integer,,Puurija ID
EELIS/PostgREST,f_pohjaveekogumid_puurauk_pealmine,puurija_nimi,string,text,,Puurija nimetus
EELIS/PostgREST,f_pohjaveekogumid_puurauk_pealmine,puurija_kood,string,text,,Puurija kood
EELIS/PostgREST,f_pohjaveekogumid_puurauk_pealmine,valdaja_id,integer,integer,,Valdaja
EELIS/PostgREST,f_pohjaveekogumid_puurauk_pealmine,valdaja_nimi,string,text,,Valdaja nimetus
EELIS/PostgREST,f_pohjaveekogumid_puurauk_pealmine,valdaja_kood,string,text,,Valdaja kood
EELIS/PostgREST,f_pohjaveekogumid_puurauk_pealmine,maasoojussysteem_id,integer,integer,,Kuulub maasoojussüsteemi
EELIS/PostgREST,f_pohjaveekogumid_puurauk_pealmine,maayksus,string,text,,Maaüksuse tunnus
EELIS/PostgREST,f_pohjaveekogumid_puurauk_pealmine,maayksus_nimi,string,text,,Maaüksuse nimi
EELIS/PostgREST,f_pohjaveekogumid_puurauk_pealmine,voond_toiteala_id,integer,integer,,Toiteala
EELIS/PostgREST,f_pohjaveekogumid_puurauk_pealmine,on_pandivere_pv,boolean,boolean,,Asub nitraaditundlikul alal 
EELIS/PostgREST,f_pohjaveekogumid_puurauk_pealmine,katastri_nr,string,text,,Katastri nr
EELIS/PostgREST,f_pohjaveekogumid_puurauk_pealmine,pass_nr,string,text,,Pass nr
EELIS/PostgREST,f_pohjaveekogumid_puurauk_pealmine,invent_nr,string,text,,Inventari nr
EELIS/PostgREST,f_pohjaveekogumid_puurauk_pealmine,puur_nr,string,text,,Puuraugu nr
EELIS/PostgREST,f_pohjaveekogumid_puurauk_pealmine,seire_nr,string,text,,Seire nr
EELIS/PostgREST,f_pohjaveekogumid_puurauk_pealmine,akti_nr,string,text,,Akti nr
EELIS/PostgREST,f_pohjaveekogumid_puurauk_pealmine,kivimikiht_id,integer,integer,,Kivimikiht
EELIS/PostgREST,f_pohjaveekogumid_puurauk_pealmine,kivimikiht_tyyp,string,text,,Kivimikiht tüüp
EELIS/PostgREST,f_pohjaveekogumid_puurauk_pealmine,kivimikiht_kood,string,text,,Kivimikiht kood
EELIS/PostgREST,f_pohjaveekogumid_puurauk_pealmine,kivimikiht_nimi,string,text,,Kivimikiht nimi
EELIS/PostgREST,f_pohjaveekogumid_puurauk_pealmine,kivimikiht_nimi_en,string,text,,Kivimikiht nimi ingl k
EELIS/PostgREST,f_pohjaveekogumid_puurauk_pealmine,kivimikiht_tx_lisainfo,string,text,,Kivimikiht lisainfo
EELIS/PostgREST,f_pohjaveekogumid_puurauk_pealmine,kivimikiht_tx_leviala,string,text,,Kivimikiht leviala
EELIS/PostgREST,f_pohjaveekogumid_puurauk_pealmine,veekiht_nimi,string,text,,Põhjaveekihi nimetus
EELIS/PostgREST,f_pohjaveekogumid_puurauk_pealmine,veekiht,string,text,,Põhjaveekihi indeks
EELIS/PostgREST,f_pohjaveekogumid_puurauk_pealmine,veekogum,string,text,,Veekogum
EELIS/PostgREST,f_pohjaveekogumid_puurauk_pealmine,pohjaveekogum_id,integer,integer,,Pohjaveekogum  Note: This is a Foreign Key to `f_pohjaveekogumid.id`.<fk table='f_pohjaveekogumid' column='id'/>
EELIS/PostgREST,f_pohjaveekogumid_puurauk_pealmine,pohjaveekogum_nimi,string,text,,Pohjaveekogumi nimi
EELIS/PostgREST,f_pohjaveekogumid_puurauk_pealmine,pohjaveekogum_pealmine_id,integer,integer,,Pealmine läbitav põhjaveekogum
EELIS/PostgREST,f_pohjaveekogumid_puurauk_pealmine,vesikond_id,integer,integer,,Vesikond
EELIS/PostgREST,f_pohjaveekogumid_puurauk_pealmine,arv_k_nr,string,text,,ArvKNr
EELIS/PostgREST,f_pohjaveekogumid_puurauk_pealmine,aruande_nr,string,text,,Aruande nr 
EELIS/PostgREST,f_pohjaveekogumid_puurauk_pealmine,aadress,string,text,,Aadress
EELIS/PostgREST,f_pohjaveekogumid_puurauk_pealmine,z_abs,number,double precision,,Maapinna absoluutkõrgus (m)
EELIS/PostgREST,f_pohjaveekogumid_puurauk_pealmine,sygavus,number,double precision,,Sügavus (m)
EELIS/PostgREST,f_pohjaveekogumid_puurauk_pealmine,kasutus,string,text,,Kasutus
EELIS/PostgREST,f_pohjaveekogumid_puurauk_pealmine,kasutus_selg,string,text,,Kasutus selgitus
EELIS/PostgREST,f_pohjaveekogumid_puurauk_pealmine,rajam_kp,string,timestamp without time zone,,Rajamise kuupäev
EELIS/PostgREST,f_pohjaveekogumid_puurauk_pealmine,puur_aasta,integer,integer,,Puurimise aasta
EELIS/PostgREST,f_pohjaveekogumid_puurauk_pealmine,renov_aasta,integer,integer,,Renoveerimise aasta
EELIS/PostgREST,f_pohjaveekogumid_puurauk_pealmine,likv_aasta,integer,integer,,Likvideerimise aasta
EELIS/PostgREST,f_pohjaveekogumid_puurauk_pealmine,puur_org,string,text,,Puurinud ettevõte
EELIS/PostgREST,f_pohjaveekogumid_puurauk_pealmine,puur_viis,string,text,,Puurimise viis
EELIS/PostgREST,f_pohjaveekogumid_puurauk_pealmine,puur_viis_selg,string,text,,Puurimise viis selgitus
EELIS/PostgREST,f_pohjaveekogumid_puurauk_pealmine,puur_mark,string,text,,Puurmasina tüüp/mark
EELIS/PostgREST,f_pohjaveekogumid_puurauk_pealmine,pump_liik,string,text,,Pump. liik
EELIS/PostgREST,f_pohjaveekogumid_puurauk_pealmine,pump_liik_selg,string,text,,Pump. Liik selgitus
EELIS/PostgREST,f_pohjaveekogumid_puurauk_pealmine,pump_viis,string,text,,Pump. viis
EELIS/PostgREST,f_pohjaveekogumid_puurauk_pealmine,pump_viis_selg,string,text,,Pump. Viis selgitus
EELIS/PostgREST,f_pohjaveekogumid_puurauk_pealmine,tehn_seisund,string,text,,Tehn. seisund
EELIS/PostgREST,f_pohjaveekogumid_puurauk_pealmine,san_seisund,string,text,,San. seisund
EELIS/PostgREST,f_pohjaveekogumid_puurauk_pealmine,san_seisund_selg,string,text,,San. Seisund selgitus
EELIS/PostgREST,f_pohjaveekogumid_puurauk_pealmine,san_kaitseala,string,text,,San. kaitseala
EELIS/PostgREST,f_pohjaveekogumid_puurauk_pealmine,kesk_x,number,double precision,,x
EELIS/PostgREST,f_pohjaveekogumid_puurauk_pealmine,kesk_y,number,double precision,,y
EELIS/PostgREST,f_pohjaveekogumid_puurauk_pealmine,muut_aeg,string,timestamp without time zone,,Muutmise aeg
EELIS/PostgREST,f_pohjaveekogumid_puurauk_pealmine,ehak_id,integer,integer,,EHAK ID
EELIS/PostgREST,f_pohjaveekogumid_puurauk_pealmine,ehak_tekst,string,text,,EHAK koondinfo
EELIS/PostgREST,f_pohjaveekogumid_puurauk_pealmine,ehak_kood1,string,text,,EHAK kood maakond
EELIS/PostgREST,f_pohjaveekogumid_puurauk_pealmine,ehak_kood2,string,text,,EHAK kood vald
EELIS/PostgREST,f_pohjaveekogumid_puurauk_pealmine,ehak_kood3,string,text,,EHAK alamtase
EELIS/PostgREST,f_pohjaveekogumid_rahvala,id,integer,integer,,Rahv.ala ID
EELIS/PostgREST,f_pohjaveekogumid_rahvala,kood,string,text,,Kood
EELIS/PostgREST,f_pohjaveekogumid_rahvala,nimi,string,text,,Rahv.ala nimi
EELIS/PostgREST,f_pohjaveekogumid_rahvala,tyyp,string,text,,Rahv.ala tüüp
EELIS/PostgREST,f_pohjaveekogumid_rahvala,tyyp_selg,string,text,,Rahv.ala tüüp selgitus
EELIS/PostgREST,f_pohjaveekogumid_rahvala,on_regobj,boolean,boolean,,On registriobjekt JAH/EI
EELIS/PostgREST,f_pohjaveekogumid_rahvala,kkr_kood,string,text,,KKR kood
EELIS/PostgREST,f_pohjaveekogumid_rahvala,koostamise_kp,string,timestamp without time zone,,Koostamise kp
EELIS/PostgREST,f_pohjaveekogumid_rahvala,kinnitamise_kp,string,timestamp without time zone,,Kinnitamise kp
EELIS/PostgREST,f_pohjaveekogumid_rahvala,tx_markused,string,text,,Märkused
EELIS/PostgREST,f_pohjaveekogumid_rahvala,pindala_maa,number,double precision,,Maismaa pindala (ha)
EELIS/PostgREST,f_pohjaveekogumid_rahvala,pindala_vesi,number,double precision,,Siseveekogude pindala (ha)
EELIS/PostgREST,f_pohjaveekogumid_rahvala,pindala_meri,number,double precision,,Mereosa pindala (ha)
EELIS/PostgREST,f_pohjaveekogumid_rahvala,spa_klassif_kp,string,timestamp without time zone,,SPA klassifitseerimise kuupäev
EELIS/PostgREST,f_pohjaveekogumid_rahvala,sci_esit_kp,string,timestamp without time zone,,SCI esitamise kuupäev
EELIS/PostgREST,f_pohjaveekogumid_rahvala,sci_kinnit_kp,string,timestamp without time zone,,SCI kinnitamise kuupäev
EELIS/PostgREST,f_pohjaveekogumid_rahvala,sac_eri_kp,string,timestamp without time zone,,SAC määramise kuupäev
EELIS/PostgREST,f_pohjaveekogumid_rahvala,kesk_x,number,double precision,,Rahv.ala tsentroidi x-koordinaat LEST97
EELIS/PostgREST,f_pohjaveekogumid_rahvala,kesk_y,number,double precision,,Rahv.ala tsentroidi y-koordinaat LEST97
EELIS/PostgREST,f_pohjaveekogumid_rahvala,muut_aeg,string,timestamp without time zone,,Viimase muutmise aeg
EELIS/PostgREST,f_pohjaveekogumid_rahvala,keht_staatus,string,text,,Kehtivuse staatus
EELIS/PostgREST,f_pohjaveekogumid_rahvala,staatus,string,text,,Staatus
EELIS/PostgREST,f_pohjaveekogumid_rahvala,staatus_selg,string,text,,Staatus selgitus
EELIS/PostgREST,f_pohjaveekogumid_rahvala,muut_staatus,string,text,,Muutmise staatus
EELIS/PostgREST,f_pohjaveekogumid_rahvala,muut_staatus_selg,string,text,,Muutmise staatus selgitus
EELIS/PostgREST,f_pohjaveekogumid_rahvala,ehak_tekst,string,text,,EHAK koondinfo
EELIS/PostgREST,f_pohjaveekogumid_rahvala,ehak_kood1,string,text,,EHAK kood maakond
EELIS/PostgREST,f_pohjaveekogumid_rahvala,ehak_kood2,string,text,,EHAK kood vald
EELIS/PostgREST,f_pohjaveekogumid_rahvala,ehak_kood3,string,text,,EHAK alamtase
EELIS/PostgREST,f_pohjaveekogumid_rahvala,pohjaveekogum_id,integer,integer,,Põhjaveekogumi ID  Note: This is a Foreign Key to `f_pohjaveekogumid.id`.<fk table='f_pohjaveekogumid' column='id'/>
EELIS/PostgREST,f_pohjaveekogumid_tundlik_ala,id,integer,integer,,ID
EELIS/PostgREST,f_pohjaveekogumid_tundlik_ala,kood,string,text,,Kood
EELIS/PostgREST,f_pohjaveekogumid_tundlik_ala,nimi,string,text,,Nimi
EELIS/PostgREST,f_pohjaveekogumid_tundlik_ala,tyyp,string,text,,Tüübi kood
EELIS/PostgREST,f_pohjaveekogumid_tundlik_ala,tyyp_selg,string,text,,Tüüp selgitus
EELIS/PostgREST,f_pohjaveekogumid_tundlik_ala,keht_staatus,string,text,,kehivuse staatus
EELIS/PostgREST,f_pohjaveekogumid_tundlik_ala,kkr_kood,string,text,,KKR kood
EELIS/PostgREST,f_pohjaveekogumid_tundlik_ala,tx_markus,string,text,,Märkused
EELIS/PostgREST,f_pohjaveekogumid_tundlik_ala,on_oluline,boolean,boolean,,On oluline 
EELIS/PostgREST,f_pohjaveekogumid_tundlik_ala,pindala,number,double precision,,Ala pindala
EELIS/PostgREST,f_pohjaveekogumid_tundlik_ala,seisuveekogu_id,integer,integer,,Seisuveekogu ID
EELIS/PostgREST,f_pohjaveekogumid_tundlik_ala,seisuveekogu_selg,string,text,,Seisuveekogu nimi
EELIS/PostgREST,f_pohjaveekogumid_tundlik_ala,seisuveekogu_kkr_kood,string,text,,Seisuveekogu kkr kood
EELIS/PostgREST,f_pohjaveekogumid_tundlik_ala,vooluveekogu_id,integer,integer,,Vooluveekogu ID
EELIS/PostgREST,f_pohjaveekogumid_tundlik_ala,vooluveeogu_selg,string,text,,Vooluveekogu nimi 
EELIS/PostgREST,f_pohjaveekogumid_tundlik_ala,vooluveekogu_kkr_kood,string,text,,Vooluveekogu kkr kood
EELIS/PostgREST,f_pohjaveekogumid_tundlik_ala,pohjaveekogum_id,integer,integer,,Põhjaveekogumi ID  Note: This is a Foreign Key to `f_pohjaveekogumid.id`.<fk table='f_pohjaveekogumid' column='id'/>
EELIS/PostgREST,f_pohjaveekogumid_tundlik_ala,pohjaveekogum_selg,string,text,,Põhjaveekogumi nimi
EELIS/PostgREST,f_pohjaveekogumid_tundlik_ala,kuulub_id,integer,integer,,Ülem tundlikala ID
EELIS/PostgREST,f_pohjaveekogumid_tundlik_ala,tundlik_ala_selg,string,text,,Ülem tundlik ala nimi
EELIS/PostgREST,f_pohjaveekogumid_tundlik_ala,tundlik_ala_kkr_kood,string,text,,Ülem tundlik ala kkr kood
EELIS/PostgREST,f_pohjaveekogumid_tundlik_ala,tx_asukoht,string,text,,Ala asukoht
EELIS/PostgREST,f_pohjaveekogumid_tundlik_ala,kesk_x,number,double precision,,Tundliku ala keskkpunkti X-koordinaat
EELIS/PostgREST,f_pohjaveekogumid_tundlik_ala,kesk_y,number,double precision,,Tundliku ala keskkpunkti Y-koordinaat
EELIS/PostgREST,f_pohjaveekogumid_tundlik_ala,muut_staatus,string,text,,Menetlusfaas
EELIS/PostgREST,f_pohjaveekogumid_tundlik_ala,muut_aeg,string,timestamp without time zone,,Viimase muutmise aeg
EELIS/PostgREST,f_pohjaveekogumid_tundlik_ala,ehak_tekst,string,text,,EHAK koondinfo
EELIS/PostgREST,f_pohjaveekogumid_tundlik_ala,ehak_kood1,string,text,,EHAK kood maakond
EELIS/PostgREST,f_pohjaveekogumid_tundlik_ala,ehak_kood2,string,text,,EHAK kood vald
EELIS/PostgREST,f_pohjaveekogumid_tundlik_ala,ehak_kood3,string,text,,EHAK alamtase
EELIS/PostgREST,f_pohjaveekogumid_vesikond,vesikond_id,integer,integer,,Vesikond ID
EELIS/PostgREST,f_pohjaveekogumid_vesikond,vesikond_id_text,string,text,,Vesikond ID (tekst)
EELIS/PostgREST,f_pohjaveekogumid_vesikond,vesikond_kood_vrd,string,text,,Vesikond vrd kood
EELIS/PostgREST,f_pohjaveekogumid_vesikond,vesikond_tyyp,string,text,,Vesikond tüüp
EELIS/PostgREST,f_pohjaveekogumid_vesikond,vesikond_tyyp_selg,string,text,,Vesikond tüüp selgitus
EELIS/PostgREST,f_pohjaveekogumid_vesikond,vesikond_nimi,string,text,,Vesikond nimi
EELIS/PostgREST,f_pohjaveekogumid_vesikond,staatus,string,text,,Staatus
EELIS/PostgREST,f_pohjaveekogumid_vesikond,keht_staatus,string,text,,Kehtivuse staatus
EELIS/PostgREST,f_pohjaveekogumid_vesikond,kuulub_id,integer,integer,,Kuulub id (vesikond)
EELIS/PostgREST,f_pohjaveekogumid_vesikond,kuulub_nimi,string,text,,Kuulub nimi (vesikond)
EELIS/PostgREST,f_pohjaveekogumid_vesikond,vesikond_muut_aeg,string,timestamp without time zone,,Vesikond muutmise kp
EELIS/PostgREST,f_pohjaveekogumid_vesikond,pohjaveekogum_id,integer,integer,,Põhjaveekogumi ID  Note: This is a Foreign Key to `f_pohjaveekogumid.id`.<fk table='f_pohjaveekogumid' column='id'/>
EELIS/PostgREST,f_pohjaveekogumid_vesikond,muut_staatus,string,text,,Muutmise staatus
EELIS/PostgREST,f_pohjaveekogumid_vesikond,vesikond_pindala_km2,number,numeric,,Vesikonna pindala
EELIS/PostgREST,f_pohjaveevarud,id,integer,integer,jah,Id  Note: This is a Primary Key.<pk/>
EELIS/PostgREST,f_pohjaveevarud,keht_staatus,string,text,,Kehtivuse staatus
EELIS/PostgREST,f_pohjaveevarud,kkr_kood,string,text,,Registrikood
EELIS/PostgREST,f_pohjaveevarud,kood,string,text,,Kood
EELIS/PostgREST,f_pohjaveevarud,nimi,string,text,,Nimi
EELIS/PostgREST,f_pohjaveevarud,veemaardla_id,integer,integer,,Veemaardla
EELIS/PostgREST,f_pohjaveevarud,veemaardla_nimi,string,text,,Veemaardla nimi
EELIS/PostgREST,f_pohjaveevarud,veemaardla_kood,string,text,,Veemaardla kood
EELIS/PostgREST,f_pohjaveevarud,ehak_id,string,text,,EHAK ID
EELIS/PostgREST,f_pohjaveevarud,ehak,string,text,,Kohanimi
EELIS/PostgREST,f_pohjaveevarud,veekogum,string,text,,Veekogum
EELIS/PostgREST,f_pohjaveevarud,pohjaveekogum_id,integer,integer,,Pohjaveekogum
EELIS/PostgREST,f_pohjaveevarud,geol_indeks,string,text,,GeolIndeks
EELIS/PostgREST,f_pohjaveevarud,kasut_algus,integer,integer,,KasutAlgus
EELIS/PostgREST,f_pohjaveevarud,kasut_lopp,integer,integer,,KasutLopp
EELIS/PostgREST,f_pohjaveevarud,aruande_nr,string,text,,Aruande Nr
EELIS/PostgREST,f_pohjaveevarud,autor,string,text,,Autor
EELIS/PostgREST,f_pohjaveevarud,vk_litoloogia,string,text,,VkLitoloogia
EELIS/PostgREST,f_pohjaveevarud,vk_paksus_m,number,double precision,,VkPaksusM
EELIS/PostgREST,f_pohjaveevarud,vh_kasut_alg_a,string,text,,VhKasutAlgA
EELIS/PostgREST,f_pohjaveevarud,kinnit_kuup,string,timestamp without time zone,,KinnitKuup
EELIS/PostgREST,f_pohjaveevarud,varu_t1_olme,integer,integer,,VaruT1Olme
EELIS/PostgREST,f_pohjaveevarud,varu_t1_tehn,integer,integer,,VaruT1Tehn
EELIS/PostgREST,f_pohjaveevarud,varu_t1_min,integer,integer,,VaruT1Min
EELIS/PostgREST,f_pohjaveevarud,varu_t2_olme,integer,integer,,VaruT2Olme
EELIS/PostgREST,f_pohjaveevarud,varu_t2_tehn,integer,integer,,VaruT2Tehn
EELIS/PostgREST,f_pohjaveevarud,varu_p_olme,integer,integer,,VaruPOlme
EELIS/PostgREST,f_pohjaveevarud,varu_p_tehn,integer,integer,,VaruPTehn
EELIS/PostgREST,f_pohjaveevarud,muut_staatus,string,text,,Menetlusfaas
EELIS/PostgREST,f_pohjaveevarud,muut_staatus_selg,string,text,,Menetlusfaas selgitus
EELIS/PostgREST,f_pohjaveevarud,muut_aeg,string,timestamp without time zone,,Muutmise aeg
EELIS/PostgREST,f_pohjaveevarud,ehak_tekst,string,text,,EHAK koondinfo
EELIS/PostgREST,f_pohjaveevarud,ehak_kood1,string,text,,EHAK kood maakond
EELIS/PostgREST,f_pohjaveevarud,ehak_kood2,string,text,,EHAK kood vald
EELIS/PostgREST,f_pohjaveevarud,ehak_kood3,string,text,,EHAK alamtase
EELIS/PostgREST,f_pohjaveevarud_dok,dok_id,integer,integer,,Dok ID
EELIS/PostgREST,f_pohjaveevarud_dok,dok_kood,string,text,,Dok kood
EELIS/PostgREST,f_pohjaveevarud_dok,dok_tyyp,string,text,,Dok tüüp
EELIS/PostgREST,f_pohjaveevarud_dok,dok_tyyp_selg,string,text,,Dok tüüp selgitus
EELIS/PostgREST,f_pohjaveevarud_dok,dok_number,string,text,,Dokumendi number
EELIS/PostgREST,f_pohjaveevarud_dok,dok_pealkiri,string,text,,Dokumendi pealkiri
EELIS/PostgREST,f_pohjaveevarud_dok,dok_alg_kehtib,string,timestamp without time zone,,Dokument kehtib alates kp
EELIS/PostgREST,f_pohjaveevarud_dok,dok_alg_kp,string,timestamp without time zone,,Dokument algus kp
EELIS/PostgREST,f_pohjaveevarud_dok,dok_lopp_kp,string,timestamp without time zone,,Dokument lõpp kp
EELIS/PostgREST,f_pohjaveevarud_dok,dok_url,string,text,,Dok URL
EELIS/PostgREST,f_pohjaveevarud_dok,dok_alus_dok_id,integer,integer,,Alus dok ID
EELIS/PostgREST,f_pohjaveevarud_dok,dok_muut_aeg,string,timestamp without time zone,,Viimase muutmise aeg (dok)
EELIS/PostgREST,f_pohjaveevarud_dok,pohjaveevaru_id,integer,integer,,Põhjaveevaru ID  Note: This is a Foreign Key to `f_pohjaveevarud.id`.<fk table='f_pohjaveevarud' column='id'/>
EELIS/PostgREST,f_pohjaveevarud_eelnev_pohjaveevaru,id,integer,integer,,Id
EELIS/PostgREST,f_pohjaveevarud_eelnev_pohjaveevaru,keht_staatus,string,text,,Kehtivuse staatus
EELIS/PostgREST,f_pohjaveevarud_eelnev_pohjaveevaru,kkr_kood,string,text,,Registrikood
EELIS/PostgREST,f_pohjaveevarud_eelnev_pohjaveevaru,kood,string,text,,Kood
EELIS/PostgREST,f_pohjaveevarud_eelnev_pohjaveevaru,nimi,string,text,,Nimi
EELIS/PostgREST,f_pohjaveevarud_eelnev_pohjaveevaru,veemaardla_id,integer,integer,,Veemaardla
EELIS/PostgREST,f_pohjaveevarud_eelnev_pohjaveevaru,veemaardla_nimi,string,text,,Veemaardla nimi
EELIS/PostgREST,f_pohjaveevarud_eelnev_pohjaveevaru,veemaardla_kood,string,text,,Veemaardla kood
EELIS/PostgREST,f_pohjaveevarud_eelnev_pohjaveevaru,ehak_id,integer,integer,,EHAK ID
EELIS/PostgREST,f_pohjaveevarud_eelnev_pohjaveevaru,ehak,string,text,,Kohanimi
EELIS/PostgREST,f_pohjaveevarud_eelnev_pohjaveevaru,veekogum,string,text,,Veekogum
EELIS/PostgREST,f_pohjaveevarud_eelnev_pohjaveevaru,pohjaveekogum_id,integer,integer,,Pohjaveekogum
EELIS/PostgREST,f_pohjaveevarud_eelnev_pohjaveevaru,geol_indeks,string,text,,GeolIndeks
EELIS/PostgREST,f_pohjaveevarud_eelnev_pohjaveevaru,kasut_algus,integer,integer,,KasutAlgus
EELIS/PostgREST,f_pohjaveevarud_eelnev_pohjaveevaru,kasut_lopp,integer,integer,,KasutLopp
EELIS/PostgREST,f_pohjaveevarud_eelnev_pohjaveevaru,aruande_nr,string,text,,Aruande Nr
EELIS/PostgREST,f_pohjaveevarud_eelnev_pohjaveevaru,autor,string,text,,Autor
EELIS/PostgREST,f_pohjaveevarud_eelnev_pohjaveevaru,vk_litoloogia,string,text,,VkLitoloogia
EELIS/PostgREST,f_pohjaveevarud_eelnev_pohjaveevaru,vk_paksus_m,number,double precision,,VkPaksusM
EELIS/PostgREST,f_pohjaveevarud_eelnev_pohjaveevaru,vh_kasut_alg_a,string,text,,VhKasutAlgA
EELIS/PostgREST,f_pohjaveevarud_eelnev_pohjaveevaru,kinnit_kuup,string,timestamp without time zone,,KinnitKuup
EELIS/PostgREST,f_pohjaveevarud_eelnev_pohjaveevaru,varu_t1_olme,integer,integer,,VaruT1Olme
EELIS/PostgREST,f_pohjaveevarud_eelnev_pohjaveevaru,varu_t1_tehn,integer,integer,,VaruT1Tehn
EELIS/PostgREST,f_pohjaveevarud_eelnev_pohjaveevaru,varu_t1_min,integer,integer,,VaruT1Min
EELIS/PostgREST,f_pohjaveevarud_eelnev_pohjaveevaru,varu_t2_olme,integer,integer,,VaruT2Olme
EELIS/PostgREST,f_pohjaveevarud_eelnev_pohjaveevaru,varu_t2_tehn,integer,integer,,VaruT2Tehn
EELIS/PostgREST,f_pohjaveevarud_eelnev_pohjaveevaru,varu_p_olme,integer,integer,,VaruPOlme
EELIS/PostgREST,f_pohjaveevarud_eelnev_pohjaveevaru,varu_p_tehn,integer,integer,,VaruPTehn
EELIS/PostgREST,f_pohjaveevarud_eelnev_pohjaveevaru,muut_staatus,string,text,,Menetlusfaas
EELIS/PostgREST,f_pohjaveevarud_eelnev_pohjaveevaru,muut_staatus_selg,string,text,,Menetlusfaas selgitus
EELIS/PostgREST,f_pohjaveevarud_eelnev_pohjaveevaru,muut_aeg,string,timestamp without time zone,,Muutmise aeg
EELIS/PostgREST,f_pohjaveevarud_eelnev_pohjaveevaru,ehak_tekst,string,text,,EHAK koondinfo
EELIS/PostgREST,f_pohjaveevarud_eelnev_pohjaveevaru,ehak_kood1,string,text,,EHAK kood maakond
EELIS/PostgREST,f_pohjaveevarud_eelnev_pohjaveevaru,ehak_kood2,string,text,,EHAK kood vald
EELIS/PostgREST,f_pohjaveevarud_eelnev_pohjaveevaru,ehak_kood3,string,text,,EHAK alamtase
EELIS/PostgREST,f_pohjaveevarud_eelnev_pohjaveevaru,pohjaveevaru_id,integer,integer,,Põhjaveevaru ID  Note: This is a Foreign Key to `f_pohjaveevarud.id`.<fk table='f_pohjaveevarud' column='id'/>
EELIS/PostgREST,f_pohjaveevarud_ehak,id,integer,integer,,EHAK ID
EELIS/PostgREST,f_pohjaveevarud_ehak,ehak_kood,string,text,,EHAK kood
EELIS/PostgREST,f_pohjaveevarud_ehak,ehak_nimi,string,text,,EHAK nimi
EELIS/PostgREST,f_pohjaveevarud_ehak,ehak_rnimi,string,text,,EHAK rööpnimi
EELIS/PostgREST,f_pohjaveevarud_ehak,vald,string,text,,Vald nimi
EELIS/PostgREST,f_pohjaveevarud_ehak,maa,string,text,,Maakond nimi
EELIS/PostgREST,f_pohjaveevarud_ehak,tyyp,string,text,,EHAK tase
EELIS/PostgREST,f_pohjaveevarud_ehak,ehak_tyyp_selg,string,text,,EHAK tase selgitus
EELIS/PostgREST,f_pohjaveevarud_ehak,ehak_parent,string,text,,EHAK kõrgema taseme kood
EELIS/PostgREST,f_pohjaveevarud_ehak,ehak_muut_aeg,string,timestamp without time zone,,Viimase muudatuse aeg (EHAK)
EELIS/PostgREST,f_pohjaveevarud_ehak,pohjaveevaru_id,integer,integer,,Põhjaveevaru ID  Note: This is a Foreign Key to `f_pohjaveevarud.id`.<fk table='f_pohjaveevarud' column='id'/>
EELIS/PostgREST,f_pohjaveevarud_jargnev_pohjaveevaru,id,integer,integer,,Id
EELIS/PostgREST,f_pohjaveevarud_jargnev_pohjaveevaru,keht_staatus,string,text,,Kehtivuse staatus
EELIS/PostgREST,f_pohjaveevarud_jargnev_pohjaveevaru,kkr_kood,string,text,,Registrikood
EELIS/PostgREST,f_pohjaveevarud_jargnev_pohjaveevaru,kood,string,text,,Kood
EELIS/PostgREST,f_pohjaveevarud_jargnev_pohjaveevaru,nimi,string,text,,Nimi
EELIS/PostgREST,f_pohjaveevarud_jargnev_pohjaveevaru,veemaardla_id,integer,integer,,Veemaardla
EELIS/PostgREST,f_pohjaveevarud_jargnev_pohjaveevaru,veemaardla_nimi,string,text,,Veemaardla nimi
EELIS/PostgREST,f_pohjaveevarud_jargnev_pohjaveevaru,veemaardla_kood,string,text,,Veemaardla kood
EELIS/PostgREST,f_pohjaveevarud_jargnev_pohjaveevaru,ehak_id,integer,integer,,EHAK ID
EELIS/PostgREST,f_pohjaveevarud_jargnev_pohjaveevaru,ehak,string,text,,Kohanimi
EELIS/PostgREST,f_pohjaveevarud_jargnev_pohjaveevaru,veekogum,string,text,,Veekogum
EELIS/PostgREST,f_pohjaveevarud_jargnev_pohjaveevaru,pohjaveekogum_id,integer,integer,,Pohjaveekogum
EELIS/PostgREST,f_pohjaveevarud_jargnev_pohjaveevaru,geol_indeks,string,text,,GeolIndeks
EELIS/PostgREST,f_pohjaveevarud_jargnev_pohjaveevaru,kasut_algus,integer,integer,,KasutAlgus
EELIS/PostgREST,f_pohjaveevarud_jargnev_pohjaveevaru,kasut_lopp,integer,integer,,KasutLopp
EELIS/PostgREST,f_pohjaveevarud_jargnev_pohjaveevaru,aruande_nr,string,text,,Aruande Nr
EELIS/PostgREST,f_pohjaveevarud_jargnev_pohjaveevaru,autor,string,text,,Autor
EELIS/PostgREST,f_pohjaveevarud_jargnev_pohjaveevaru,vk_litoloogia,string,text,,VkLitoloogia
EELIS/PostgREST,f_pohjaveevarud_jargnev_pohjaveevaru,vk_paksus_m,number,double precision,,VkPaksusM
EELIS/PostgREST,f_pohjaveevarud_jargnev_pohjaveevaru,vh_kasut_alg_a,string,text,,VhKasutAlgA
EELIS/PostgREST,f_pohjaveevarud_jargnev_pohjaveevaru,kinnit_kuup,string,timestamp without time zone,,KinnitKuup
EELIS/PostgREST,f_pohjaveevarud_jargnev_pohjaveevaru,varu_t1_olme,integer,integer,,VaruT1Olme
EELIS/PostgREST,f_pohjaveevarud_jargnev_pohjaveevaru,varu_t1_tehn,integer,integer,,VaruT1Tehn
EELIS/PostgREST,f_pohjaveevarud_jargnev_pohjaveevaru,varu_t1_min,integer,integer,,VaruT1Min
EELIS/PostgREST,f_pohjaveevarud_jargnev_pohjaveevaru,varu_t2_olme,integer,integer,,VaruT2Olme
EELIS/PostgREST,f_pohjaveevarud_jargnev_pohjaveevaru,varu_t2_tehn,integer,integer,,VaruT2Tehn
EELIS/PostgREST,f_pohjaveevarud_jargnev_pohjaveevaru,varu_p_olme,integer,integer,,VaruPOlme
EELIS/PostgREST,f_pohjaveevarud_jargnev_pohjaveevaru,varu_p_tehn,integer,integer,,VaruPTehn
EELIS/PostgREST,f_pohjaveevarud_jargnev_pohjaveevaru,muut_staatus,string,text,,Menetlusfaas
EELIS/PostgREST,f_pohjaveevarud_jargnev_pohjaveevaru,muut_staatus_selg,string,text,,Menetlusfaas selgitus
EELIS/PostgREST,f_pohjaveevarud_jargnev_pohjaveevaru,muut_aeg,string,timestamp without time zone,,Muutmise aeg
EELIS/PostgREST,f_pohjaveevarud_jargnev_pohjaveevaru,ehak_tekst,string,text,,EHAK koondinfo
EELIS/PostgREST,f_pohjaveevarud_jargnev_pohjaveevaru,ehak_kood1,string,text,,EHAK kood maakond
EELIS/PostgREST,f_pohjaveevarud_jargnev_pohjaveevaru,ehak_kood2,string,text,,EHAK kood vald
EELIS/PostgREST,f_pohjaveevarud_jargnev_pohjaveevaru,ehak_kood3,string,text,,EHAK alamtase
EELIS/PostgREST,f_pohjaveevarud_jargnev_pohjaveevaru,pohjaveevaru_id,integer,integer,,Põhjaveevaru ID  Note: This is a Foreign Key to `f_pohjaveevarud.id`.<fk table='f_pohjaveevarud' column='id'/>
EELIS/PostgREST,f_pohjaveevarud_kandealus,kand_id,integer,integer,,Kandealus ID
EELIS/PostgREST,f_pohjaveevarud_kandealus,kand_kood,string,text,,Kandealus kood
EELIS/PostgREST,f_pohjaveevarud_kandealus,kand_tyyp,string,text,,Kandealus tüüp
EELIS/PostgREST,f_pohjaveevarud_kandealus,kand_tyyp_selg,string,text,,Kandealus tüüp selgitus
EELIS/PostgREST,f_pohjaveevarud_kandealus,kand_nimi,string,text,,Kandealus nimi
EELIS/PostgREST,f_pohjaveevarud_kandealus,kand_obj_tyyp,string,text,,Objekti tüüp (kandealus)
EELIS/PostgREST,f_pohjaveevarud_kandealus,kand_obj_tyyp_selg,string,text,,Objekti tüüp selgitus (kandealus)
EELIS/PostgREST,f_pohjaveevarud_kandealus,kand_kpv,string,timestamp without time zone,,Kandealus kuupäev
EELIS/PostgREST,f_pohjaveevarud_kandealus,kand_alusdok_id,integer,integer,,Alusdokumendi ID 
EELIS/PostgREST,f_pohjaveevarud_kandealus,kand_alusdok_nimi,string,text,,Alusdokumendi nimi
EELIS/PostgREST,f_pohjaveevarud_kandealus,kand_alusdok_alg_kehtib,string,timestamp without time zone,,Alusdokumendi kehtib alates kuupäev
EELIS/PostgREST,f_pohjaveevarud_kandealus,kand_aruanne_id,integer,integer,,Aruanne
EELIS/PostgREST,f_pohjaveevarud_kandealus,kand_aruanne_nimi,string,text,,Aruande nimi
EELIS/PostgREST,f_pohjaveevarud_kandealus,kand_aruanne_aasta,integer,integer,,Aruande aasta
EELIS/PostgREST,f_pohjaveevarud_kandealus,kand_esitamise_viis,string,text,,Esitamise viis
EELIS/PostgREST,f_pohjaveevarud_kandealus,kand_esit_viis_selg,string,text,,Esitamise viis selgitus
EELIS/PostgREST,f_pohjaveevarud_kandealus,kand_dok_kpv,string,timestamp without time zone,,Kandealus dokumendi kuupäev
EELIS/PostgREST,f_pohjaveevarud_kandealus,kand_tx_lisainfo,string,text,,Lisainfo (kandealus)
EELIS/PostgREST,f_pohjaveevarud_kandealus,kand_muut_aeg,string,timestamp without time zone,,Viimase muutmise aeg (kandealus)
EELIS/PostgREST,f_pohjaveevarud_kandealus,pohjaveevaru_id,integer,integer,,Põhjaveevaru ID  Note: This is a Foreign Key to `f_pohjaveevarud.id`.<fk table='f_pohjaveevarud' column='id'/>
EELIS/PostgREST,f_pohjaveevarud_kirjandus,kirj_seose_id,integer,integer,,Kirjandus seose ID
EELIS/PostgREST,f_pohjaveevarud_kirjandus,kirj_id,integer,integer,,Kirjandus ID
EELIS/PostgREST,f_pohjaveevarud_kirjandus,tyyp,string,text,,Tüüp
EELIS/PostgREST,f_pohjaveevarud_kirjandus,kirjandus_tyyp_selg,string,text,,Kirjandus tüübi selgitus
EELIS/PostgREST,f_pohjaveevarud_kirjandus,kuulub_id,integer,integer,,Kuulub
EELIS/PostgREST,f_pohjaveevarud_kirjandus,kirj_nimi_sari,string,text,,Sarja nimi
EELIS/PostgREST,f_pohjaveevarud_kirjandus,kirj_nimi,string,text,,Teose nimi
EELIS/PostgREST,f_pohjaveevarud_kirjandus,kirj_artikkel,string,text,,Artikkel
EELIS/PostgREST,f_pohjaveevarud_kirjandus,kirj_tx_viide,string,text,,Kirjanduse viide
EELIS/PostgREST,f_pohjaveevarud_kirjandus,kirj_autor,string,text,,Teose autor
EELIS/PostgREST,f_pohjaveevarud_kirjandus,kirj_fjisik_nimi,string,text,,Autori ees- ja perekonnanimi
EELIS/PostgREST,f_pohjaveevarud_kirjandus,kirj_fjisik_nimetus,string,text,,Nimetus
EELIS/PostgREST,f_pohjaveevarud_kirjandus,valjaandja,string,text,,Teose väljaandja
EELIS/PostgREST,f_pohjaveevarud_kirjandus,valjaandja_id,integer,integer,,Teose väljaandja ID
EELIS/PostgREST,f_pohjaveevarud_kirjandus,aeg_kp,string,timestamp without time zone,,Avaldamise kuupäev (kirjandus)
EELIS/PostgREST,f_pohjaveevarud_kirjandus,kirj_aeg_aasta,integer,integer,,Avaldamise aasta (kirjandus)
EELIS/PostgREST,f_pohjaveevarud_kirjandus,aeg_kuu,integer,integer,,Avaldamise kuu (kirjandus)
EELIS/PostgREST,f_pohjaveevarud_kirjandus,teema,string,text,,Kirjanduse teemad
EELIS/PostgREST,f_pohjaveevarud_kirjandus,url,string,text,,Kirjanduse link
EELIS/PostgREST,f_pohjaveevarud_kirjandus,tx_kirjeldus,string,text,,Teose kirjeldus
EELIS/PostgREST,f_pohjaveevarud_kirjandus,tx_litsents,string,text,,Teose litsents
EELIS/PostgREST,f_pohjaveevarud_kirjandus,sisu_tyyp,string,text,,Sisu tüüp
EELIS/PostgREST,f_pohjaveevarud_kirjandus,sisu_tyyp_selg,string,text,,Sisu tüübi selgitus
EELIS/PostgREST,f_pohjaveevarud_kirjandus,tx_sisu,string,text,,Kirjanduse sisu
EELIS/PostgREST,f_pohjaveevarud_kirjandus,kirj_muut_aeg,string,timestamp without time zone,,Viimase muutmise aeg (kirjandus)
EELIS/PostgREST,f_pohjaveevarud_kirjandus,pohjaveevaru_id,integer,integer,,Põhjaveevaru ID  Note: This is a Foreign Key to `f_pohjaveevarud.id`.<fk table='f_pohjaveevarud' column='id'/>
EELIS/PostgREST,f_pohjaveevarud_pohjaveekogum_seis,id,integer,integer,,ID
EELIS/PostgREST,f_pohjaveevarud_pohjaveekogum_seis,aasta,integer,integer,,Aasta
EELIS/PostgREST,f_pohjaveevarud_pohjaveekogum_seis,pohjaveekogum_id,integer,integer,,Põhjaveekogum
EELIS/PostgREST,f_pohjaveevarud_pohjaveekogum_seis,kood,string,text,,Kood
EELIS/PostgREST,f_pohjaveevarud_pohjaveekogum_seis,seis,string,text,,Seisund (koond)
EELIS/PostgREST,f_pohjaveevarud_pohjaveekogum_seis,pvkseis_seis_selg,string,text,,Seisund (koond) selgitus
EELIS/PostgREST,f_pohjaveevarud_pohjaveekogum_seis,seis_kem,string,text,,KEM seisund
EELIS/PostgREST,f_pohjaveevarud_pohjaveekogum_seis,pvkseis_seis_kem_selg,string,text,,KEM seisund selgitus
EELIS/PostgREST,f_pohjaveevarud_pohjaveekogum_seis,seis_kem1,string,text,,KEM1 seisund
EELIS/PostgREST,f_pohjaveevarud_pohjaveekogum_seis,pvkseis_seis_kem1_selg,string,text,,KEM1 seisund selgitus
EELIS/PostgREST,f_pohjaveevarud_pohjaveekogum_seis,seis_kem2,string,text,,KEM2 seisund
EELIS/PostgREST,f_pohjaveevarud_pohjaveekogum_seis,pvkseis_seis_kem2_selg,string,text,,KEM2 seisund selgitus
EELIS/PostgREST,f_pohjaveevarud_pohjaveekogum_seis,seis_kem3,string,text,,KEM3 seisund
EELIS/PostgREST,f_pohjaveevarud_pohjaveekogum_seis,pvkseis_seis_kem3_selg,string,text,,KEM3 seisund selgitus
EELIS/PostgREST,f_pohjaveevarud_pohjaveekogum_seis,seis_kem4,string,text,,KEM4 seisund
EELIS/PostgREST,f_pohjaveevarud_pohjaveekogum_seis,pvkseis_seis_kem4_selg,string,text,,KEM4 seisund selgitus
EELIS/PostgREST,f_pohjaveevarud_pohjaveekogum_seis,seis_kem5,string,text,,KEM5 seisund
EELIS/PostgREST,f_pohjaveevarud_pohjaveekogum_seis,pvkseis_seis_kem5_selg,string,text,,KEM5 seisund selgitus
EELIS/PostgREST,f_pohjaveevarud_pohjaveekogum_seis,seis_kog,string,text,,KOG seisund
EELIS/PostgREST,f_pohjaveevarud_pohjaveekogum_seis,pvkseis_seis_kog_selg,string,text,,KOG seisund selgitus
EELIS/PostgREST,f_pohjaveevarud_pohjaveekogum_seis,seis_kog1,string,text,,KOG1 seisund
EELIS/PostgREST,f_pohjaveevarud_pohjaveekogum_seis,pvkseis_seis_kog1_selg,string,text,,KOG1 seisund selgitus
EELIS/PostgREST,f_pohjaveevarud_pohjaveekogum_seis,seis_kog2,string,text,,KOG2 seisund
EELIS/PostgREST,f_pohjaveevarud_pohjaveekogum_seis,pvkseis_seis_kog2_selg,string,text,,KOG2 seisund selgitus
EELIS/PostgREST,f_pohjaveevarud_pohjaveekogum_seis,seis_kog3,string,text,,KOG3 seisund
EELIS/PostgREST,f_pohjaveevarud_pohjaveekogum_seis,pvkseis_seis_kog3_selg,string,text,,KOG3 seisund selgitus
EELIS/PostgREST,f_pohjaveevarud_pohjaveekogum_seis,seis_kog4,string,text,,KOG4 seisund
EELIS/PostgREST,f_pohjaveevarud_pohjaveekogum_seis,pvkseis_seis_kog4_selg,string,text,,KOG4 seisund selgitus
EELIS/PostgREST,f_pohjaveevarud_pohjaveekogum_seis,usald,string,text,,Usaldusväärsus (koond)
EELIS/PostgREST,f_pohjaveevarud_pohjaveekogum_seis,pvkseis_usald_selg,string,text,,Usaldusväärsus (koond) selgitus
EELIS/PostgREST,f_pohjaveevarud_pohjaveekogum_seis,usald_kem,string,text,,KEM usaldusväärsus
EELIS/PostgREST,f_pohjaveevarud_pohjaveekogum_seis,pvkseis_usald_kem_selg,string,text,,KEM usaldusväärsus selgitus
EELIS/PostgREST,f_pohjaveevarud_pohjaveekogum_seis,usald_kem1,string,text,,KEM1 usaldusväärsus
EELIS/PostgREST,f_pohjaveevarud_pohjaveekogum_seis,pvkseis_usald_kem1_selg,string,text,,KEM1 usaldusväärsus selgitus
EELIS/PostgREST,f_pohjaveevarud_pohjaveekogum_seis,usald_kem2,string,text,,KEM2 usaldusväärsus
EELIS/PostgREST,f_pohjaveevarud_pohjaveekogum_seis,pvkseis_usald_kem2_selg,string,text,,KEM2 usaldusväärsus selgitus
EELIS/PostgREST,f_pohjaveevarud_pohjaveekogum_seis,usald_kem3,string,text,,KEM3 usaldusväärsus
EELIS/PostgREST,f_pohjaveevarud_pohjaveekogum_seis,pvkseis_usald_kem3_selg,string,text,,KEM3 usaldusväärsus selgitus
EELIS/PostgREST,f_pohjaveevarud_pohjaveekogum_seis,usald_kem4,string,text,,KEM4 usaldusväärsus
EELIS/PostgREST,f_pohjaveevarud_pohjaveekogum_seis,pvkseis_usald_kem4_selg,string,text,,KEM4 usaldusväärsus selgitus
EELIS/PostgREST,f_pohjaveevarud_pohjaveekogum_seis,usald_kem5,string,text,,KEM5 usaldusväärsus
EELIS/PostgREST,f_pohjaveevarud_pohjaveekogum_seis,pvkseis_usald_kem5_selg,string,text,,KEM5 usaldusväärsus selgitus
EELIS/PostgREST,f_pohjaveevarud_pohjaveekogum_seis,usald_kog,string,text,,KOG usaldusväärsus
EELIS/PostgREST,f_pohjaveevarud_pohjaveekogum_seis,pvkseis_usald_kog_selg,string,text,,KOG usaldusväärsus selgitus
EELIS/PostgREST,f_pohjaveevarud_pohjaveekogum_seis,usald_kog1,string,text,,KOG1 usaldusväärsus
EELIS/PostgREST,f_pohjaveevarud_pohjaveekogum_seis,pvkseis_usald_kog1_selg,string,text,,KOG1 usaldusväärsus selgitus
EELIS/PostgREST,f_pohjaveevarud_pohjaveekogum_seis,usald_kog2,string,text,,KOG2 usaldusväärsus
EELIS/PostgREST,f_pohjaveevarud_pohjaveekogum_seis,pvkseis_usald_kog2_selg,string,text,,KOG2 usaldusväärsus selgitus
EELIS/PostgREST,f_pohjaveevarud_pohjaveekogum_seis,usald_kog3,string,text,,KOG3 usaldusväärsus
EELIS/PostgREST,f_pohjaveevarud_pohjaveekogum_seis,pvkseis_usald_kog3_selg,string,text,,KOG3 usaldusväärsus selgitus
EELIS/PostgREST,f_pohjaveevarud_pohjaveekogum_seis,usald_kog4,string,text,,KOG4 usaldusväärsus
EELIS/PostgREST,f_pohjaveevarud_pohjaveekogum_seis,pvkseis_usald_kog4_selg,string,text,,KOG4 usaldusväärsus selgitus
EELIS/PostgREST,f_pohjaveevarud_pohjaveekogum_seis,tx_seis,string,text,,Lisainfo (koond)
EELIS/PostgREST,f_pohjaveevarud_pohjaveekogum_seis,tx_seis_kem,string,text,,KEM lisainfo
EELIS/PostgREST,f_pohjaveevarud_pohjaveekogum_seis,tx_seis_kem1,string,text,,KEM1 lisainfo
EELIS/PostgREST,f_pohjaveevarud_pohjaveekogum_seis,tx_seis_kem2,string,text,,KEM2 lisainfo
EELIS/PostgREST,f_pohjaveevarud_pohjaveekogum_seis,tx_seis_kem3,string,text,,KEM3 lisainfo
EELIS/PostgREST,f_pohjaveevarud_pohjaveekogum_seis,tx_seis_kem4,string,text,,KEM4 lisainfo
EELIS/PostgREST,f_pohjaveevarud_pohjaveekogum_seis,tx_seis_kem5,string,text,,KEM5 lisainfo
EELIS/PostgREST,f_pohjaveevarud_pohjaveekogum_seis,tx_seis_kog,string,text,,KOG lisainfo
EELIS/PostgREST,f_pohjaveevarud_pohjaveekogum_seis,tx_seis_kog1,string,text,,KOG1 lisainfo
EELIS/PostgREST,f_pohjaveevarud_pohjaveekogum_seis,tx_seis_kog2,string,text,,KOG2 lisainfo
EELIS/PostgREST,f_pohjaveevarud_pohjaveekogum_seis,tx_seis_kog3,string,text,,KOG3 lisainfo
EELIS/PostgREST,f_pohjaveevarud_pohjaveekogum_seis,tx_seis_kog4,string,text,,KOG4 lisainfo
EELIS/PostgREST,f_pohjaveevarud_pohjaveekogum_seis,muut_aeg,string,timestamp without time zone,,Viimase muutmise aeg
EELIS/PostgREST,f_pohjaveevarud_pohjaveekogum_seis,pohjaveevaru_id,integer,integer,,Põhjaveevaru ID  Note: This is a Foreign Key to `f_pohjaveevarud.id`.<fk table='f_pohjaveevarud' column='id'/>
EELIS/PostgREST,f_pohjaveevarud_puurauk,id,integer,integer,,ID
EELIS/PostgREST,f_pohjaveevarud_puurauk,tyyp,string,text,,Tüüp
EELIS/PostgREST,f_pohjaveevarud_puurauk,tyyp_selg,string,text,,Tüüp selgitus
EELIS/PostgREST,f_pohjaveevarud_puurauk,nimi,string,text,,Nimi
EELIS/PostgREST,f_pohjaveevarud_puurauk,keht_staatus,string,text,,Kehtivuse staatus
EELIS/PostgREST,f_pohjaveevarud_puurauk,kkr_kood,string,text,,Registrikood
EELIS/PostgREST,f_pohjaveevarud_puurauk,jaakreostusala_id,integer,integer,,Jaakreostusala
EELIS/PostgREST,f_pohjaveevarud_puurauk,jaakreostusala_nimi,string,text,,Jaakreostusala nimi
EELIS/PostgREST,f_pohjaveevarud_puurauk,jaakreostusala_kkr_kood,string,text,,Jaakreostusala KKR kood
EELIS/PostgREST,f_pohjaveevarud_puurauk,veehaare_id,integer,integer,,Veehaare ID
EELIS/PostgREST,f_pohjaveevarud_puurauk,puurija_id,integer,integer,,Puurija ID
EELIS/PostgREST,f_pohjaveevarud_puurauk,puurija_nimi,string,text,,Puurija nimetus
EELIS/PostgREST,f_pohjaveevarud_puurauk,puurija_kood,string,text,,Puurija kood
EELIS/PostgREST,f_pohjaveevarud_puurauk,valdaja_id,integer,integer,,Valdaja
EELIS/PostgREST,f_pohjaveevarud_puurauk,valdaja_nimi,string,text,,Valdaja nimetus
EELIS/PostgREST,f_pohjaveevarud_puurauk,valdaja_kood,string,text,,Valdaja kood
EELIS/PostgREST,f_pohjaveevarud_puurauk,maasoojussysteem_id,integer,integer,,Kuulub maasoojussüsteemi
EELIS/PostgREST,f_pohjaveevarud_puurauk,maayksus,string,text,,Maaüksuse tunnus
EELIS/PostgREST,f_pohjaveevarud_puurauk,maayksus_nimi,string,text,,Maaüksuse nimi
EELIS/PostgREST,f_pohjaveevarud_puurauk,voond_toiteala_id,integer,integer,,Toiteala
EELIS/PostgREST,f_pohjaveevarud_puurauk,on_pandivere_pv,boolean,boolean,,Asub nitraaditundlikul alal 
EELIS/PostgREST,f_pohjaveevarud_puurauk,katastri_nr,string,text,,Katastri nr
EELIS/PostgREST,f_pohjaveevarud_puurauk,pass_nr,string,text,,Pass nr
EELIS/PostgREST,f_pohjaveevarud_puurauk,invent_nr,string,text,,Inventari nr
EELIS/PostgREST,f_pohjaveevarud_puurauk,puur_nr,string,text,,Puuraugu nr
EELIS/PostgREST,f_pohjaveevarud_puurauk,seire_nr,string,text,,Seire nr
EELIS/PostgREST,f_pohjaveevarud_puurauk,akti_nr,string,text,,Akti nr
EELIS/PostgREST,f_pohjaveevarud_puurauk,kivimikiht_id,integer,integer,,Kivimikiht
EELIS/PostgREST,f_pohjaveevarud_puurauk,kivimikiht_tyyp,string,text,,Kivimikiht tüüp
EELIS/PostgREST,f_pohjaveevarud_puurauk,kivimikiht_kood,string,text,,Kivimikiht kood
EELIS/PostgREST,f_pohjaveevarud_puurauk,kivimikiht_nimi,string,text,,Kivimikiht nimi
EELIS/PostgREST,f_pohjaveevarud_puurauk,kivimikiht_nimi_en,string,text,,Kivimikiht nimi ingl k
EELIS/PostgREST,f_pohjaveevarud_puurauk,kivimikiht_tx_lisainfo,string,text,,Kivimikiht lisainfo
EELIS/PostgREST,f_pohjaveevarud_puurauk,kivimikiht_tx_leviala,string,text,,Kivimikiht leviala
EELIS/PostgREST,f_pohjaveevarud_puurauk,veekiht_nimi,string,text,,Põhjaveekihi nimetus
EELIS/PostgREST,f_pohjaveevarud_puurauk,veekiht,string,text,,Põhjaveekihi indeks
EELIS/PostgREST,f_pohjaveevarud_puurauk,veekogum,string,text,,Veekogum
EELIS/PostgREST,f_pohjaveevarud_puurauk,pohjaveekogum_id,integer,integer,,Pohjaveekogum
EELIS/PostgREST,f_pohjaveevarud_puurauk,pohjaveekogum_nimi,string,text,,Pohjaveekogumi nimi
EELIS/PostgREST,f_pohjaveevarud_puurauk,pohjaveekogum_pealmine_id,integer,integer,,Pealmine läbitav põhjaveekogum
EELIS/PostgREST,f_pohjaveevarud_puurauk,vesikond_id,integer,integer,,Vesikond
EELIS/PostgREST,f_pohjaveevarud_puurauk,arv_k_nr,string,text,,ArvKNr
EELIS/PostgREST,f_pohjaveevarud_puurauk,aruande_nr,string,text,,Aruande nr 
EELIS/PostgREST,f_pohjaveevarud_puurauk,aadress,string,text,,Aadress
EELIS/PostgREST,f_pohjaveevarud_puurauk,z_abs,number,double precision,,Maapinna absoluutkõrgus (m)
EELIS/PostgREST,f_pohjaveevarud_puurauk,sygavus,number,double precision,,Sügavus (m)
EELIS/PostgREST,f_pohjaveevarud_puurauk,kasutus,string,text,,Kasutus
EELIS/PostgREST,f_pohjaveevarud_puurauk,kasutus_selg,string,text,,Kasutus selgitus
EELIS/PostgREST,f_pohjaveevarud_puurauk,rajam_kp,string,timestamp without time zone,,Rajamise kuupäev
EELIS/PostgREST,f_pohjaveevarud_puurauk,puur_aasta,integer,integer,,Puurimise aasta
EELIS/PostgREST,f_pohjaveevarud_puurauk,renov_aasta,integer,integer,,Renoveerimise aasta
EELIS/PostgREST,f_pohjaveevarud_puurauk,likv_aasta,integer,integer,,Likvideerimise aasta
EELIS/PostgREST,f_pohjaveevarud_puurauk,puur_org,string,text,,Puurinud ettevõte
EELIS/PostgREST,f_pohjaveevarud_puurauk,puur_viis,string,text,,Puurimise viis
EELIS/PostgREST,f_pohjaveevarud_puurauk,puur_viis_selg,string,text,,Puurimise viis selgitus
EELIS/PostgREST,f_pohjaveevarud_puurauk,puur_mark,string,text,,Puurmasina tüüp/mark
EELIS/PostgREST,f_pohjaveevarud_puurauk,pump_liik,string,text,,Pump. liik
EELIS/PostgREST,f_pohjaveevarud_puurauk,pump_liik_selg,string,text,,Pump. Liik selgitus
EELIS/PostgREST,f_pohjaveevarud_puurauk,pump_viis,string,text,,Pump. viis
EELIS/PostgREST,f_pohjaveevarud_puurauk,pump_viis_selg,string,text,,Pump. Viis selgitus
EELIS/PostgREST,f_pohjaveevarud_puurauk,tehn_seisund,string,text,,Tehn. seisund
EELIS/PostgREST,f_pohjaveevarud_puurauk,san_seisund,string,text,,San. seisund
EELIS/PostgREST,f_pohjaveevarud_puurauk,san_seisund_selg,string,text,,San. Seisund selgitus
EELIS/PostgREST,f_pohjaveevarud_puurauk,san_kaitseala,string,text,,San. kaitseala
EELIS/PostgREST,f_pohjaveevarud_puurauk,kesk_x,number,double precision,,x
EELIS/PostgREST,f_pohjaveevarud_puurauk,kesk_y,number,double precision,,y
EELIS/PostgREST,f_pohjaveevarud_puurauk,muut_aeg,string,timestamp without time zone,,Muutmise aeg
EELIS/PostgREST,f_pohjaveevarud_puurauk,ehak_id,integer,integer,,EHAK ID
EELIS/PostgREST,f_pohjaveevarud_puurauk,ehak_tekst,string,text,,EHAK koondinfo
EELIS/PostgREST,f_pohjaveevarud_puurauk,ehak_kood1,string,text,,EHAK kood maakond
EELIS/PostgREST,f_pohjaveevarud_puurauk,ehak_kood2,string,text,,EHAK kood vald
EELIS/PostgREST,f_pohjaveevarud_puurauk,ehak_kood3,string,text,,EHAK alamtase
EELIS/PostgREST,f_pohjaveevarud_puurauk,pohjaveevaru_id,integer,integer,,Põhjaveevaru ID  Note: This is a Foreign Key to `f_pohjaveevarud.id`.<fk table='f_pohjaveevarud' column='id'/>
EELIS/PostgREST,f_puhastid,id,integer,integer,jah,ID  Note: This is a Primary Key.<pk/>
EELIS/PostgREST,f_puhastid,helcom_kood,string,text,,HELCOM PLC kood
EELIS/PostgREST,f_puhastid,tyyp,string,text,,Tüüp
EELIS/PostgREST,f_puhastid,puh_tyyp_selg,string,text,,Tüüp selgitus
EELIS/PostgREST,f_puhastid,nimi,string,text,,Nimi
EELIS/PostgREST,f_puhastid,keht_staatus,string,text,,Kehtivuse staatus
EELIS/PostgREST,f_puhastid,staatus,string,text,,Staatuse kood
EELIS/PostgREST,f_puhastid,puh_staatus_selg,string,text,,Staatus
EELIS/PostgREST,f_puhastid,lopp_aasta,integer,integer,,Kasutuse lõppaasta
EELIS/PostgREST,f_puhastid,kkr_kood,string,text,,KKR kood
EELIS/PostgREST,f_puhastid,ehak_id,integer,integer,,Kohanimi ID
EELIS/PostgREST,f_puhastid,ehak_nimi,string,text,,Kohanimi
EELIS/PostgREST,f_puhastid,ehak_tekst,string,text,,
EELIS/PostgREST,f_puhastid,ehak_kood1,string,text,,EHAK kood maakond
EELIS/PostgREST,f_puhastid,ehak_kood2,string,text,,EHAK kood vald
EELIS/PostgREST,f_puhastid,ehak_kood3,string,text,,EHAK alamtase
EELIS/PostgREST,f_puhastid,puh_tyyp,string,text,,Puhastamise tüüp
EELIS/PostgREST,f_puhastid,puhasti_puh_tyyp_selg,string,text,,Puhastamise tüübi selgitus
EELIS/PostgREST,f_puhastid,puh_mark,string,text,,Puhasti tüübi täpsustus (mark)
EELIS/PostgREST,f_puhastid,jarelpuh_tyyp,string,text,,Järelpuhasti tüüp
EELIS/PostgREST,f_puhastid,meetod,string,text,,Meetod
EELIS/PostgREST,f_puhastid,pindala,number,double precision,,Mahuti pindala (m²)
EELIS/PostgREST,f_puhastid,joudlus_hyd,number,double precision,,Projekteeritud päevane hüd. jõudlus (m³/d)
EELIS/PostgREST,f_puhastid,joudlus_hydarvut,number,double precision,,Hüd. jõudlus arvutuslik (m3/d)
EELIS/PostgREST,f_puhastid,joudlus_projkoorm,number,double precision,,Jõudlus proj. koormuse järgi (kg BHT7/d)
EELIS/PostgREST,f_puhastid,joudlus_projkoormh,number,double precision,,Projekteeritud maksimaalne jõudlus (m³/h)
EELIS/PostgREST,f_puhastid,joudlus_arvkoorm,number,double precision,,Jõudlus arvut. koormuse järgi (kg BHT7/d)
EELIS/PostgREST,f_puhastid,joudlus_proj,integer,integer,,Jõudlus projekti järgi (ie)
EELIS/PostgREST,f_puhastid,koormus_ie,integer,integer,,Puhasti koormus (ie)
EELIS/PostgREST,f_puhastid,on_arast_p,boolean,boolean,,On P ärastamine
EELIS/PostgREST,f_puhastid,arast_p_meetod,string,text,,P ärastamise meetod
EELIS/PostgREST,f_puhastid,on_arast_n,boolean,boolean,,On N ärastamine
EELIS/PostgREST,f_puhastid,arast_n_meetod,string,text,,N ärastamise meetod
EELIS/PostgREST,f_puhastid,koagulant,string,text,,Koagulant
EELIS/PostgREST,f_puhastid,puhast_aste,string,text,,Puhastamise aste
EELIS/PostgREST,f_puhastid,puhad_aste_selg,string,text,,Puhastamise aste selgitus
EELIS/PostgREST,f_puhastid,kuuluvus,string,text,,Kuuluvus
EELIS/PostgREST,f_puhastid,puh_kuuluvus_selg,string,text,,Kuuluvuse selgitus
EELIS/PostgREST,f_puhastid,kesk_x,number,double precision,,Tsentroidi x-koordinaat LEST97
EELIS/PostgREST,f_puhastid,kesk_y,number,double precision,,Tsentroidi y-koordinaat LEST97
EELIS/PostgREST,f_puhastid,muut_aeg,string,timestamp without time zone,,Viimase muutmise aeg
EELIS/PostgREST,f_puhastid_ehak,id,integer,integer,,EHAK ID
EELIS/PostgREST,f_puhastid_ehak,ehak_kood,string,text,,EHAK kood
EELIS/PostgREST,f_puhastid_ehak,ehak_nimi,string,text,,EHAK nimi
EELIS/PostgREST,f_puhastid_ehak,ehak_rnimi,string,text,,EHAK rööpnimi
EELIS/PostgREST,f_puhastid_ehak,vald,string,text,,Vald nimi
EELIS/PostgREST,f_puhastid_ehak,maa,string,text,,Maakond nimi
EELIS/PostgREST,f_puhastid_ehak,tyyp,string,text,,EHAK tase
EELIS/PostgREST,f_puhastid_ehak,ehak_tyyp_selg,string,text,,EHAK tase selgitus
EELIS/PostgREST,f_puhastid_ehak,ehak_parent,string,text,,EHAK kõrgema taseme kood
EELIS/PostgREST,f_puhastid_ehak,ehak_muut_aeg,string,timestamp without time zone,,Viimase muudatuse aeg (EHAK)
EELIS/PostgREST,f_puhastid_ehak,puhasti_id,integer,integer,,Puhasti ID  Note: This is a Foreign Key to `f_puhastid.id`.<fk table='f_puhastid' column='id'/>
EELIS/PostgREST,f_puhastid_veehaare,id,integer,integer,,Id
EELIS/PostgREST,f_puhastid_veehaare,tyyp,string,text,,Tüüp
EELIS/PostgREST,f_puhastid_veehaare,tyyp_selg,string,text,,Tüüp selgitus
EELIS/PostgREST,f_puhastid_veehaare,nimi,string,text,,Nimi
EELIS/PostgREST,f_puhastid_veehaare,staatus,string,text,,Staatus
EELIS/PostgREST,f_puhastid_veehaare,staatus_selg,string,text,,Staatus selgitus
EELIS/PostgREST,f_puhastid_veehaare,keht_staatus,string,text,,Kehtivuse staatus
EELIS/PostgREST,f_puhastid_veehaare,lopp_aasta,integer,integer,,Kasutuse lõppaasta
EELIS/PostgREST,f_puhastid_veehaare,ehak_id,integer,integer,,Kohanimi kood
EELIS/PostgREST,f_puhastid_veehaare,ehak_nimi,string,text,,Kohanimi
EELIS/PostgREST,f_puhastid_veehaare,kkr_kood,string,text,,KKR kood
EELIS/PostgREST,f_puhastid_veehaare,kood_grupp,string,text,,Grupi kood
EELIS/PostgREST,f_puhastid_veehaare,puhastamine,string,text,,Veetöötlus
EELIS/PostgREST,f_puhastid_veehaare,puhastamine_selg,string,text,,Veetöötlus selgitus
EELIS/PostgREST,f_puhastid_veehaare,veeliik,string,text,,Veeliik
EELIS/PostgREST,f_puhastid_veehaare,veeliik_selg,string,text,,Veeliik selgitus
EELIS/PostgREST,f_puhastid_veehaare,veekogu_id,integer,integer,,Veekogu
EELIS/PostgREST,f_puhastid_veehaare,veekogu_selg,string,text,,Veekogu nimi
EELIS/PostgREST,f_puhastid_veehaare,veekogu_kkr_kood,string,text,,Veekogu KKR kood
EELIS/PostgREST,f_puhastid_veehaare,veekogu_keht_staatus,string,text,,Veekogu Kehtivuse staatus
EELIS/PostgREST,f_puhastid_veehaare,veekogu_tyyp_selg,string,text,,Veekogu tüüp selgitus
EELIS/PostgREST,f_puhastid_veehaare,vesikond_id,integer,integer,,Vesikond
EELIS/PostgREST,f_puhastid_veehaare,vesikond_selg,string,text,,Vesikond nimi
EELIS/PostgREST,f_puhastid_veehaare,vesikond_kuulub_id,string,text,,Kuulub id (vesikond)
EELIS/PostgREST,f_puhastid_veehaare,vesikond_kuulub_nimi,string,text,,Kuulub nimi (vesikond)
EELIS/PostgREST,f_puhastid_veehaare,puhasti_id,integer,integer,,Puhasti  Note: This is a Foreign Key to `f_puhastid.id`.<fk table='f_puhastid' column='id'/>
EELIS/PostgREST,f_puhastid_veehaare,puhasti_selg,string,text,,Puhasti nimi
EELIS/PostgREST,f_puhastid_veehaare,puhasti_kkr_kood,string,text,,Puhasti KKR kood
EELIS/PostgREST,f_puhastid_veehaare,puhasti_meetod,string,text,,Puhasti meetod
EELIS/PostgREST,f_puhastid_veehaare,kesk_x,number,double precision,,Tsentroidi x-koordinaat LEST97
EELIS/PostgREST,f_puhastid_veehaare,kesk_y,number,double precision,,Tsentroidi y-koordinaat LEST97
EELIS/PostgREST,f_puhastid_veehaare,muut_aeg,string,timestamp without time zone,,Viimase muutmise aeg
EELIS/PostgREST,f_puhastid_veehaare,haldaja_id,string,text,,Veevärgi haldaja ID
EELIS/PostgREST,f_puhastid_veehaare,haldaja_kood,string,text,,Haldaja ärireg kood
EELIS/PostgREST,f_puhastid_veehaare,haldaja_nimetus,string,text,,Haldja nimetus
EELIS/PostgREST,f_puhastid_veehaare,ehak_tekst,string,text,,EHAK koondinfo
EELIS/PostgREST,f_puhastid_veehaare,ehak_kood1,string,text,,EHAK kood maakond
EELIS/PostgREST,f_puhastid_veehaare,ehak_kood2,string,text,,EHAK kood vald
EELIS/PostgREST,f_puhastid_veehaare,ehak_kood3,string,text,,EHAK alamtase
EELIS/PostgREST,f_puhastid_veelase,id,integer,integer,,Id
EELIS/PostgREST,f_puhastid_veelase,kood,string,text,,Kood
EELIS/PostgREST,f_puhastid_veelase,tyyp,string,text,,Tüüp
EELIS/PostgREST,f_puhastid_veelase,tyyp_selg,string,text,,Tüüp selgitus
EELIS/PostgREST,f_puhastid_veelase,nimi,string,text,,Nimi
EELIS/PostgREST,f_puhastid_veelase,staatus,string,text,,Staatus
EELIS/PostgREST,f_puhastid_veelase,staatus_selg,string,text,,Staatus selgitus
EELIS/PostgREST,f_puhastid_veelase,lopp_aasta,integer,integer,,Kasutuse lõppaasta
EELIS/PostgREST,f_puhastid_veelase,kkr_kood,string,text,,KKR kood
EELIS/PostgREST,f_puhastid_veelase,keht_staatus,string,text,,Kehtivuse staatus
EELIS/PostgREST,f_puhastid_veelase,ehak_id,integer,integer,,Kohanimi ID
EELIS/PostgREST,f_puhastid_veelase,ehak_nimi,string,text,,Kohanimi
EELIS/PostgREST,f_puhastid_veelase,veekogu_id,integer,integer,,Veekogu
EELIS/PostgREST,f_puhastid_veelase,veekogu_selg,string,text,,veeogu nimi
EELIS/PostgREST,f_puhastid_veelase,veekogud_kkr_kood,string,text,,Veekogu KKR kood
EELIS/PostgREST,f_puhastid_veelase,reoveeala_id,integer,integer,,Reoveekogumisala
EELIS/PostgREST,f_puhastid_veelase,reoveeala_selg,string,text,,Reoveekogumisala nimi
EELIS/PostgREST,f_puhastid_veelase,reoveeala_kkr_kood,string,text,,Reoveekogumisala KKR kood
EELIS/PostgREST,f_puhastid_veelase,puhasti_id,integer,integer,,Puhasti  Note: This is a Foreign Key to `f_puhastid.id`.<fk table='f_puhastid' column='id'/>
EELIS/PostgREST,f_puhastid_veelase,puhasti_selg,string,text,,Puhasti nimi
EELIS/PostgREST,f_puhastid_veelase,puhasti_kkr_kood,string,text,,Puhasti KKR kood
EELIS/PostgREST,f_puhastid_veelase,vesikond_id,integer,integer,,Vesikond
EELIS/PostgREST,f_puhastid_veelase,vesikond_selg,string,text,,Vesikond nimi
EELIS/PostgREST,f_puhastid_veelase,vesikond_kuulub_id,string,text,,Kuulub id(vesikond)
EELIS/PostgREST,f_puhastid_veelase,vesikond_kuulub_nimi,string,text,,Kuulub nimi (vesikond)
EELIS/PostgREST,f_puhastid_veelase,suudmest,integer,integer,,Kaugus suudmest m
EELIS/PostgREST,f_puhastid_veelase,vee_kood,string,text,,Vee tüübi kood
EELIS/PostgREST,f_puhastid_veelase,vee_kood_selg,string,text,,Vee tüübi kood selgitus
EELIS/PostgREST,f_puhastid_veelase,on_taaskasutatav,boolean,boolean,,On taaskasutatav
EELIS/PostgREST,f_puhastid_veelase,muut_aeg,string,timestamp without time zone,,Muutmise aeg
EELIS/PostgREST,f_puhastid_veelase,haldaja_id,string,text,,Veevärgi haldaja ID
EELIS/PostgREST,f_puhastid_veelase,haldaja_kood,string,text,,Haldaja ärireg kood
EELIS/PostgREST,f_puhastid_veelase,haldaja_selg,string,text,,Haldja nimetus
EELIS/PostgREST,f_puhastid_veelase,kesk_x,number,double precision,,Tsentroidi x-koordinaat LEST97
EELIS/PostgREST,f_puhastid_veelase,kesk_y,number,double precision,,Tsentroidi y-koordinaat LEST97
EELIS/PostgREST,f_puhastid_veelase,ehak_tekst,string,text,,EHAK koondinfo
EELIS/PostgREST,f_puhastid_veelase,ehak_kood1,string,text,,EHAK kood maakond
EELIS/PostgREST,f_puhastid_veelase,ehak_kood2,string,text,,EHAK kood vald
EELIS/PostgREST,f_puhastid_veelase,ehak_kood3,string,text,,EHAK alamtase
EELIS/PostgREST,f_puuraugud,id,integer,integer,jah,ID  Note: This is a Primary Key.<pk/>
EELIS/PostgREST,f_puuraugud,tyyp,string,text,,Tüüp
EELIS/PostgREST,f_puuraugud,tyyp_selg,string,text,,Tüüp selgitus
EELIS/PostgREST,f_puuraugud,nimi,string,text,,Nimi
EELIS/PostgREST,f_puuraugud,puurauk_staatus,string,text,,Puuraugu olek
EELIS/PostgREST,f_puuraugud,keht_staatus,string,text,,Kehtivuse staatus
EELIS/PostgREST,f_puuraugud,kkr_kood,string,text,,Registrikood
EELIS/PostgREST,f_puuraugud,jaakreostusala_id,integer,integer,,Jaakreostusala
EELIS/PostgREST,f_puuraugud,jaakreostusala_nimi,string,text,,Jaakreostusala nimi
EELIS/PostgREST,f_puuraugud,jaakreostusala_kkr_kood,string,text,,Jaakreostusala KKR kood
EELIS/PostgREST,f_puuraugud,veehaare_id,integer,integer,,Veehaare
EELIS/PostgREST,f_puuraugud,puurija_id,integer,integer,,Puurija
EELIS/PostgREST,f_puuraugud,puurija_nimi,string,text,,Puurija nimetus
EELIS/PostgREST,f_puuraugud,puurija_kood,string,text,,Puurija kood
EELIS/PostgREST,f_puuraugud,valdaja_id,integer,integer,,Valdaja
EELIS/PostgREST,f_puuraugud,valdaja_nimi,string,text,,Valdaja nimetus
EELIS/PostgREST,f_puuraugud,valdaja_kood,string,text,,Valdaja kood
EELIS/PostgREST,f_puuraugud,maasoojussysteem_id,integer,integer,,Kuulub maasoojussüsteemi
EELIS/PostgREST,f_puuraugud,maayksus,string,text,,Maaüksuse tunnus
EELIS/PostgREST,f_puuraugud,maayksus_nimi,string,text,,Maaüksuse nimi
EELIS/PostgREST,f_puuraugud,voond_toiteala_id,integer,integer,,Toiteala
EELIS/PostgREST,f_puuraugud,on_pandivere_pv,boolean,boolean,,Asub nitraaditundlikul alal
EELIS/PostgREST,f_puuraugud,katastri_nr,string,text,,Katastri nr
EELIS/PostgREST,f_puuraugud,pass_nr,string,text,,Pass nr
EELIS/PostgREST,f_puuraugud,invent_nr,string,text,,Inventari nr
EELIS/PostgREST,f_puuraugud,puur_nr,string,text,,Puuraugu nr
EELIS/PostgREST,f_puuraugud,seire_nr,string,text,,Seire nr
EELIS/PostgREST,f_puuraugud,akti_nr,string,text,,Akti nr
EELIS/PostgREST,f_puuraugud,kivimikiht_id,integer,integer,,Kivimikiht
EELIS/PostgREST,f_puuraugud,kivimikiht_tyyp,string,text,,Kivimikiht tüüp
EELIS/PostgREST,f_puuraugud,kivimikiht_kood,string,text,,Kivimikiht kood
EELIS/PostgREST,f_puuraugud,kivimikiht_nimi,string,text,,Kivimikiht nimi
EELIS/PostgREST,f_puuraugud,kivimikiht_nimi_en,string,text,,Kivimikiht nimi ingl k
EELIS/PostgREST,f_puuraugud,kivimikiht_tx_lisainfo,string,text,,Kivimikiht lisainfo
EELIS/PostgREST,f_puuraugud,kivimikiht_tx_leviala,string,text,,Kivimikiht leviala
EELIS/PostgREST,f_puuraugud,veekiht_nimi,string,text,,Põhjaveekihi nimetus
EELIS/PostgREST,f_puuraugud,veekiht,string,text,,Põhjaveekihi indeks
EELIS/PostgREST,f_puuraugud,veekogum,string,text,,Veekogum
EELIS/PostgREST,f_puuraugud,pohjaveekogum_id,integer,integer,,Pohjaveekogum
EELIS/PostgREST,f_puuraugud,pohjaveekogum_nimi,string,text,,Pohjaveekogumi nimi
EELIS/PostgREST,f_puuraugud,pohjaveekogum_pealmine_id,integer,integer,,Pealmine läbitav põhjaveekogum
EELIS/PostgREST,f_puuraugud,vesikond_id,integer,integer,,Vesikond
EELIS/PostgREST,f_puuraugud,arv_k_nr,string,text,,ArvKNr
EELIS/PostgREST,f_puuraugud,aruande_nr,string,text,,Aruande nr
EELIS/PostgREST,f_puuraugud,aadress,string,text,,Aadress
EELIS/PostgREST,f_puuraugud,z_abs,number,double precision,,Maapinna absoluutkõrgus (m)
EELIS/PostgREST,f_puuraugud,sygavus,number,double precision,,Sügavus (m)
EELIS/PostgREST,f_puuraugud,kasutus,string,text,,Kasutus
EELIS/PostgREST,f_puuraugud,kasutus_selg,string,text,,Kasutus selgitus
EELIS/PostgREST,f_puuraugud,rajam_kp,string,timestamp without time zone,,Rajamise kuupäev
EELIS/PostgREST,f_puuraugud,puur_aasta,integer,integer,,Puurimise aasta
EELIS/PostgREST,f_puuraugud,renov_aasta,integer,integer,,Renoveerimise aasta
EELIS/PostgREST,f_puuraugud,likv_aasta,integer,integer,,Likvideerimise aasta
EELIS/PostgREST,f_puuraugud,puur_org,string,text,,Puurinud ettevõte
EELIS/PostgREST,f_puuraugud,puur_viis,string,text,,Puurimise viis
EELIS/PostgREST,f_puuraugud,puur_viis_selg,string,text,,Puurimise viis selgitus
EELIS/PostgREST,f_puuraugud,puur_mark,string,text,,Puurmasina tüüp/mark
EELIS/PostgREST,f_puuraugud,pump_liik,string,text,,Pump. liik
EELIS/PostgREST,f_puuraugud,pump_liik_selg,string,text,,Pump. Liik selgitus
EELIS/PostgREST,f_puuraugud,pump_viis,string,text,,Pump. viis
EELIS/PostgREST,f_puuraugud,pump_viis_selg,string,text,,Pump. Viis selgitus
EELIS/PostgREST,f_puuraugud,tehn_seisund,string,text,,Tehn. seisund
EELIS/PostgREST,f_puuraugud,san_seisund,string,text,,San. seisund
EELIS/PostgREST,f_puuraugud,san_seisund_selg,string,text,,San. Seisund selgitus
EELIS/PostgREST,f_puuraugud,san_kaitseala,string,text,,San. kaitseala
EELIS/PostgREST,f_puuraugud,kesk_x,number,double precision,,Tsentroidi x-koordinaat LEST97
EELIS/PostgREST,f_puuraugud,kesk_y,number,double precision,,Tsentroidi y-koordinaat LEST97
EELIS/PostgREST,f_puuraugud,muut_aeg,string,timestamp without time zone,,Muutmise aeg
EELIS/PostgREST,f_puuraugud,ehak_id,string,text,,EHAK ID
EELIS/PostgREST,f_puuraugud,ehak_tekst,string,text,,EHAK koondinfo
EELIS/PostgREST,f_puuraugud,ehak_kood1,string,text,,EHAK kood maakond
EELIS/PostgREST,f_puuraugud,ehak_kood2,string,text,,EHAK kood vald
EELIS/PostgREST,f_puuraugud,ehak_kood3,string,text,,EHAK alamtase
EELIS/PostgREST,f_puuraugud_ehak,id,integer,integer,,EHAK ID
EELIS/PostgREST,f_puuraugud_ehak,ehak_kood,string,text,,EHAK kood
EELIS/PostgREST,f_puuraugud_ehak,ehak_nimi,string,text,,EHAK nimi
EELIS/PostgREST,f_puuraugud_ehak,ehak_rnimi,string,text,,EHAK rööpnimi
EELIS/PostgREST,f_puuraugud_ehak,vald,string,text,,Vald nimi
EELIS/PostgREST,f_puuraugud_ehak,maa,string,text,,Maakond nimi
EELIS/PostgREST,f_puuraugud_ehak,tyyp,string,text,,EHAK tase
EELIS/PostgREST,f_puuraugud_ehak,ehak_tyyp_selg,string,text,,EHAK tase selgitus
EELIS/PostgREST,f_puuraugud_ehak,ehak_parent,string,text,,EHAK kõrgema taseme kood
EELIS/PostgREST,f_puuraugud_ehak,ehak_muut_aeg,string,timestamp without time zone,,Viimase muudatuse aeg (EHAK)
EELIS/PostgREST,f_puuraugud_ehak,puurauk_id,integer,integer,,Puuraugu ID  Note: This is a Foreign Key to `f_puuraugud.id`.<fk table='f_puuraugud' column='id'/>
EELIS/PostgREST,f_puuraugud_konstruktsioon,konstr_id,integer,integer,,Konstruktsioon ID
EELIS/PostgREST,f_puuraugud_konstruktsioon,konstr_kood,string,text,,Konstruktsioon kood
EELIS/PostgREST,f_puuraugud_konstruktsioon,konstr_tyyp,string,text,,Konstruktsioon tüüp
EELIS/PostgREST,f_puuraugud_konstruktsioon,konstr_tyyp_selg,string,text,,Konstruktsioon tüüp selgitus
EELIS/PostgREST,f_puuraugud_konstruktsioon,konstr_staatus,string,text,,Konstruktsioon staatus
EELIS/PostgREST,f_puuraugud_konstruktsioon,konstr_staatus_selg,string,text,,Konstruktsioon staatus selgitus
EELIS/PostgREST,f_puuraugud_konstruktsioon,konstr_puurauk_id,integer,integer,,Puuraugu ID  Note: This is a Foreign Key to `f_puuraugud.id`.<fk table='f_puuraugud' column='id'/>
EELIS/PostgREST,f_puuraugud_konstruktsioon,konstr_ver_nr,integer,integer,,Konstruktsioon ver nr
EELIS/PostgREST,f_puuraugud_konstruktsioon,konstr_ver_kp,string,timestamp without time zone,,Konstruktsioon ver kp
EELIS/PostgREST,f_puuraugud_konstruktsioon,diam,number,double precision,,Diameeter
EELIS/PostgREST,f_puuraugud_konstruktsioon,alg,number,double precision,,Algsügavus (m)
EELIS/PostgREST,f_puuraugud_konstruktsioon,lopp,number,double precision,,Lõppsügavus (m)
EELIS/PostgREST,f_puuraugud_konstruktsioon,tx_manteltoru_isolats,string,text,,Mantelotoru islatsiooni lisatekst
EELIS/PostgREST,f_puuraugud_konstruktsioon,tx_kirjeldus,string,text,,Kirjeldus
EELIS/PostgREST,f_puuraugud_konstruktsioon,tx_tihendid,string,text,,Tihendid
EELIS/PostgREST,f_puuraugud_konstruktsioon,tx_ehitustooted,string,text,,Ehitustooted
EELIS/PostgREST,f_puuraugud_konstruktsioon,konstr_muut_aeg,string,timestamp without time zone,,Muutmise aeg
EELIS/PostgREST,f_puuraugud_labiloige,labiloige_id,integer,integer,,Läbilõige ID
EELIS/PostgREST,f_puuraugud_labiloige,labil_puurauk_id,integer,integer,,Puuraugu ID  Note: This is a Foreign Key to `f_puuraugud.id`.<fk table='f_puuraugud' column='id'/>
EELIS/PostgREST,f_puuraugud_labiloige,jrk_nr,integer,integer,,Järjekorra nr
EELIS/PostgREST,f_puuraugud_labiloige,geol_vanus,string,text,,Geoloogiline indeks
EELIS/PostgREST,f_puuraugud_labiloige,kivim_nimetus,string,text,,Geoloogiline koostis
EELIS/PostgREST,f_puuraugud_labiloige,lasum,number,double precision,,Lasum
EELIS/PostgREST,f_puuraugud_labiloige,lamam,number,double precision,,Lamam
EELIS/PostgREST,f_puuraugud_labiloige,paksus,number,double precision,,Paksus
EELIS/PostgREST,f_puuraugud_labiloige,labiloige_muut_aeg,string,timestamp without time zone,,Muutmise aeg
EELIS/PostgREST,f_puuraugud_pohjaveekogum_seis,id,integer,integer,,ID
EELIS/PostgREST,f_puuraugud_pohjaveekogum_seis,aasta,integer,integer,,Aasta
EELIS/PostgREST,f_puuraugud_pohjaveekogum_seis,pohjaveekogum_id,integer,integer,,Põhajveekogum
EELIS/PostgREST,f_puuraugud_pohjaveekogum_seis,kood,string,text,,Kood
EELIS/PostgREST,f_puuraugud_pohjaveekogum_seis,seis,string,text,,Seisund (koond)
EELIS/PostgREST,f_puuraugud_pohjaveekogum_seis,pvkseis_seis_selg,string,text,,Seisund (koond) selgitus
EELIS/PostgREST,f_puuraugud_pohjaveekogum_seis,seis_kem,string,text,,KEM seisund
EELIS/PostgREST,f_puuraugud_pohjaveekogum_seis,pvkseis_seis_kem_selg,string,text,,KEM seisund selgitus
EELIS/PostgREST,f_puuraugud_pohjaveekogum_seis,seis_kem1,string,text,,KEM1 seisund
EELIS/PostgREST,f_puuraugud_pohjaveekogum_seis,pvkseis_seis_kem1_selg,string,text,,KEM1 seisund selgitus
EELIS/PostgREST,f_puuraugud_pohjaveekogum_seis,seis_kem2,string,text,,KEM2 seisund
EELIS/PostgREST,f_puuraugud_pohjaveekogum_seis,pvkseis_seis_kem2_selg,string,text,,KEM2 seisund selgitus
EELIS/PostgREST,f_puuraugud_pohjaveekogum_seis,seis_kem3,string,text,,KEM3 seisund
EELIS/PostgREST,f_puuraugud_pohjaveekogum_seis,pvkseis_seis_kem3_selg,string,text,,KEM3 seisund selgitus
EELIS/PostgREST,f_puuraugud_pohjaveekogum_seis,seis_kem4,string,text,,KEM4 seisund
EELIS/PostgREST,f_puuraugud_pohjaveekogum_seis,pvkseis_seis_kem4_selg,string,text,,KEM4 seisund selgitus
EELIS/PostgREST,f_puuraugud_pohjaveekogum_seis,seis_kem5,string,text,,KEM5 seisund
EELIS/PostgREST,f_puuraugud_pohjaveekogum_seis,pvkseis_seis_kem5_selg,string,text,,KEM5 seisund selgitus
EELIS/PostgREST,f_puuraugud_pohjaveekogum_seis,seis_kog,string,text,,KOG seisund
EELIS/PostgREST,f_puuraugud_pohjaveekogum_seis,pvkseis_seis_kog_selg,string,text,,KOG seisund selgitus
EELIS/PostgREST,f_puuraugud_pohjaveekogum_seis,seis_kog1,string,text,,KOG1 seisund
EELIS/PostgREST,f_puuraugud_pohjaveekogum_seis,pvkseis_seis_kog1_selg,string,text,,KOG1 seisund selgitus
EELIS/PostgREST,f_puuraugud_pohjaveekogum_seis,seis_kog2,string,text,,KOG2 seisund
EELIS/PostgREST,f_puuraugud_pohjaveekogum_seis,pvkseis_seis_kog2_selg,string,text,,KOG2 seisund selgitus
EELIS/PostgREST,f_puuraugud_pohjaveekogum_seis,seis_kog3,string,text,,KOG3 seisund
EELIS/PostgREST,f_puuraugud_pohjaveekogum_seis,pvkseis_seis_kog3_selg,string,text,,KOG3 seisund selgitus
EELIS/PostgREST,f_puuraugud_pohjaveekogum_seis,seis_kog4,string,text,,KOG4 seisund
EELIS/PostgREST,f_puuraugud_pohjaveekogum_seis,pvkseis_seis_kog4_selg,string,text,,KOG4 seisund selgitus
EELIS/PostgREST,f_puuraugud_pohjaveekogum_seis,usald,string,text,,Usaldusväärsus (koond)
EELIS/PostgREST,f_puuraugud_pohjaveekogum_seis,pvkseis_usald_selg,string,text,,Usaldusväärsus (koond) selgitus
EELIS/PostgREST,f_puuraugud_pohjaveekogum_seis,usald_kem,string,text,,KEM usaldusväärsus
EELIS/PostgREST,f_puuraugud_pohjaveekogum_seis,pvkseis_usald_kem_selg,string,text,,KEM usaldusväärsus selgitus
EELIS/PostgREST,f_puuraugud_pohjaveekogum_seis,usald_kem1,string,text,,KEM1 usaldusväärsus
EELIS/PostgREST,f_puuraugud_pohjaveekogum_seis,pvkseis_usald_kem1_selg,string,text,,KEM1 usaldusväärsus selgitus
EELIS/PostgREST,f_puuraugud_pohjaveekogum_seis,usald_kem2,string,text,,KEM2 usaldusväärsus
EELIS/PostgREST,f_puuraugud_pohjaveekogum_seis,pvkseis_usald_kem2_selg,string,text,,KEM2 usaldusväärsus selgitus
EELIS/PostgREST,f_puuraugud_pohjaveekogum_seis,usald_kem3,string,text,,KEM3 usaldusväärsus
EELIS/PostgREST,f_puuraugud_pohjaveekogum_seis,pvkseis_usald_kem3_selg,string,text,,KEM3 usaldusväärsus selgitus
EELIS/PostgREST,f_puuraugud_pohjaveekogum_seis,usald_kem4,string,text,,KEM4 usaldusväärsus
EELIS/PostgREST,f_puuraugud_pohjaveekogum_seis,pvkseis_usald_kem4_selg,string,text,,KEM4 usaldusväärsus selgitus
EELIS/PostgREST,f_puuraugud_pohjaveekogum_seis,usald_kem5,string,text,,KEM5 usaldusväärsus
EELIS/PostgREST,f_puuraugud_pohjaveekogum_seis,pvkseis_usald_kem5_selg,string,text,,KEM5 usaldusväärsus selgitus
EELIS/PostgREST,f_puuraugud_pohjaveekogum_seis,usald_kog,string,text,,KOG usaldusväärsus
EELIS/PostgREST,f_puuraugud_pohjaveekogum_seis,pvkseis_usald_kog_selg,string,text,,KOG usaldusväärsus selgitus
EELIS/PostgREST,f_puuraugud_pohjaveekogum_seis,usald_kog1,string,text,,KOG1 usaldusväärsus
EELIS/PostgREST,f_puuraugud_pohjaveekogum_seis,pvkseis_usald_kog1_selg,string,text,,KOG1 usaldusväärsus selgitus
EELIS/PostgREST,f_puuraugud_pohjaveekogum_seis,usald_kog2,string,text,,KOG2 usaldusväärsus
EELIS/PostgREST,f_puuraugud_pohjaveekogum_seis,pvkseis_usald_kog2_selg,string,text,,KOG2 usaldusväärsus selgitus
EELIS/PostgREST,f_puuraugud_pohjaveekogum_seis,usald_kog3,string,text,,KOG3 usaldusväärsus
EELIS/PostgREST,f_puuraugud_pohjaveekogum_seis,pvkseis_usald_kog3_selg,string,text,,KOG3 usaldusväärsus selgitus
EELIS/PostgREST,f_puuraugud_pohjaveekogum_seis,usald_kog4,string,text,,KOG4 usaldusväärsus
EELIS/PostgREST,f_puuraugud_pohjaveekogum_seis,pvkseis_usald_kog4_selg,string,text,,KOG4 usaldusväärsus selgitus
EELIS/PostgREST,f_puuraugud_pohjaveekogum_seis,tx_seis,string,text,,Lisainfo (koond)
EELIS/PostgREST,f_puuraugud_pohjaveekogum_seis,tx_seis_kem,string,text,,KEM lisainfo
EELIS/PostgREST,f_puuraugud_pohjaveekogum_seis,tx_seis_kem1,string,text,,KEM1 lisainfo
EELIS/PostgREST,f_puuraugud_pohjaveekogum_seis,tx_seis_kem2,string,text,,KEM2 lisainfo
EELIS/PostgREST,f_puuraugud_pohjaveekogum_seis,tx_seis_kem3,string,text,,KEM3 lisainfo
EELIS/PostgREST,f_puuraugud_pohjaveekogum_seis,tx_seis_kem4,string,text,,KEM4 lisainfo
EELIS/PostgREST,f_puuraugud_pohjaveekogum_seis,tx_seis_kem5,string,text,,KEM5 lisainfo
EELIS/PostgREST,f_puuraugud_pohjaveekogum_seis,tx_seis_kog,string,text,,KOG lisainfo
EELIS/PostgREST,f_puuraugud_pohjaveekogum_seis,tx_seis_kog1,string,text,,KOG1 lisainfo
EELIS/PostgREST,f_puuraugud_pohjaveekogum_seis,tx_seis_kog2,string,text,,KOG2 lisainfo
EELIS/PostgREST,f_puuraugud_pohjaveekogum_seis,tx_seis_kog3,string,text,,KOG3 lisainfo
EELIS/PostgREST,f_puuraugud_pohjaveekogum_seis,tx_seis_kog4,string,text,,KOG4 lisainfo
EELIS/PostgREST,f_puuraugud_pohjaveekogum_seis,muut_aeg,string,timestamp without time zone,,Viimase muutmise aeg
EELIS/PostgREST,f_puuraugud_pohjaveekogum_seis,puurauk_id,integer,integer,,Puuraugu ID  Note: This is a Foreign Key to `f_puuraugud.id`.<fk table='f_puuraugud' column='id'/>
EELIS/PostgREST,f_puuraugud_pohjaveevaru,id,integer,integer,,Id
EELIS/PostgREST,f_puuraugud_pohjaveevaru,keht_staatus,string,text,,Kehtivuse staatus
EELIS/PostgREST,f_puuraugud_pohjaveevaru,kkr_kood,string,text,,Registrikood
EELIS/PostgREST,f_puuraugud_pohjaveevaru,kood,string,text,,Kood
EELIS/PostgREST,f_puuraugud_pohjaveevaru,nimi,string,text,,Nimi
EELIS/PostgREST,f_puuraugud_pohjaveevaru,veemaardla_id,integer,integer,,Veemaardla
EELIS/PostgREST,f_puuraugud_pohjaveevaru,veemaardla_nimi,string,text,,Veemaardla nimi
EELIS/PostgREST,f_puuraugud_pohjaveevaru,veemaardla_kood,string,text,,Veemaardla kood
EELIS/PostgREST,f_puuraugud_pohjaveevaru,ehak,string,text,,Kohanimi
EELIS/PostgREST,f_puuraugud_pohjaveevaru,veekogum,string,text,,Veekogum
EELIS/PostgREST,f_puuraugud_pohjaveevaru,pohjaveekogum_id,integer,integer,,Pohjaveekogum
EELIS/PostgREST,f_puuraugud_pohjaveevaru,geol_indeks,string,text,,GeolIndeks
EELIS/PostgREST,f_puuraugud_pohjaveevaru,kasut_algus,integer,integer,,KasutAlgus
EELIS/PostgREST,f_puuraugud_pohjaveevaru,kasut_lopp,integer,integer,,KasutLopp
EELIS/PostgREST,f_puuraugud_pohjaveevaru,aruande_nr,string,text,,Aruande Nr
EELIS/PostgREST,f_puuraugud_pohjaveevaru,autor,string,text,,Autor
EELIS/PostgREST,f_puuraugud_pohjaveevaru,vk_litoloogia,string,text,,VkLitoloogia
EELIS/PostgREST,f_puuraugud_pohjaveevaru,vk_paksus_m,number,double precision,,VkPaksusM
EELIS/PostgREST,f_puuraugud_pohjaveevaru,vh_kasut_alg_a,string,text,,VhKasutAlgA
EELIS/PostgREST,f_puuraugud_pohjaveevaru,kinnit_kuup,string,timestamp without time zone,,KinnitKuup
EELIS/PostgREST,f_puuraugud_pohjaveevaru,varu_t1_olme,integer,integer,,VaruT1Olme
EELIS/PostgREST,f_puuraugud_pohjaveevaru,varu_t1_tehn,integer,integer,,VaruT1Tehn
EELIS/PostgREST,f_puuraugud_pohjaveevaru,varu_t1_min,integer,integer,,VaruT1Min
EELIS/PostgREST,f_puuraugud_pohjaveevaru,varu_t2_olme,integer,integer,,VaruT2Olme
EELIS/PostgREST,f_puuraugud_pohjaveevaru,varu_t2_tehn,integer,integer,,VaruT2Tehn
EELIS/PostgREST,f_puuraugud_pohjaveevaru,varu_p_olme,integer,integer,,VaruPOlme
EELIS/PostgREST,f_puuraugud_pohjaveevaru,varu_p_tehn,integer,integer,,VaruPTehn
EELIS/PostgREST,f_puuraugud_pohjaveevaru,muut_staatus,string,text,,Menetlusfaas
EELIS/PostgREST,f_puuraugud_pohjaveevaru,muut_staatus_selg,string,text,,Menetlusfaas selgitus
EELIS/PostgREST,f_puuraugud_pohjaveevaru,muut_aeg,string,timestamp without time zone,,Muutmise aeg
EELIS/PostgREST,f_puuraugud_pohjaveevaru,ehak_id,integer,integer,,EHAK ID
EELIS/PostgREST,f_puuraugud_pohjaveevaru,ehak_tekst,string,text,,EHAK koondinfo
EELIS/PostgREST,f_puuraugud_pohjaveevaru,ehak_kood1,string,text,,EHAK kood maakond
EELIS/PostgREST,f_puuraugud_pohjaveevaru,ehak_kood2,string,text,,EHAK kood vald
EELIS/PostgREST,f_puuraugud_pohjaveevaru,ehak_kood3,string,text,,EHAK alamtase
EELIS/PostgREST,f_puuraugud_pohjaveevaru,puurauk_id,integer,integer,,Puuraugu ID  Note: This is a Foreign Key to `f_puuraugud.id`.<fk table='f_puuraugud' column='id'/>
EELIS/PostgREST,f_puuraugud_puurauk_param,puurauk_param_id,integer,integer,,Puurauk parameetri ID
EELIS/PostgREST,f_puuraugud_puurauk_param,puurauk_param_tyyp,string,text,,Puurauk parameetri tüüp
EELIS/PostgREST,f_puuraugud_puurauk_param,puurauk_param_tyyp_selg,string,text,,Puurauk parameetri tüüp selgitus
EELIS/PostgREST,f_puuraugud_puurauk_param,param_puurauk_id,integer,integer,,Puuraugu ID  Note: This is a Foreign Key to `f_puuraugud.id`.<fk table='f_puuraugud' column='id'/>
EELIS/PostgREST,f_puuraugud_puurauk_param,veekompleks,string,text,,Veekompeks
EELIS/PostgREST,f_puuraugud_puurauk_param,veekompleks_selg,string,text,,Veekompeks selgitus
EELIS/PostgREST,f_puuraugud_puurauk_param,sygavus,number,double precision,,Sügavus
EELIS/PostgREST,f_puuraugud_puurauk_param,vee_sygavus,number,double precision,,Vee sügavus
EELIS/PostgREST,f_puuraugud_puurauk_param,st_veetase,number,double precision,,Statsionaarne veetase
EELIS/PostgREST,f_puuraugud_puurauk_param,dyn_veetase,number,double precision,,Dünaamiline veetase
EELIS/PostgREST,f_puuraugud_puurauk_param,alandus,number,double precision,,Alandus
EELIS/PostgREST,f_puuraugud_puurauk_param,deebit,number,double precision,,Deebit
EELIS/PostgREST,f_puuraugud_puurauk_param,kestus,number,double precision,,Kestus
EELIS/PostgREST,f_puuraugud_puurauk_param,tx_tehnoloogia,string,text,,Tehnologia lisaselgitus
EELIS/PostgREST,f_puuraugud_puurauk_param,soovit_pump_tyyp,string,text,,Soovitatav pumba tüüp
EELIS/PostgREST,f_puuraugud_puurauk_param,tootl,number,double precision,,Tootlus
EELIS/PostgREST,f_puuraugud_puurauk_param,optim_tootl,number,double precision,,Optimaalne tootlus
EELIS/PostgREST,f_puuraugud_puurauk_param,veevott,number,double precision,,Vevõtt
EELIS/PostgREST,f_puuraugud_puurauk_param,tx_veekvalit,string,text,,Veekvaliteet lisaselgitus
EELIS/PostgREST,f_puuraugud_puurauk_param,katse_kp,string,timestamp without time zone,,Katse kp
EELIS/PostgREST,f_puuraugud_puurauk_param,puurauk_param_muut_aeg,string,timestamp without time zone,,Muutmise aeg
EELIS/PostgREST,f_puuraugud_seirejaam,id,integer,integer,,Id
EELIS/PostgREST,f_puuraugud_seirejaam,kood,string,text,,Muu kood
EELIS/PostgREST,f_puuraugud_seirejaam,nimi,string,text,,Nimi
EELIS/PostgREST,f_puuraugud_seirejaam,tyyp,string,text,,Tüüp
EELIS/PostgREST,f_puuraugud_seirejaam,seirejaam_tyyp_selg,string,text,,Tüübi selgitus
EELIS/PostgREST,f_puuraugud_seirejaam,staatus,string,text,,Staatus
EELIS/PostgREST,f_puuraugud_seirejaam,staatus_selg,string,text,,Staatuse selgitus
EELIS/PostgREST,f_puuraugud_seirejaam,keht_staatus,string,text,,Kehtivuse staatus
EELIS/PostgREST,f_puuraugud_seirejaam,seisund,string,text,,Seirejaama seisund
EELIS/PostgREST,f_puuraugud_seirejaam,seiretyyp,string,text,,Seire tüüp kood
EELIS/PostgREST,f_puuraugud_seirejaam,seiretyyp_selg,string,text,,Seire tüüp
EELIS/PostgREST,f_puuraugud_seirejaam,kkr_kood,string,text,,Registrikood
EELIS/PostgREST,f_puuraugud_seirejaam,sj_tase,string,text,,Seirekoha tase lühend
EELIS/PostgREST,f_puuraugud_seirejaam,sj_tase_nimi,string,text,,Seirekoha tase
EELIS/PostgREST,f_puuraugud_seirejaam,kuulub_id,integer,integer,,Kuulub
EELIS/PostgREST,f_puuraugud_seirejaam,asendatud_id,integer,integer,,Asendatud uue seirejaamaga
EELIS/PostgREST,f_puuraugud_seirejaam,on_kitsendus,boolean,boolean,,On kitsendusi põhjustav
EELIS/PostgREST,f_puuraugud_seirejaam,merepinnast,number,double precision,,Merepinnast (m)
EELIS/PostgREST,f_puuraugud_seirejaam,utm_kood,string,text,,UTM ruudu kood
EELIS/PostgREST,f_puuraugud_seirejaam,pindala,number,double precision,,Pindala (ha)
EELIS/PostgREST,f_puuraugud_seirejaam,ehak_id,integer,integer,,Kohanimi
EELIS/PostgREST,f_puuraugud_seirejaam,ala_id,integer,integer,,Kaitsealune ala või üksikobjekt
EELIS/PostgREST,f_puuraugud_seirejaam,ala_nimi,string,text,,Kaitsealune ala või üksikobjekti nimi
EELIS/PostgREST,f_puuraugud_seirejaam,ala_tyyp,string,text,,Kaitsealune ala või üksikobjekti tüüp
EELIS/PostgREST,f_puuraugud_seirejaam,ala_tyyp_selg,string,text,,Kaitsealune ala või üksikobjekti tüübi selgitus
EELIS/PostgREST,f_puuraugud_seirejaam,ala_kkr_kood,string,text,,Kaitsealune ala või üksikobjekti KKR kood
EELIS/PostgREST,f_puuraugud_seirejaam,ala_staatus,string,text,,Kaitsealune ala või üksikobjekti staatus
EELIS/PostgREST,f_puuraugud_seirejaam,lkoht_id,integer,integer,,Seiratava liigileiukoht ID
EELIS/PostgREST,f_puuraugud_seirejaam,lkoht_nimi,string,text,,Seiratava liigileiukoha nimi
EELIS/PostgREST,f_puuraugud_seirejaam,lkoht_tyyp,string,text,,Seiratava liigileiukoha tüüp
EELIS/PostgREST,f_puuraugud_seirejaam,lkoht_tyyp_selg,string,text,,Seiratava liigileiukoha tüübi selgitus
EELIS/PostgREST,f_puuraugud_seirejaam,lkoht_kkr_kood,string,text,,Seiratava liigileiukoha KKR kood
EELIS/PostgREST,f_puuraugud_seirejaam,tundlik_ala_id,integer,integer,,Tundlik ala(karstiala) ID
EELIS/PostgREST,f_puuraugud_seirejaam,tundlik_ala_nimi,string,text,,Tundlik ala (karstiala) nimi
EELIS/PostgREST,f_puuraugud_seirejaam,tundlik_ala_tyyp,string,text,,Tundlik ala (karstiala) tüüp
EELIS/PostgREST,f_puuraugud_seirejaam,tundlik_ala_tyyp_selg,string,text,,Tundlik ala (karstiala) tüübi selgitus
EELIS/PostgREST,f_puuraugud_seirejaam,tundlik_ala_kkr_kood,string,text,,Tundlik ala (karstiala) KKR kood
EELIS/PostgREST,f_puuraugud_seirejaam,tundlik_ala_keht_staatus,string,text,,Tundlik ala (karstiala) kehtivuse staatus
EELIS/PostgREST,f_puuraugud_seirejaam,veekogu_id,integer,integer,,Veekogu ID
EELIS/PostgREST,f_puuraugud_seirejaam,veekogu_nimi,string,text,,Veekogu nimi
EELIS/PostgREST,f_puuraugud_seirejaam,veekogu_tyyp,string,text,,Veekogu tüüp
EELIS/PostgREST,f_puuraugud_seirejaam,veekogu_tyyp_selg,string,text,,Veekogu tüübi selgitus
EELIS/PostgREST,f_puuraugud_seirejaam,veekogu_kkr_kood,string,text,,Veekogu KKR kood
EELIS/PostgREST,f_puuraugud_seirejaam,veekogu_keht_staatus,string,text,,Veekogu kehtivuse staatus
EELIS/PostgREST,f_puuraugud_seirejaam,veekogum_id,integer,integer,,Veekogum ID
EELIS/PostgREST,f_puuraugud_seirejaam,veekogum_nimi,string,text,,Veekogumi nimi
EELIS/PostgREST,f_puuraugud_seirejaam,veekogum_tyyp,string,text,,Kategooria
EELIS/PostgREST,f_puuraugud_seirejaam,veekogum_tyyp_selg,string,text,,Kategooria selgitus
EELIS/PostgREST,f_puuraugud_seirejaam,veekogum_keht_staatus,string,text,,Veekogumi kehtivuse staatus
EELIS/PostgREST,f_puuraugud_seirejaam,suudmest,string,text,,Suudmest (km)
EELIS/PostgREST,f_puuraugud_seirejaam,puurauk_id,integer,integer,,Puurauk ID  Note: This is a Foreign Key to `f_puuraugud.id`.<fk table='f_puuraugud' column='id'/>
EELIS/PostgREST,f_puuraugud_seirejaam,puurauk_nimi,string,text,,Puuraugu nimi
EELIS/PostgREST,f_puuraugud_seirejaam,puurauk_kkr_kood,string,text,,Puuraugu KKR kood
EELIS/PostgREST,f_puuraugud_seirejaam,puurauk_tyyp,string,text,,Puuraugu tüüp
EELIS/PostgREST,f_puuraugud_seirejaam,puurauk_tyyp_selg,string,text,,Puuraugu tüübi selgitus
EELIS/PostgREST,f_puuraugud_seirejaam,puurauk_keht_staatus,string,text,,Puuraugu kehtivuse staatus
EELIS/PostgREST,f_puuraugud_seirejaam,saar_id,integer,integer,,Saar ID
EELIS/PostgREST,f_puuraugud_seirejaam,saar_nimi,string,text,,Saare nimi
EELIS/PostgREST,f_puuraugud_seirejaam,saar_tyyp,string,text,,Saare tüüp
EELIS/PostgREST,f_puuraugud_seirejaam,saar_tyyp_selg,string,text,,Saare tüübi selgitus
EELIS/PostgREST,f_puuraugud_seirejaam,saar_kkr_kood,string,text,,Saare KKR kood
EELIS/PostgREST,f_puuraugud_seirejaam,saar_keht_staatus,string,text,,Saare kehtivuse staatus
EELIS/PostgREST,f_puuraugud_seirejaam,jahiala_id,integer,integer,,Jahipiirkond ID
EELIS/PostgREST,f_puuraugud_seirejaam,jahiala_nimi,string,text,,Jahipiirkonna nimi
EELIS/PostgREST,f_puuraugud_seirejaam,jahiala_tyyp,string,text,,Jahipiirkonna tüüp
EELIS/PostgREST,f_puuraugud_seirejaam,jahiala_tyyp_selg,string,text,,Jahipiirkonna tüübi selgitus
EELIS/PostgREST,f_puuraugud_seirejaam,jahiala_kkr_kood,string,text,,Jahipiirkonna KKR kood
EELIS/PostgREST,f_puuraugud_seirejaam,jahiala_keht_staatus,string,text,,Jahipiirkonna kehtivuse staatus
EELIS/PostgREST,f_puuraugud_seirejaam,tx_asukoht,string,text,,Asukohakirjeldus
EELIS/PostgREST,f_puuraugud_seirejaam,tx_markus,string,text,,Märkused
EELIS/PostgREST,f_puuraugud_seirejaam,tx_arhiiv,string,text,,Arhiiv
EELIS/PostgREST,f_puuraugud_seirejaam,alg_kpv,string,timestamp without time zone,,Kasutuse algus kp
EELIS/PostgREST,f_puuraugud_seirejaam,lopp_kpv,string,timestamp without time zone,,Kasutuse lõpp kp
EELIS/PostgREST,f_puuraugud_seirejaam,aastad,string,text,,Seireaastad
EELIS/PostgREST,f_puuraugud_seirejaam,kesk_x,number,double precision,,Rahv.ala tsentroidi x-koordinaat LEST97
EELIS/PostgREST,f_puuraugud_seirejaam,kesk_y,number,double precision,,Rahv.ala tsentroidi y-koordinaat LEST97
EELIS/PostgREST,f_puuraugud_seirejaam,muut_aeg,string,timestamp without time zone,,Muutmise aeg
EELIS/PostgREST,f_puuraugud_seirejaam,ehak_tekst,string,text,,EHAK koondinfo
EELIS/PostgREST,f_puuraugud_seirejaam,ehak_kood1,string,text,,EHAK kood maakond
EELIS/PostgREST,f_puuraugud_seirejaam,ehak_kood2,string,text,,EHAK kood vald
EELIS/PostgREST,f_puuraugud_seirejaam,ehak_kood3,string,text,,EHAK alamtase
EELIS/PostgREST,f_puuraugud_seirejaam,sr_programm_nimi,string,text,,Kehtiv seireprogramm
EELIS/PostgREST,f_puuraugud_seirejaam,on_regobj,boolean,boolean,,on_regobj
EELIS/PostgREST,f_puuraugud_seirejaam,on_salastatud,boolean,boolean,,on_salastatud
EELIS/PostgREST,f_puuraugud_vesikond,vesikond_id,integer,integer,,Vesikond ID
EELIS/PostgREST,f_puuraugud_vesikond,vesikond_id_text,string,text,,Vesikond ID (tekst)
EELIS/PostgREST,f_puuraugud_vesikond,vesikond_kood_vrd,string,text,,Vesikond vrd kood
EELIS/PostgREST,f_puuraugud_vesikond,vesikond_tyyp,string,text,,Vesikond tüüp
EELIS/PostgREST,f_puuraugud_vesikond,vesikond_tyyp_selg,string,text,,Vesikond tüüp selgitus
EELIS/PostgREST,f_puuraugud_vesikond,vesikond_nimi,string,text,,Vesikond nimi
EELIS/PostgREST,f_puuraugud_vesikond,staatus,string,text,,Staatus
EELIS/PostgREST,f_puuraugud_vesikond,keht_staatus,string,text,,Kehtivuse staatus
EELIS/PostgREST,f_puuraugud_vesikond,kuulub_id,integer,integer,,Kuulub id (vesikond)
EELIS/PostgREST,f_puuraugud_vesikond,kuulub_nimi,string,text,,Kuulub nimi (vesikond)
EELIS/PostgREST,f_puuraugud_vesikond,vesikond_muut_aeg,string,timestamp without time zone,,Vesikond muutmise kp
EELIS/PostgREST,f_puuraugud_vesikond,puurauk_id,integer,integer,,Puuraugu ID  Note: This is a Foreign Key to `f_puuraugud.id`.<fk table='f_puuraugud' column='id'/>
EELIS/PostgREST,f_puuraugud_vesikond,muut_staatus,string,text,,Muutmise staatus
EELIS/PostgREST,f_puuraugud_vesikond,vesikond_pindala_km2,number,numeric,,Vesikonna pindala
EELIS/PostgREST,f_puuraugud_voond,voond_id,integer,integer,,Vööndi ID
EELIS/PostgREST,f_puuraugud_voond,voond_tyyp,string,text,,Vööndi tüüp
EELIS/PostgREST,f_puuraugud_voond,voond_tyyp_selg,string,text,,Vööndi tüüp selgitus
EELIS/PostgREST,f_puuraugud_voond,voond_nimi,string,text,,Vööndi nimi
EELIS/PostgREST,f_puuraugud_voond,puurauk_id,integer,integer,,Puuraugu ID  Note: This is a Foreign Key to `f_puuraugud.id`.<fk table='f_puuraugud' column='id'/>
EELIS/PostgREST,f_puuraugud_voond,ulatus,number,double precision,,Kaitsevööndi ulatus
EELIS/PostgREST,f_puuraugud_voond,pind_maa,number,double precision,,Vööndi maismaaosa pindala
EELIS/PostgREST,f_puuraugud_voond,pind_vesi,number,double precision,,Vööndi veeosa pindala
EELIS/PostgREST,f_puuraugud_voond,voond_muut_aeg,string,timestamp without time zone,,Viimase muutmise aeg (voond)
EELIS/PostgREST,f_puuraugud_voond,voond_kaardiobj_id,integer,integer,,Kaardiobjekt
EELIS/PostgREST,f_rahvalad,id,integer,integer,jah,ID  Note: This is a Primary Key.<pk/>
EELIS/PostgREST,f_rahvalad,id_text,string,text,,ID kood tekst väljatüübina
EELIS/PostgREST,f_rahvalad,kood,string,text,,Kood
EELIS/PostgREST,f_rahvalad,nimi,string,text,,Rahv.ala nimi
EELIS/PostgREST,f_rahvalad,tyyp,string,text,,Rahv.ala tüüp 
EELIS/PostgREST,f_rahvalad,tyyp_selg,string,text,,Rahv.ala tüüp selgitus
EELIS/PostgREST,f_rahvalad,on_regobj,boolean,boolean,,On registriobjekt JAH/EI
EELIS/PostgREST,f_rahvalad,kkr_kood,string,text,,KKR kood
EELIS/PostgREST,f_rahvalad,koostamise_kp,string,timestamp without time zone,,Koostamise kp
EELIS/PostgREST,f_rahvalad,kinnitamise_kp,string,timestamp without time zone,,Kinnitamise kp
EELIS/PostgREST,f_rahvalad,tx_markused,string,text,,Märkused
EELIS/PostgREST,f_rahvalad,pindala_maa,number,double precision,,Maismaa pindala (ha)
EELIS/PostgREST,f_rahvalad,pindala_vesi,number,double precision,,Siseveekogude pindala (ha)
EELIS/PostgREST,f_rahvalad,pindala_meri,number,double precision,,Mereosa pindala (ha)
EELIS/PostgREST,f_rahvalad,spa_klassif_kp,string,timestamp without time zone,,SPA klassifitseerimise kuupäev
EELIS/PostgREST,f_rahvalad,sci_esit_kp,string,timestamp without time zone,,SCI esitamise kuupäev
EELIS/PostgREST,f_rahvalad,sci_kinnit_kp,string,timestamp without time zone,,SCI kinnitamise kuupäev
EELIS/PostgREST,f_rahvalad,sac_eri_kp,string,timestamp without time zone,,SAC määramise kuupäev
EELIS/PostgREST,f_rahvalad,kesk_x,number,double precision,,Rahv.ala tsentroidi x-koordinaat LEST97
EELIS/PostgREST,f_rahvalad,kesk_y,number,double precision,,Rahv.ala tsentroidi y-koordinaat LEST97
EELIS/PostgREST,f_rahvalad,muut_aeg,string,timestamp without time zone,,Viimase muutmise aeg
EELIS/PostgREST,f_rahvalad,keht_staatus,string,text,,Kehtivuse staatus
EELIS/PostgREST,f_rahvalad,staatus,string,text,,Staatus
EELIS/PostgREST,f_rahvalad,staatus_selg,string,text,,Staatus selgitus
EELIS/PostgREST,f_rahvalad,muut_staatus,string,text,,Muutmise staatus
EELIS/PostgREST,f_rahvalad,muut_staatus_selg,string,text,,Muutmise staatus selgitus
EELIS/PostgREST,f_rahvalad,ehak_tekst,string,text,,EHAK koondinfo
EELIS/PostgREST,f_rahvalad,ehak_kood1,string,text,,EHAK kood maakond
EELIS/PostgREST,f_rahvalad,ehak_kood2,string,text,,EHAK kood vald
EELIS/PostgREST,f_rahvalad,ehak_kood3,string,text,,EHAK alamtase
EELIS/PostgREST,f_rahvalad_dok,dok_id,integer,integer,,Dok ID
EELIS/PostgREST,f_rahvalad_dok,dok_kood,string,text,,Dok kood
EELIS/PostgREST,f_rahvalad_dok,dok_tyyp,string,text,,Dok tüüp
EELIS/PostgREST,f_rahvalad_dok,dok_tyyp_selg,string,text,,Dok tüüp selgitus
EELIS/PostgREST,f_rahvalad_dok,dok_number,string,text,,Dokumendi number
EELIS/PostgREST,f_rahvalad_dok,dok_pealkiri,string,text,,Dokumendi pealkiri
EELIS/PostgREST,f_rahvalad_dok,dok_alg_kehtib,string,timestamp without time zone,,Dokument kehtib alates kp
EELIS/PostgREST,f_rahvalad_dok,dok_alg_kp,string,timestamp without time zone,,Dokument algus kp
EELIS/PostgREST,f_rahvalad_dok,dok_lopp_kp,string,timestamp without time zone,,Dokument lõpp kp
EELIS/PostgREST,f_rahvalad_dok,dok_url,string,text,,Dok URL
EELIS/PostgREST,f_rahvalad_dok,dok_alus_dok_id,integer,integer,,Alus dok ID
EELIS/PostgREST,f_rahvalad_dok,dok_muut_aeg,string,timestamp without time zone,,Viimase muutmise aeg (dok)
EELIS/PostgREST,f_rahvalad_dok,rahvala_id,integer,integer,,Rahvala ID  Note: This is a Foreign Key to `f_rahvalad.id`.<fk table='f_rahvalad' column='id'/>
EELIS/PostgREST,f_rahvalad_dok,on_linnuala_kohta,integer,integer,,Kas tegemis on linnualaga
EELIS/PostgREST,f_rahvalad_ehak,id,integer,integer,,EHAK ID
EELIS/PostgREST,f_rahvalad_ehak,ehak_kood,string,text,,EHAK kood
EELIS/PostgREST,f_rahvalad_ehak,ehak_nimi,string,text,,EHAK nimi
EELIS/PostgREST,f_rahvalad_ehak,ehak_rnimi,string,text,,EHAK rööpnimi
EELIS/PostgREST,f_rahvalad_ehak,vald,string,text,,Vald nimi
EELIS/PostgREST,f_rahvalad_ehak,maa,string,text,,Maakond nimi
EELIS/PostgREST,f_rahvalad_ehak,tyyp,string,text,,EHAK tase
EELIS/PostgREST,f_rahvalad_ehak,ehak_tyyp_selg,string,text,,EHAK tase selgitus
EELIS/PostgREST,f_rahvalad_ehak,ehak_parent,string,text,,EHAK kõrgema taseme kood
EELIS/PostgREST,f_rahvalad_ehak,ehak_muut_aeg,string,timestamp without time zone,,Viimase muudatuse aeg (EHAK)
EELIS/PostgREST,f_rahvalad_ehak,rahvala_id,integer,integer,,Rahvala ID  Note: This is a Foreign Key to `f_rahvalad.id`.<fk table='f_rahvalad' column='id'/>
EELIS/PostgREST,f_rahvalad_elupaigatyyp,elupaigatp_id,integer,integer,,Elupaigatüübi ID
EELIS/PostgREST,f_rahvalad_elupaigatyyp,elupaigatp_kood,string,text,,Elupaigatüübi kood
EELIS/PostgREST,f_rahvalad_elupaigatyyp,elupaigatp_staatus,string,text,,Elupaigatüübi staatus
EELIS/PostgREST,f_rahvalad_elupaigatyyp,elupaigatp_staatus_selg,string,text,,Elupaigatüübi staatus nimetus
EELIS/PostgREST,f_rahvalad_elupaigatyyp,elupaigatp_nimi,string,text,,Elupaigatüübi nimi
EELIS/PostgREST,f_rahvalad_elupaigatyyp,elupaigatp_grupp,string,text,,Elupaigatüübi grupp
EELIS/PostgREST,f_rahvalad_elupaigatyyp,elupaigatp_grupp_selg,string,text,,Elupaigatüübi grupi nimi
EELIS/PostgREST,f_rahvalad_elupaigatyyp,elupaigatp_muut_aeg,string,timestamp without time zone,,Viimase muutmise aeg (elupaigatüüp)
EELIS/PostgREST,f_rahvalad_elupaigatyyp,seirejaam_id,integer,integer,,Seirejaama ID
EELIS/PostgREST,f_rahvalad_elupaigatyyp,rahvala_id,integer,integer,,Rahvusvahelise tähtsusega ala ID  Note: This is a Foreign Key to `f_rahvalad.id`.<fk table='f_rahvalad' column='id'/>
EELIS/PostgREST,f_rahvalad_elupaikstat,elpst_id,integer,integer,,Elupaik st. ID
EELIS/PostgREST,f_rahvalad_elupaikstat,elpst_kood,string,text,,Kood (elupaik statistika)
EELIS/PostgREST,f_rahvalad_elupaikstat,elpst_kood_selg,string,text,,Kood (elupaik statistika) selgitus
EELIS/PostgREST,f_rahvalad_elupaikstat,elpst_tyyp,string,text,, Elupaiga statistika versioon
EELIS/PostgREST,f_rahvalad_elupaikstat,elpst_tyyp_selg,string,text,, Elupaiga statistika versioon selgitus
EELIS/PostgREST,f_rahvalad_elupaikstat,elpst_obj_id,integer,integer,,Rahv.ala ID   Note: This is a Foreign Key to `f_rahvalad.id`.<fk table='f_rahvalad' column='id'/>
EELIS/PostgREST,f_rahvalad_elupaikstat,elpst_elupaigatyyp_id,integer,integer,,Elupaigatüübi ID (elupaik statistika)
EELIS/PostgREST,f_rahvalad_elupaikstat,elupaigatyyp_kood,string,text,,Elupaigatüübi kood
EELIS/PostgREST,f_rahvalad_elupaikstat,elupaigatyyp_selg,string,text,,Elupaigatüübi selgitus
EELIS/PostgREST,f_rahvalad_elupaikstat,elupaigatyyp_grupp,string,text,,Elupaigatüübi grupp
EELIS/PostgREST,f_rahvalad_elupaikstat,elupaigatyyp_grupp_selg,string,text,,Elupaigatüübi grupp selgitus
EELIS/PostgREST,f_rahvalad_elupaikstat,elupaigatyyp_staatus,string,text,,Staatus
EELIS/PostgREST,f_rahvalad_elupaikstat,elupaigatyyp_staatus_selg,string,text,,Staatuse selgitus
EELIS/PostgREST,f_rahvalad_elupaikstat,elupst_pindala_alal,number,double precision,,Pindala alal (elupaik statistika)
EELIS/PostgREST,f_rahvalad_elupaikstat,elupst_pindala_alal_prots,number,double precision,,Pindala alal %
EELIS/PostgREST,f_rahvalad_elupaikstat,elupst_pindala_eesti_suhtes,string,text,,Pindala eesti suhtes kood
EELIS/PostgREST,f_rahvalad_elupaikstat,elupst_pindala_e_suhtes_selg,string,text,,Pindala eesti suhtes
EELIS/PostgREST,f_rahvalad_elupaikstat,elupst_koopad,integer,integer,,Koopad (elupaik statistika)
EELIS/PostgREST,f_rahvalad_elupaikstat,elupst_esinduslikkus,string,text,,Esinduslikkus kood (elupaik statistika)
EELIS/PostgREST,f_rahvalad_elupaikstat,elupst_esinduslikkus_selg,string,text,,
EELIS/PostgREST,f_rahvalad_elupaikstat,elupst_kaitse,string,text,,Kaitse kood (elupaik statistika)
EELIS/PostgREST,f_rahvalad_elupaikstat,elupst_kaitse_selg,string,text,,Kaitse (elupaik statistika)
EELIS/PostgREST,f_rahvalad_elupaikstat,elupst_hinnang,string,text,,Hinnang kood (elupaik statistika)
EELIS/PostgREST,f_rahvalad_elupaikstat,elupst_hinnang_selg,string,text,,Hinnang (elupaik statistika)
EELIS/PostgREST,f_rahvalad_elupaikstat,elupst_andmekvaliteet,string,text,,Andmekvaliteet (elupaik statistika)
EELIS/PostgREST,f_rahvalad_elupaikstat,elupst_andmekval_selg,string,text,,Andmekvaliteet selgitus (elupaik statistika)
EELIS/PostgREST,f_rahvalad_elupaikstat,elupst_muut_aeg,string,timestamp without time zone,,Viimase muutmise aeg (elupaik stat.)
EELIS/PostgREST,f_rahvalad_elupaikstat,elupst_on_endine,boolean,boolean,,On endine
EELIS/PostgREST,f_rahvalad_invmojutegur,invemojut_id,integer,integer,,Mõjuteguri ID
EELIS/PostgREST,f_rahvalad_invmojutegur,rahvala_id,integer,integer,,Rahvala ID  Note: This is a Foreign Key to `f_rahvalad.id`.<fk table='f_rahvalad' column='id'/>
EELIS/PostgREST,f_rahvalad_invmojutegur,paiknemine,string,text,,Mõjuteguri paiknemine
EELIS/PostgREST,f_rahvalad_invmojutegur,invmojut_paiknemine_selg,string,text,,Mõjuteguri paiknemine selgitus
EELIS/PostgREST,f_rahvalad_invmojutegur,mojutegur,string,text,,Mõjutegur
EELIS/PostgREST,f_rahvalad_invmojutegur,invmojut_mojutegur_selg,string,text,,Mõjuteguri selgitus
EELIS/PostgREST,f_rahvalad_invmojutegur,tugevus,string,text,,Mõjuteguri tugevus
EELIS/PostgREST,f_rahvalad_invmojutegur,invmojut_tugevus_selg,string,text,,Mõjuteguri tugevuse selgitus
EELIS/PostgREST,f_rahvalad_invmojutegur,toime,string,text,,Mõjuteguri toime
EELIS/PostgREST,f_rahvalad_invmojutegur,invmojut_toime_selg,string,text,,Mõjuteguri toime selgitus
EELIS/PostgREST,f_rahvalad_invmojutegur,protsent,integer,integer,,Mõjuteguri protsent
EELIS/PostgREST,f_rahvalad_invmojutegur,invmojutegur_muut_aeg,string,timestamp without time zone,,Viimase muutmise aeg (invmojutegur)
EELIS/PostgREST,f_rahvalad_kandealus,kand_id,integer,integer,,Kandealus ID
EELIS/PostgREST,f_rahvalad_kandealus,kand_kood,string,text,,Kandealus kood
EELIS/PostgREST,f_rahvalad_kandealus,kand_tyyp,string,text,,Kandealus tüüp
EELIS/PostgREST,f_rahvalad_kandealus,kand_tyyp_selg,string,text,,Kandealus tüüp selgitus
EELIS/PostgREST,f_rahvalad_kandealus,kand_nimi,string,text,,Kandealus nimi
EELIS/PostgREST,f_rahvalad_kandealus,kand_obj_tyyp,string,text,,Objekti tüüp (kandealus)
EELIS/PostgREST,f_rahvalad_kandealus,kand_obj_tyyp_selg,string,text,,Objekti tüüp selgitus (kandealus)
EELIS/PostgREST,f_rahvalad_kandealus,kand_kpv,string,timestamp without time zone,,Kandealus kuupäev
EELIS/PostgREST,f_rahvalad_kandealus,kand_alusdok_id,integer,integer,,Alusdokumendi ID 
EELIS/PostgREST,f_rahvalad_kandealus,kand_alusdok_nimi,string,text,,Alusdokumendi nimi
EELIS/PostgREST,f_rahvalad_kandealus,kand_alusdok_alg_kehtib,string,timestamp without time zone,,Alusdokumendi kehtib alates kuupäev
EELIS/PostgREST,f_rahvalad_kandealus,kand_aruanne_id,integer,integer,,Aruanne
EELIS/PostgREST,f_rahvalad_kandealus,kand_aruanne_nimi,string,text,,Aruande nimi
EELIS/PostgREST,f_rahvalad_kandealus,kand_aruanne_aasta,integer,integer,,Aruande aasta
EELIS/PostgREST,f_rahvalad_kandealus,kand_esitamise_viis,string,text,,Esitamise viis
EELIS/PostgREST,f_rahvalad_kandealus,kand_esit_viis_selg,string,text,,Esitamise viis selgitus
EELIS/PostgREST,f_rahvalad_kandealus,kand_dok_kpv,string,timestamp without time zone,,Kandealus dokumendi kuupäev
EELIS/PostgREST,f_rahvalad_kandealus,kand_tx_lisainfo,string,text,,Lisainfo (kandealus)
EELIS/PostgREST,f_rahvalad_kandealus,kand_muut_aeg,string,timestamp without time zone,,Viimase muutmise aeg (kandealus)
EELIS/PostgREST,f_rahvalad_kandealus,rahvala_id,integer,integer,,Rahvala ID  Note: This is a Foreign Key to `f_rahvalad.id`.<fk table='f_rahvalad' column='id'/>
EELIS/PostgREST,f_rahvalad_lkohtstat,lkohtst_id,integer,integer,,Leiukoht stat. ID
EELIS/PostgREST,f_rahvalad_lkohtstat,lkohtst_tyyp,string,text,,Leiukoha statistika versioon
EELIS/PostgREST,f_rahvalad_lkohtstat,lkohtst_tyyp_selg,string,text,,Leiukoha statistika versiooni selgitus
EELIS/PostgREST,f_rahvalad_lkohtstat,lkohtst_obj_id,integer,integer,,Rahvala ID (leiukoht stat)  Note: This is a Foreign Key to `f_rahvalad.id`.<fk table='f_rahvalad' column='id'/>
EELIS/PostgREST,f_rahvalad_lkohtstat,lkohtst_lnim_id,integer,integer,,Liigi ID (leiukoht stat)
EELIS/PostgREST,f_rahvalad_lkohtstat,ladnimi,string,text,,Liigi ladina k nimetus
EELIS/PostgREST,f_rahvalad_lkohtstat,estnimi,string,text,,Liigi eesti k nimetus
EELIS/PostgREST,f_rahvalad_lkohtstat,ryhm,string,text,,Leiukoha liigi rühm
EELIS/PostgREST,f_rahvalad_lkohtstat,ryhm_selg,string,text,,Leiukoha liigi rühma seletus
EELIS/PostgREST,f_rahvalad_lkohtstat,kaitsekategooria,string,text,,Leiukoha liigi katisekategooria
EELIS/PostgREST,f_rahvalad_lkohtstat,kaitsekategooria_selg,string,text,,Leiukoha liigi kaitsekategooria selgitus
EELIS/PostgREST,f_rahvalad_lkohtstat,tyyp,string,text,,Liigi tüüp
EELIS/PostgREST,f_rahvalad_lkohtstat,liigi_tyyp_selg,string,text,,Liigi tüübi selgitus
EELIS/PostgREST,f_rahvalad_lkohtstat,voorliik_tyyp,string,text,,Liigi võõrliigi tüüp
EELIS/PostgREST,f_rahvalad_lkohtstat,voorliik_tyyp_selg,string,text,,Liigi võõrliigi tüübi selgitus
EELIS/PostgREST,f_rahvalad_lkohtstat,on_dir_liik,boolean,boolean,,Eesmärgiks olev liik
EELIS/PostgREST,f_rahvalad_lkohtstat,arvukus_tyyp,string,text,,Arvukuse tüüp kood
EELIS/PostgREST,f_rahvalad_lkohtstat,arvukus_tyyp_selg,string,text,,Arvukuse tüüp
EELIS/PostgREST,f_rahvalad_lkohtstat,arvukus_min,integer,integer,,min
EELIS/PostgREST,f_rahvalad_lkohtstat,arvukus_max,integer,integer,,max
EELIS/PostgREST,f_rahvalad_lkohtstat,arvukus_yhik,string,text,,Arvukuse ühik kood
EELIS/PostgREST,f_rahvalad_lkohtstat,arvukus_yhik_selg,string,text,,Arvukuse ühik
EELIS/PostgREST,f_rahvalad_lkohtstat,arvukus_kategooria,string,text,,Kategooria kood
EELIS/PostgREST,f_rahvalad_lkohtstat,arvukus_kategooria_selg,string,text,,Kategooria
EELIS/PostgREST,f_rahvalad_lkohtstat,arvukus_olulisus,string,text,,Olulisus kood
EELIS/PostgREST,f_rahvalad_lkohtstat,arvukus_olulisus_selg,string,text,,Olulisus
EELIS/PostgREST,f_rahvalad_lkohtstat,lkohtst_kaitse,string,text,,Kaitse kood (leiukoht stat)
EELIS/PostgREST,f_rahvalad_lkohtstat,lkohtst_kaitse_selg,string,text,,Kaitse (leiukoht stat)
EELIS/PostgREST,f_rahvalad_lkohtstat,eraldatus,string,text,,Eraldatus kood
EELIS/PostgREST,f_rahvalad_lkohtstat,eraldatus_selg,string,text,,Eraldatus
EELIS/PostgREST,f_rahvalad_lkohtstat,vaartus,string,text,,Väärtus kood
EELIS/PostgREST,f_rahvalad_lkohtstat,vaartus_selg,string,text,,Väärtus
EELIS/PostgREST,f_rahvalad_lkohtstat,lkohtst_andmekvaliteet,string,text,,Andmekvalitet kood (leiukoht stat)
EELIS/PostgREST,f_rahvalad_lkohtstat,lkohtst_andmekvaliteet_selg,string,text,,Andmekvalitet (leiukoht stat)
EELIS/PostgREST,f_rahvalad_lkohtstat,pohjendus,string,text,,Põhjendus kood
EELIS/PostgREST,f_rahvalad_lkohtstat,pohjendus_selg,string,text,,Põhjendus
EELIS/PostgREST,f_rahvalad_lkohtstat,lkohtst_muutaeg,string,timestamp without time zone,,Viimase muutmise aeg (leiukoht stat)
EELIS/PostgREST,f_rahvalad_lkohtstat,lkohtst_on_endine,boolean,boolean,,On endine
EELIS/PostgREST,f_rahvalad_lnim,id,integer,integer,,Liigi id
EELIS/PostgREST,f_rahvalad_lnim,ladnimi,string,text,,Liigi ladina k nimetus
EELIS/PostgREST,f_rahvalad_lnim,estnimi,string,text,,Liigi eesti k nimetus
EELIS/PostgREST,f_rahvalad_lnim,ryhm,string,text,,Leiukoha liigi rühm
EELIS/PostgREST,f_rahvalad_lnim,ryhm_selg,string,text,,Leiukoha liigi rühma seletus
EELIS/PostgREST,f_rahvalad_lnim,kaitsekategooria,string,text,,Leiukoha liigi katisekategooria
EELIS/PostgREST,f_rahvalad_lnim,kaitsekategooria_selg,string,text,,Leiukoha liigi kaitsekategooria selgitus
EELIS/PostgREST,f_rahvalad_lnim,tyyp,string,text,,Liigi tüüp
EELIS/PostgREST,f_rahvalad_lnim,liigi_tyyp_selg,string,text,,Liigi tüübi selgitus
EELIS/PostgREST,f_rahvalad_lnim,voorliik_tyyp,string,text,,Liigi võõrliigi tüüp
EELIS/PostgREST,f_rahvalad_lnim,voorliik_tyyp_selg,string,text,,Liigi võõrliigi tüübi selgitus
EELIS/PostgREST,f_rahvalad_lnim,linnudirektiiv_kood,string,text,,Linnudirektiiv
EELIS/PostgREST,f_rahvalad_lnim,linnudirektiiv_selg,string,text,,Linnudirektiiv seletus
EELIS/PostgREST,f_rahvalad_lnim,loodusdirketiiv_kood,string,text,,Loodusdirektiiv
EELIS/PostgREST,f_rahvalad_lnim,loodusdirektiiv_selg,string,text,,Loodusdirektiiv seletus
EELIS/PostgREST,f_rahvalad_lnim,rahvala_id,integer,integer,,Rahvusvahelise tähtsusega ala ID  Note: This is a Foreign Key to `f_rahvalad.id`.<fk table='f_rahvalad' column='id'/>
EELIS/PostgREST,f_reoveealad,id,integer,integer,jah,Id  Note: This is a Primary Key.<pk/>
EELIS/PostgREST,f_reoveealad,id_text,string,text,,ID kood tekst väljatüübina
EELIS/PostgREST,f_reoveealad,nimi,string,text,,Nimi
EELIS/PostgREST,f_reoveealad,staatus,string,text,,Reoveekogumisala olukord
EELIS/PostgREST,f_reoveealad,staatus_selg,string,text,,Reoveekogumisala olukord selgitus
EELIS/PostgREST,f_reoveealad,kkr_kood,string,text,,KKR kood
EELIS/PostgREST,f_reoveealad,keht_staatus,string,text,,Kehtivuse staatus
EELIS/PostgREST,f_reoveealad,kood,string,text,,Kood
EELIS/PostgREST,f_reoveealad,tyyp,string,text,,Tüüp
EELIS/PostgREST,f_reoveealad,tyyp_selg,string,text,,Tüüp selgitus
EELIS/PostgREST,f_reoveealad,kaitstus,string,text,,Põhjavee kaitstus
EELIS/PostgREST,f_reoveealad,kaitstus_selg,string,text,,Põhjavee kaitstus selgitus
EELIS/PostgREST,f_reoveealad,koormus,number,double precision,,Koormus (ie)
EELIS/PostgREST,f_reoveealad,koormus_elanik,number,double precision,,RKA elanike koormus (ie)
EELIS/PostgREST,f_reoveealad,koormus_asutus,number,double precision,,RKA asutuste koormus (ie)
EELIS/PostgREST,f_reoveealad,koormus_ettevote,number,double precision,,Ettevõtete reostuskoormus (ie)
EELIS/PostgREST,f_reoveealad,koormus_toostus,number,double precision,,Tööstuslik reostuskoormus (ie)
EELIS/PostgREST,f_reoveealad,pindala,number,double precision,,Pindala (ha)
EELIS/PostgREST,f_reoveealad,elanikke,integer,integer,,Elanikke
EELIS/PostgREST,f_reoveealad,koormus_ie_ha,number,double precision,,Koormus (ie/ha)
EELIS/PostgREST,f_reoveealad,koormus_tyyp,string,text,,Koormuse arvutuse tüüp
EELIS/PostgREST,f_reoveealad,koormus_tyyp_selg,string,text,,Koormuse arvutuse tüüp selgitus
EELIS/PostgREST,f_reoveealad,tx_lisainfo,string,text,,Lisainfo
EELIS/PostgREST,f_reoveealad,kesk_x,number,double precision,,Reoveeala keskpunkti X-koordinaat
EELIS/PostgREST,f_reoveealad,kesk_y,number,double precision,,Reoveeala keskpunkti Y-koordinaat
EELIS/PostgREST,f_reoveealad,muut_staatus,string,text,,Menetlusfaas
EELIS/PostgREST,f_reoveealad,muut_staatus_selg,string,text,,Menetlusfaas selgitus
EELIS/PostgREST,f_reoveealad,muut_aeg,string,timestamp without time zone,,Muutmise aeg
EELIS/PostgREST,f_reoveealad,ehak_tekst,string,text,,EHAK koondinfo
EELIS/PostgREST,f_reoveealad,ehak_kood1,string,text,,EHAK kood maakond
EELIS/PostgREST,f_reoveealad,ehak_kood2,string,text,,EHAK kood vald
EELIS/PostgREST,f_reoveealad,ehak_kood3,string,text,,EHAK alamtase
EELIS/PostgREST,f_reoveealad_dok,dok_id,integer,integer,,Dok ID
EELIS/PostgREST,f_reoveealad_dok,dok_kood,string,text,,Dok kood
EELIS/PostgREST,f_reoveealad_dok,dok_tyyp,string,text,,Dok tüüp
EELIS/PostgREST,f_reoveealad_dok,dok_tyyp_selg,string,text,,Dok tüüp selgitus
EELIS/PostgREST,f_reoveealad_dok,dok_number,string,text,,Dokumendi number
EELIS/PostgREST,f_reoveealad_dok,dok_pealkiri,string,text,,Dokumendi pealkiri
EELIS/PostgREST,f_reoveealad_dok,dok_alg_kehtib,string,timestamp without time zone,,Dokument kehtib alates kp
EELIS/PostgREST,f_reoveealad_dok,dok_alg_kp,string,timestamp without time zone,,Dokument algus kp
EELIS/PostgREST,f_reoveealad_dok,dok_lopp_kp,string,timestamp without time zone,,Dokument lõpp kp
EELIS/PostgREST,f_reoveealad_dok,dok_url,string,text,,Dok URL
EELIS/PostgREST,f_reoveealad_dok,dok_alus_dok_id,integer,integer,,Alus dok ID
EELIS/PostgREST,f_reoveealad_dok,dok_muut_aeg,string,timestamp without time zone,,Viimase muutmise aeg (dok)
EELIS/PostgREST,f_reoveealad_dok,reoveeala_id,integer,integer,,Reoveeala ID  Note: This is a Foreign Key to `f_reoveealad.id`.<fk table='f_reoveealad' column='id'/>
EELIS/PostgREST,f_reoveealad_dok,on_linnuala_kohta,integer,integer,,Kas tegemis on linnualaga
EELIS/PostgREST,f_reoveealad_ehak,id,integer,integer,,EHAK ID
EELIS/PostgREST,f_reoveealad_ehak,ehak_kood,string,text,,EHAK kood
EELIS/PostgREST,f_reoveealad_ehak,ehak_nimi,string,text,,EHAK nimi
EELIS/PostgREST,f_reoveealad_ehak,ehak_rnimi,string,text,,EHAK rööpnimi
EELIS/PostgREST,f_reoveealad_ehak,vald,string,text,,Vald nimi
EELIS/PostgREST,f_reoveealad_ehak,maa,string,text,,Maakond nimi
EELIS/PostgREST,f_reoveealad_ehak,tyyp,string,text,,EHAK tase
EELIS/PostgREST,f_reoveealad_ehak,ehak_tyyp_selg,string,text,,EHAK tase selgitus
EELIS/PostgREST,f_reoveealad_ehak,ehak_parent,string,text,,EHAK kõrgema taseme kood
EELIS/PostgREST,f_reoveealad_ehak,ehak_muut_aeg,string,timestamp without time zone,,Viimase muudatuse aeg (EHAK)
EELIS/PostgREST,f_reoveealad_ehak,reoveeala_id,integer,integer,,Reoveeala ID  Note: This is a Foreign Key to `f_reoveealad.id`.<fk table='f_reoveealad' column='id'/>
EELIS/PostgREST,f_reoveealad_fjisik,fjsik_seos_id,integer,integer,,Fjisik seose ID
EELIS/PostgREST,f_reoveealad_fjisik,fjsik_id,integer,integer,,ID
EELIS/PostgREST,f_reoveealad_fjisik,kood,string,text,,äriregistri kood
EELIS/PostgREST,f_reoveealad_fjisik,nimetus,string,text,,Nimetus
EELIS/PostgREST,f_reoveealad_fjisik,reoveeala_id,integer,integer,,Reoveeala id   Note: This is a Foreign Key to `f_reoveealad.id`.<fk table='f_reoveealad' column='id'/>
EELIS/PostgREST,f_reoveealad_fjisik,ala_id,integer,integer,,Ala id
EELIS/PostgREST,f_reoveealad_kandealus,kand_id,integer,integer,,Kandealus ID
EELIS/PostgREST,f_reoveealad_kandealus,kand_kood,string,text,,Kandealus kood
EELIS/PostgREST,f_reoveealad_kandealus,kand_tyyp,string,text,,Kandealus tüüp
EELIS/PostgREST,f_reoveealad_kandealus,kand_tyyp_selg,string,text,,Kandealus tüüp selgitus
EELIS/PostgREST,f_reoveealad_kandealus,kand_nimi,string,text,,Kandealus nimi
EELIS/PostgREST,f_reoveealad_kandealus,kand_obj_tyyp,string,text,,Objekti tüüp (kandealus)
EELIS/PostgREST,f_reoveealad_kandealus,kand_obj_tyyp_selg,string,text,,Objekti tüüp selgitus (kandealus)
EELIS/PostgREST,f_reoveealad_kandealus,kand_kpv,string,timestamp without time zone,,Kandealus kuupäev
EELIS/PostgREST,f_reoveealad_kandealus,kand_alusdok_id,integer,integer,,Alusdokumendi ID 
EELIS/PostgREST,f_reoveealad_kandealus,kand_alusdok_nimi,string,text,,Alusdokumendi nimi
EELIS/PostgREST,f_reoveealad_kandealus,kand_alusdok_alg_kehtib,string,timestamp without time zone,,Alusdokumendi kehtib alates kuupäev
EELIS/PostgREST,f_reoveealad_kandealus,kand_aruanne_id,integer,integer,,Aruanne
EELIS/PostgREST,f_reoveealad_kandealus,kand_aruanne_nimi,string,text,,Aruande nimi
EELIS/PostgREST,f_reoveealad_kandealus,kand_aruanne_aasta,integer,integer,,Aruande aasta
EELIS/PostgREST,f_reoveealad_kandealus,kand_esitamise_viis,string,text,,Esitamise viis
EELIS/PostgREST,f_reoveealad_kandealus,kand_esit_viis_selg,string,text,,Esitamise viis selgitus
EELIS/PostgREST,f_reoveealad_kandealus,kand_dok_kpv,string,timestamp without time zone,,Kandealus dokumendi kuupäev
EELIS/PostgREST,f_reoveealad_kandealus,kand_tx_lisainfo,string,text,,Lisainfo (kandealus)
EELIS/PostgREST,f_reoveealad_kandealus,kand_muut_aeg,string,timestamp without time zone,,Viimase muutmise aeg (kandealus)
EELIS/PostgREST,f_reoveealad_kandealus,reoveeala_id,integer,integer,,Reoveeala ID  Note: This is a Foreign Key to `f_reoveealad.id`.<fk table='f_reoveealad' column='id'/>
EELIS/PostgREST,f_reoveealad_kirjandus,kirj_seose_id,integer,integer,,Kirjandus seose ID
EELIS/PostgREST,f_reoveealad_kirjandus,kirj_id,integer,integer,,Kirjandus ID
EELIS/PostgREST,f_reoveealad_kirjandus,tyyp,string,text,,Tüüp
EELIS/PostgREST,f_reoveealad_kirjandus,kirjandus_tyyp_selg,string,text,,Kirjandus tüübi selgitus
EELIS/PostgREST,f_reoveealad_kirjandus,kuulub_id,integer,integer,,Kuulub
EELIS/PostgREST,f_reoveealad_kirjandus,kirj_nimi_sari,string,text,,Sarja nimi
EELIS/PostgREST,f_reoveealad_kirjandus,kirj_nimi,string,text,,Teose nimi
EELIS/PostgREST,f_reoveealad_kirjandus,kirj_artikkel,string,text,,Artikkel
EELIS/PostgREST,f_reoveealad_kirjandus,kirj_tx_viide,string,text,,Kirjanduse viide
EELIS/PostgREST,f_reoveealad_kirjandus,kirj_autor,string,text,,Teose autor
EELIS/PostgREST,f_reoveealad_kirjandus,kirj_fjisik_nimi,string,text,,Autori ees- ja perekonnanimi
EELIS/PostgREST,f_reoveealad_kirjandus,kirj_fjisik_nimetus,string,text,,Nimetus
EELIS/PostgREST,f_reoveealad_kirjandus,valjaandja,string,text,,Teose väljaandja
EELIS/PostgREST,f_reoveealad_kirjandus,valjaandja_id,integer,integer,,Teose väljaandja ID
EELIS/PostgREST,f_reoveealad_kirjandus,aeg_kp,string,timestamp without time zone,,Avaldamise kuupäev (kirjandus)
EELIS/PostgREST,f_reoveealad_kirjandus,kirj_aeg_aasta,integer,integer,,Avaldamise aasta (kirjandus)
EELIS/PostgREST,f_reoveealad_kirjandus,aeg_kuu,integer,integer,,Avaldamise kuu (kirjandus)
EELIS/PostgREST,f_reoveealad_kirjandus,teema,string,text,,Kirjanduse teemad
EELIS/PostgREST,f_reoveealad_kirjandus,url,string,text,,Kirjanduse link
EELIS/PostgREST,f_reoveealad_kirjandus,tx_kirjeldus,string,text,,Teose kirjeldus
EELIS/PostgREST,f_reoveealad_kirjandus,tx_litsents,string,text,,Teose litsents
EELIS/PostgREST,f_reoveealad_kirjandus,sisu_tyyp,string,text,,Sisu tüüp
EELIS/PostgREST,f_reoveealad_kirjandus,sisu_tyyp_selg,string,text,,Sisu tüübi selgitus
EELIS/PostgREST,f_reoveealad_kirjandus,tx_sisu,string,text,,Kirjanduse sisu
EELIS/PostgREST,f_reoveealad_kirjandus,kirj_muut_aeg,string,timestamp without time zone,,Viimase muutmise aeg (kirjandus)
EELIS/PostgREST,f_reoveealad_kirjandus,reoveeala_id,integer,integer,,Reoveeala ID  Note: This is a Foreign Key to `f_reoveealad.id`.<fk table='f_reoveealad' column='id'/>
EELIS/PostgREST,f_reoveealad_koormus,rva_koormus_id,integer,integer,,Reoveeala koormus id
EELIS/PostgREST,f_reoveealad_koormus,reoveeala_id,integer,integer,,Reoveeala ID  Note: This is a Foreign Key to `f_reoveealad.id`.<fk table='f_reoveealad' column='id'/>
EELIS/PostgREST,f_reoveealad_koormus,rva_koormus_tyyp,string,text,,Reoveeala kormuse tüüp
EELIS/PostgREST,f_reoveealad_koormus,rva_koormus_tyyp_selg,string,text,,Reoveeala kormuse tüüp selgitus
EELIS/PostgREST,f_reoveealad_koormus,koormus,number,double precision,,Koormus
EELIS/PostgREST,f_reoveealad_koormus,aasta,integer,integer,,Aasta
EELIS/PostgREST,f_reoveealad_koormus,rva_kormus_muut_aeg,string,timestamp without time zone,,Muutmise aeg
EELIS/PostgREST,f_reoveealad_puhasti,id,integer,integer,,ID
EELIS/PostgREST,f_reoveealad_puhasti,helcom_kood,string,text,,HELCOM PLC kood
EELIS/PostgREST,f_reoveealad_puhasti,tyyp,string,text,,Tüüp
EELIS/PostgREST,f_reoveealad_puhasti,puh_tyyp_selg,string,text,,Tüüp selgitus
EELIS/PostgREST,f_reoveealad_puhasti,nimi,string,text,,Nimi
EELIS/PostgREST,f_reoveealad_puhasti,keht_staatus,string,text,,Kehtivuse staatus
EELIS/PostgREST,f_reoveealad_puhasti,staatus,string,text,,Staatuse kood
EELIS/PostgREST,f_reoveealad_puhasti,puh_staatus_selg,string,text,,Staatus
EELIS/PostgREST,f_reoveealad_puhasti,lopp_aasta,integer,integer,,Kasutuse lõppaasta
EELIS/PostgREST,f_reoveealad_puhasti,kkr_kood,string,text,,KKR kood
EELIS/PostgREST,f_reoveealad_puhasti,ehak_id,integer,integer,,Kohanimi
EELIS/PostgREST,f_reoveealad_puhasti,puh_tyyp,string,text,,Puhastamise tüüp
EELIS/PostgREST,f_reoveealad_puhasti,puhasti_puh_tyyp_selg,string,text,,Puhastamise tüübi selgitus
EELIS/PostgREST,f_reoveealad_puhasti,puh_mark,string,text,,Puhasti tüübi täpsustus (mark)
EELIS/PostgREST,f_reoveealad_puhasti,jarelpuh_tyyp,string,text,,Järelpuhasti tüüp
EELIS/PostgREST,f_reoveealad_puhasti,meetod,string,text,,Meetod
EELIS/PostgREST,f_reoveealad_puhasti,pindala,number,double precision,,Mahuti pindala (m²)
EELIS/PostgREST,f_reoveealad_puhasti,joudlus_hyd,number,double precision,,Projekteeritud päevane hüd. jõudlus (m³/d)
EELIS/PostgREST,f_reoveealad_puhasti,joudlus_hydarvut,number,double precision,,Hüd. jõudlus arvutuslik (m3/d)
EELIS/PostgREST,f_reoveealad_puhasti,joudlus_projkoorm,number,double precision,,Jõudlus proj. koormuse järgi (kg BHT7/d)
EELIS/PostgREST,f_reoveealad_puhasti,joudlus_projkoormh,number,double precision,,Projekteeritud maksimaalne jõudlus (m³/h)
EELIS/PostgREST,f_reoveealad_puhasti,joudlus_arvkoorm,number,double precision,,Jõudlus arvut. koormuse järgi (kg BHT7/d)
EELIS/PostgREST,f_reoveealad_puhasti,joudlus_proj,integer,integer,,Jõudlus projekti järgi (ie)
EELIS/PostgREST,f_reoveealad_puhasti,koormus_ie,integer,integer,,Puhasti koormus (ie)
EELIS/PostgREST,f_reoveealad_puhasti,on_arast_p,boolean,boolean,,On P ärastamine
EELIS/PostgREST,f_reoveealad_puhasti,arast_p_meetod,string,text,,P ärastamise meetod
EELIS/PostgREST,f_reoveealad_puhasti,on_arast_n,boolean,boolean,,On N ärastamine
EELIS/PostgREST,f_reoveealad_puhasti,arast_n_meetod,string,text,,N ärastamise meetod
EELIS/PostgREST,f_reoveealad_puhasti,koagulant,string,text,,Koagulant
EELIS/PostgREST,f_reoveealad_puhasti,puhast_aste,string,text,,Puhastamise aste
EELIS/PostgREST,f_reoveealad_puhasti,puhad_aste_selg,string,text,,Puhastamise aste selgitus
EELIS/PostgREST,f_reoveealad_puhasti,kuuluvus,string,text,,Kuuluvus
EELIS/PostgREST,f_reoveealad_puhasti,puh_kuuluvus_selg,string,text,,Kuuluvuse selgitus
EELIS/PostgREST,f_reoveealad_puhasti,kesk_x,number,double precision,,Tsentroidi x-koordinaat LEST97
EELIS/PostgREST,f_reoveealad_puhasti,kesk_y,number,double precision,,Tsentroidi y-koordinaat LEST97
EELIS/PostgREST,f_reoveealad_puhasti,muut_aeg,string,timestamp without time zone,,Viimase muutmise aeg
EELIS/PostgREST,f_reoveealad_puhasti,ehak_tekst,string,text,,EHAK koondinfo
EELIS/PostgREST,f_reoveealad_puhasti,ehak_kood1,string,text,,EHAK kood maakond
EELIS/PostgREST,f_reoveealad_puhasti,ehak_kood2,string,text,,EHAK kood vald
EELIS/PostgREST,f_reoveealad_puhasti,ehak_kood3,string,text,,EHAK alamtase
EELIS/PostgREST,f_reoveealad_puhasti,reoveeala_id,integer,integer,,Reoveeala ID  Note: This is a Foreign Key to `f_reoveealad.id`.<fk table='f_reoveealad' column='id'/>
EELIS/PostgREST,f_reoveealad_veekogum,id,integer,integer,,Id
EELIS/PostgREST,f_reoveealad_veekogum,kood,string,text,,Kood
EELIS/PostgREST,f_reoveealad_veekogum,kood_cd,string,text,,EL kood
EELIS/PostgREST,f_reoveealad_veekogum,nimi,string,text,,Nimi
EELIS/PostgREST,f_reoveealad_veekogum,lyhend,string,text,,Lühinimi
EELIS/PostgREST,f_reoveealad_veekogum,tyyp,string,text,,Kategooria
EELIS/PostgREST,f_reoveealad_veekogum,tyyp_selg,string,text,,Kategooria selgitus
EELIS/PostgREST,f_reoveealad_veekogum,alamkategooria,string,text,,Alamkategooria
EELIS/PostgREST,f_reoveealad_veekogum,alamkategooria_selg,string,text,,Alamkategooria selgitus
EELIS/PostgREST,f_reoveealad_veekogum,tmv_pohjus,string,text,,TMV määramise põhjendus
EELIS/PostgREST,f_reoveealad_veekogum,tmv_pohjus_selg,string,text,,TMV määramise põhjendus selgitus
EELIS/PostgREST,f_reoveealad_veekogum,tmv_muutused,string,text,,TMV põhjendus (füüsilised muutused)
EELIS/PostgREST,f_reoveealad_veekogum,tmv_muutused_selg,string,text,,TMV põhjendus (füüsilised muutused) selgitus
EELIS/PostgREST,f_reoveealad_veekogum,tx_tmv_info,string,text,,TMV info
EELIS/PostgREST,f_reoveealad_veekogum,vee_tyyp,string,text,,Vee tüüp
EELIS/PostgREST,f_reoveealad_veekogum,vee_tyyp_selg,string,text,,Vee tüüp selgitus
EELIS/PostgREST,f_reoveealad_veekogum,interkalibr_tyyp,string,text,,Interkalibreerimise tüüp
EELIS/PostgREST,f_reoveealad_veekogum,interkalibr_tyyp_selg,string,text,,Interkalibreerimise tüüp selgitus
EELIS/PostgREST,f_reoveealad_veekogum,paiknevus,string,text,,Paiknevus
EELIS/PostgREST,f_reoveealad_veekogum,paiknevus_selg,string,text,,Paiknevus selgitus
EELIS/PostgREST,f_reoveealad_veekogum,staatus,string,text,,Staatus
EELIS/PostgREST,f_reoveealad_veekogum,staatus_selg,string,text,,Staatus selgitus
EELIS/PostgREST,f_reoveealad_veekogum,alg_kp,string,timestamp without time zone,,Alg kp
EELIS/PostgREST,f_reoveealad_veekogum,lopp_kp,string,timestamp without time zone,,Lõpp kp
EELIS/PostgREST,f_reoveealad_veekogum,muudatused,string,text,,Muudatused
EELIS/PostgREST,f_reoveealad_veekogum,muudatused_selg,string,text,,Muudatused selgitus
EELIS/PostgREST,f_reoveealad_veekogum,veekogu_id,integer,integer,,Veekogu
EELIS/PostgREST,f_reoveealad_veekogum,veekogu_nimi,string,text,,Veekogu nimi
EELIS/PostgREST,f_reoveealad_veekogum,veekogu_kkr_kood,string,text,,Veekogu KKR kood
EELIS/PostgREST,f_reoveealad_veekogum,veekogu_tyyp,string,text,,Veekogu tüüp
EELIS/PostgREST,f_reoveealad_veekogum,veekogu_tyyp_selg,string,text,,Veekogu tüübi selgitus
EELIS/PostgREST,f_reoveealad_veekogum,veekogu_keht_staatus,string,text,,Veekogu kehtivuse staatus
EELIS/PostgREST,f_reoveealad_veekogum,paisjarv_id,integer,integer,,Paisjärv
EELIS/PostgREST,f_reoveealad_veekogum,paisjarv_nimi,string,text,,Paisjärve nimi
EELIS/PostgREST,f_reoveealad_veekogum,paisjarv_kkr_kood,string,text,,Paisjärve KKR kood
EELIS/PostgREST,f_reoveealad_veekogum,paisjarv_tyyp,string,text,,Paisjärve tüüp
EELIS/PostgREST,f_reoveealad_veekogum,paisjarv_tyyp_selg,string,text,,Paisjärve tüübi selgitus
EELIS/PostgREST,f_reoveealad_veekogum,paisjarv_keht_staatus,string,text,,Paisjärve kehtivuse staatus
EELIS/PostgREST,f_reoveealad_veekogum,veekogu_osa_nr,integer,integer,,Veekogu osa nr
EELIS/PostgREST,f_reoveealad_veekogum,pikkus,number,double precision,,Pikkus (km)
EELIS/PostgREST,f_reoveealad_veekogum,pindala,number,double precision,,Pindala (km²)
EELIS/PostgREST,f_reoveealad_veekogum,kesk_x,number,double precision,,x
EELIS/PostgREST,f_reoveealad_veekogum,kesk_y,number,double precision,,y
EELIS/PostgREST,f_reoveealad_veekogum,keht_staatus,string,text,,kehivuse staatus
EELIS/PostgREST,f_reoveealad_veekogum,muut_aeg,string,timestamp without time zone,,Muutmise aeg
EELIS/PostgREST,f_reoveealad_veekogum,reoveeala_id,integer,integer,,Reoveeala ID  Note: This is a Foreign Key to `f_reoveealad.id`.<fk table='f_reoveealad' column='id'/>
EELIS/PostgREST,f_reoveealad_veekogum_seis,id,integer,integer,,ID
EELIS/PostgREST,f_reoveealad_veekogum_seis,vkm_id,integer,integer,,Veekogum
EELIS/PostgREST,f_reoveealad_veekogum_seis,aasta,string,text,,Aasta
EELIS/PostgREST,f_reoveealad_veekogum_seis,kood,string,text,,Kood
EELIS/PostgREST,f_reoveealad_veekogum_seis,tyyp,string,text,,Tüüp
EELIS/PostgREST,f_reoveealad_veekogum_seis,vkmseis_tyyp_selg,string,text,,Tüübi selgitus
EELIS/PostgREST,f_reoveealad_veekogum_seis,staatus,string,text,,Eesmärgi saavutamine
EELIS/PostgREST,f_reoveealad_veekogum_seis,vkmseis_staatus_selg,string,text,,Eesmärgi saavutamise selgitus
EELIS/PostgREST,f_reoveealad_veekogum_seis,usaldus_kese,string,text,,KESE usaldusväärsus
EELIS/PostgREST,f_reoveealad_veekogum_seis,vkmseis_usaldus_kese_selg,string,text,,KESE usaldusväärsuse selgitus
EELIS/PostgREST,f_reoveealad_veekogum_seis,usaldus_ose,string,text,,ÖSE usaldusväärsus
EELIS/PostgREST,f_reoveealad_veekogum_seis,vkmseis_usaldus_ose_selg,string,text,,ÖSE usaldusväärsuse selgitus
EELIS/PostgREST,f_reoveealad_veekogum_seis,seis,string,text,,Koondhinnang
EELIS/PostgREST,f_reoveealad_veekogum_seis,seis_selg,string,text,,Koondhinnangu selgitus
EELIS/PostgREST,f_reoveealad_veekogum_seis,seis_ose,string,text,,ÖSE koondhinnang
EELIS/PostgREST,f_reoveealad_veekogum_seis,seis_ose_selg,string,text,,ÖSE koondhinnangu selgitus
EELIS/PostgREST,f_reoveealad_veekogum_seis,seis_kese,string,text,,KESE koondhinnang
EELIS/PostgREST,f_reoveealad_veekogum_seis,seis_kese_selg,string,text,,KESE koondhinnangu selgitus
EELIS/PostgREST,f_reoveealad_veekogum_seis,seis_hymo,string,text,,HÜMO koondhinnang
EELIS/PostgREST,f_reoveealad_veekogum_seis,seis_hymo_selg,string,text,,HÜMO koondhinnangu selgitus
EELIS/PostgREST,f_reoveealad_veekogum_seis,seis_hymo_reziim,string,text,,HÜMO hüdroloogiline režiim
EELIS/PostgREST,f_reoveealad_veekogum_seis,seis_hymo_reziim_selg,string,text,,HÜMO hüdroloogiline režiimi selgitus
EELIS/PostgREST,f_reoveealad_veekogum_seis,seis_hymo_tokestatus,string,text,,HÜMO voolusängi sidusus
EELIS/PostgREST,f_reoveealad_veekogum_seis,seis_hymo_tokestatus_selg,string,text,,HÜMO voolusängi sidususe selgitus
EELIS/PostgREST,f_reoveealad_veekogum_seis,seis_hymo_looklevus,string,text,,HÜMO morfoloogilised tingimused
EELIS/PostgREST,f_reoveealad_veekogum_seis,seis_hymo_looklevus_selg,string,text,,HÜMO morfoloogilised tingimuste selgitused
EELIS/PostgREST,f_reoveealad_veekogum_seis,seis_fyke,string,text,,FÜKE koondhinnang
EELIS/PostgREST,f_reoveealad_veekogum_seis,seis_fyke_selg,string,text,,FÜKE koondhinnangu selgitus
EELIS/PostgREST,f_reoveealad_veekogum_seis,seis_fyke_nyld,string,text,,FÜKE üldlämmastiku hinnang
EELIS/PostgREST,f_reoveealad_veekogum_seis,seis_fyke_nyld_selg,string,text,,FÜKE üldlämmastiku hinnangu selgitus
EELIS/PostgREST,f_reoveealad_veekogum_seis,seis_fyke_pyld,string,text,,FÜKE üldfosfori hinnang
EELIS/PostgREST,f_reoveealad_veekogum_seis,seis_fyke_pyld_selg,string,text,,FÜKE üldfosfori hinnangu selgitus
EELIS/PostgREST,f_reoveealad_veekogum_seis,seis_spets,string,text,,SPETS koondhinnang
EELIS/PostgREST,f_reoveealad_veekogum_seis,seis_spets_selg,string,text,,SPETS koondhinnangu selgitus
EELIS/PostgREST,f_reoveealad_veekogum_seis,seis_kala,string,text,,KALA koondhinnang
EELIS/PostgREST,f_reoveealad_veekogum_seis,seis_kala_selg,string,text,,KALA koondhinnangu selgitus
EELIS/PostgREST,f_reoveealad_veekogum_seis,seis_suse,string,text,,SUSE koondhinnang
EELIS/PostgREST,f_reoveealad_veekogum_seis,seis_suse_selg,string,text,,SUSE koondhinnangu selgitus
EELIS/PostgREST,f_reoveealad_veekogum_seis,seis_fybe,string,text,,FÜBE koondhinnang
EELIS/PostgREST,f_reoveealad_veekogum_seis,seis_fybe_selg,string,text,,FÜBE koondhinnangu selgitus
EELIS/PostgREST,f_reoveealad_veekogum_seis,seis_fypla,string,text,,FÜPLA koondhinnang
EELIS/PostgREST,f_reoveealad_veekogum_seis,seis_fypla_selg,string,text,,FÜPLA koondhinnangu selgitus
EELIS/PostgREST,f_reoveealad_veekogum_seis,seis_mafy,string,text,,MAFÜ koondhinnang
EELIS/PostgREST,f_reoveealad_veekogum_seis,seis_mafy_selg,string,text,,MAFÜ koondhinnangu slegitus
EELIS/PostgREST,f_reoveealad_veekogum_seis,seis_mafy_fybe,string,text,,MAFÜ+FÜBE koondhinnang
EELIS/PostgREST,f_reoveealad_veekogum_seis,seis_mafy_fybe_selg,string,text,,MAFÜ+FÜBE koondhinnangu selgitus
EELIS/PostgREST,f_reoveealad_veekogum_seis,ose_naitaja,string,text,,ÖSE mittehea näitaja
EELIS/PostgREST,f_reoveealad_veekogum_seis,ose_naitaja_selg,string,text,,ÖSE mittehea näitaja selgitus
EELIS/PostgREST,f_reoveealad_veekogum_seis,ose_pohjus,string,text,,ÖSE põhjus
EELIS/PostgREST,f_reoveealad_veekogum_seis,ose_pohjus_selg,string,text,,ÖSE põhjuse selgitus
EELIS/PostgREST,f_reoveealad_veekogum_seis,kese_naitaja,string,text,,KESE mittehea näitaja
EELIS/PostgREST,f_reoveealad_veekogum_seis,kese_naitaja_selg,string,text,,KESE mittehea näitaja selgitus
EELIS/PostgREST,f_reoveealad_veekogum_seis,kese_pohjus,string,text,,KESE põhjus
EELIS/PostgREST,f_reoveealad_veekogum_seis,kese_pohjus_selg,string,text,,KESE põhjuse selgitus
EELIS/PostgREST,f_reoveealad_veekogum_seis,fyke_nyld,number,numeric,,FÜKE üldlämmastik (mg/l)
EELIS/PostgREST,f_reoveealad_veekogum_seis,fyke_pyld,number,numeric,,FÜKE üldfosfor (mg/l)
EELIS/PostgREST,f_reoveealad_veekogum_seis,tx_lisainfo,string,text,,Lisainfo
EELIS/PostgREST,f_reoveealad_veekogum_seis,keht_staatus,string,text,,Kehtivuse staatus
EELIS/PostgREST,f_reoveealad_veekogum_seis,muut_staatus,string,text,,Menetlusfaas
EELIS/PostgREST,f_reoveealad_veekogum_seis,vmkseis_muut_staatus_selg,string,text,,Menetlusfaasi selgitus
EELIS/PostgREST,f_reoveealad_veekogum_seis,muut_aeg,string,timestamp without time zone,,Viimase muutmise aeg
EELIS/PostgREST,f_reoveealad_veekogum_seis,reoveeala_id,integer,integer,,Reoveeala ID  Note: This is a Foreign Key to `f_reoveealad.id`.<fk table='f_reoveealad' column='id'/>
EELIS/PostgREST,f_reoveealad_veelase,id,integer,integer,,Id
EELIS/PostgREST,f_reoveealad_veelase,kood,string,text,,Kood
EELIS/PostgREST,f_reoveealad_veelase,tyyp,string,text,,Tüüp
EELIS/PostgREST,f_reoveealad_veelase,tyyp_selg,string,text,,Tüüp selgitus
EELIS/PostgREST,f_reoveealad_veelase,nimi,string,text,,Nimi
EELIS/PostgREST,f_reoveealad_veelase,staatus,string,text,,Staatus
EELIS/PostgREST,f_reoveealad_veelase,staatus_selg,string,text,,Staatus selgitus
EELIS/PostgREST,f_reoveealad_veelase,lopp_aasta,integer,integer,,Kasutuse lõppaasta
EELIS/PostgREST,f_reoveealad_veelase,kkr_kood,string,text,,KKR kood
EELIS/PostgREST,f_reoveealad_veelase,keht_staatus,string,text,,Kehtivuse staatus
EELIS/PostgREST,f_reoveealad_veelase,ehak_id,integer,integer,,Kohanimi ID
EELIS/PostgREST,f_reoveealad_veelase,ehak_nimi,string,text,,Kohanimi
EELIS/PostgREST,f_reoveealad_veelase,veekogu_id,integer,integer,,Veekogu
EELIS/PostgREST,f_reoveealad_veelase,veekogu_selg,string,text,,veeogu nimi
EELIS/PostgREST,f_reoveealad_veelase,veekogud_kkr_kood,string,text,,Veekogu KKR kood
EELIS/PostgREST,f_reoveealad_veelase,reoveeala_id,integer,integer,,Reoveekogumisala  Note: This is a Foreign Key to `f_reoveealad.id`.<fk table='f_reoveealad' column='id'/>
EELIS/PostgREST,f_reoveealad_veelase,reoveeala_selg,string,text,,Reoveekogumisala nimi
EELIS/PostgREST,f_reoveealad_veelase,reoveeala_kkr_kood,string,text,,Reoveekogumisala KKR kood
EELIS/PostgREST,f_reoveealad_veelase,puhasti_id,integer,integer,,Puhasti
EELIS/PostgREST,f_reoveealad_veelase,puhasti_selg,string,text,,Puhasti nimi
EELIS/PostgREST,f_reoveealad_veelase,vesikond_id,integer,integer,,Vesikond
EELIS/PostgREST,f_reoveealad_veelase,vesikond_selg,string,text,,Vesikond nimi
EELIS/PostgREST,f_reoveealad_veelase,vesikond_kuulub_id,string,text,,Kuulub id(vesikond)
EELIS/PostgREST,f_reoveealad_veelase,vesikond_kuulub_nimi,string,text,,Kuulub nimi (vesikond)
EELIS/PostgREST,f_reoveealad_veelase,suudmest,integer,integer,,Kaugus suudmest m
EELIS/PostgREST,f_reoveealad_veelase,vee_kood,string,text,,Vee tüübi kood
EELIS/PostgREST,f_reoveealad_veelase,vee_kood_selg,string,text,,Vee tüübi kood selgitus
EELIS/PostgREST,f_reoveealad_veelase,on_taaskasutatav,boolean,boolean,,On taaskasutatav
EELIS/PostgREST,f_reoveealad_veelase,muut_aeg,string,timestamp without time zone,,Muutmise aeg
EELIS/PostgREST,f_reoveealad_veelase,veevark_id,integer,integer,,Veevärgi ID
EELIS/PostgREST,f_reoveealad_veelase,haldaja_id,string,text,,Veevärgi haldaja ID
EELIS/PostgREST,f_reoveealad_veelase,haldaja_kood,string,text,,Haldaja ärireg kood
EELIS/PostgREST,f_reoveealad_veelase,haldaja_selg,string,text,,Haldja nimetus
EELIS/PostgREST,f_reoveealad_veelase,kesk_x,number,double precision,,Tsentroidi x-koordinaat LEST97
EELIS/PostgREST,f_reoveealad_veelase,kesk_y,number,double precision,,Tsentroidi y-koordinaat LEST97
EELIS/PostgREST,f_reoveealad_veelase,ehak_tekst,string,text,,EHAK koondinfo
EELIS/PostgREST,f_reoveealad_veelase,ehak_kood1,string,text,,EHAK kood maakond
EELIS/PostgREST,f_reoveealad_veelase,ehak_kood2,string,text,,EHAK kood vald
EELIS/PostgREST,f_reoveealad_veelase,ehak_kood3,string,text,,EHAK alamtase
EELIS/PostgREST,f_reoveealad_vv_veelase,id,integer,integer,,Id
EELIS/PostgREST,f_reoveealad_vv_veelase,kood,string,text,,Kood
EELIS/PostgREST,f_reoveealad_vv_veelase,tyyp,string,text,,Tüüp
EELIS/PostgREST,f_reoveealad_vv_veelase,tyyp_selg,string,text,,Tüüp selgitus
EELIS/PostgREST,f_reoveealad_vv_veelase,nimi,string,text,,Nimi
EELIS/PostgREST,f_reoveealad_vv_veelase,staatus,string,text,,Staatus
EELIS/PostgREST,f_reoveealad_vv_veelase,staatus_selg,string,text,,Staatus selgitus
EELIS/PostgREST,f_reoveealad_vv_veelase,lopp_aasta,integer,integer,,Kasutuse lõppaasta
EELIS/PostgREST,f_reoveealad_vv_veelase,kkr_kood,string,text,,KKR kood
EELIS/PostgREST,f_reoveealad_vv_veelase,keht_staatus,string,text,,Kehtivuse staatus
EELIS/PostgREST,f_reoveealad_vv_veelase,ehak_id,integer,integer,,Kohanimi ID
EELIS/PostgREST,f_reoveealad_vv_veelase,ehak_nimi,string,text,,Kohanimi
EELIS/PostgREST,f_reoveealad_vv_veelase,veekogu_id,integer,integer,,Veekogu
EELIS/PostgREST,f_reoveealad_vv_veelase,veekogu_selg,string,text,,veeogu nimi
EELIS/PostgREST,f_reoveealad_vv_veelase,veekogud_kkr_kood,string,text,,Veekogu KKR kood
EELIS/PostgREST,f_reoveealad_vv_veelase,reoveeala_id,integer,integer,,Reoveekogumisala  Note: This is a Foreign Key to `f_reoveealad.id`.<fk table='f_reoveealad' column='id'/>
EELIS/PostgREST,f_reoveealad_vv_veelase,reoveeala_selg,string,text,,Reoveekogumisala nimi
EELIS/PostgREST,f_reoveealad_vv_veelase,reoveeala_kkr_kood,string,text,,Reoveekogumisala KKR kood
EELIS/PostgREST,f_reoveealad_vv_veelase,puhasti_id,integer,integer,,Puhasti
EELIS/PostgREST,f_reoveealad_vv_veelase,puhasti_selg,string,text,,Puhasti nimi
EELIS/PostgREST,f_reoveealad_vv_veelase,vesikond_id,integer,integer,,Vesikond
EELIS/PostgREST,f_reoveealad_vv_veelase,vesikond_selg,string,text,,Vesikond nimi
EELIS/PostgREST,f_reoveealad_vv_veelase,vesikond_kuulub_id,string,text,,Kuulub id(vesikond)
EELIS/PostgREST,f_reoveealad_vv_veelase,vesikond_kuulub_nimi,string,text,,Kuulub nimi (vesikond)
EELIS/PostgREST,f_reoveealad_vv_veelase,suudmest,integer,integer,,Kaugus suudmest m
EELIS/PostgREST,f_reoveealad_vv_veelase,vee_kood,string,text,,Vee tüübi kood
EELIS/PostgREST,f_reoveealad_vv_veelase,vee_kood_selg,string,text,,Vee tüübi kood selgitus
EELIS/PostgREST,f_reoveealad_vv_veelase,on_taaskasutatav,boolean,boolean,,On taaskasutatav
EELIS/PostgREST,f_reoveealad_vv_veelase,muut_aeg,string,timestamp without time zone,,Muutmise aeg
EELIS/PostgREST,f_reoveealad_vv_veelase,veevark_id,integer,integer,,Veevärgi ID
EELIS/PostgREST,f_reoveealad_vv_veelase,haldaja_id,string,text,,Veevärgi haldaja ID
EELIS/PostgREST,f_reoveealad_vv_veelase,haldaja_kood,string,text,,Haldaja ärireg kood
EELIS/PostgREST,f_reoveealad_vv_veelase,haldaja_selg,string,text,,Haldja nimetus
EELIS/PostgREST,f_reoveealad_vv_veelase,kesk_x,number,double precision,,Tsentroidi x-koordinaat LEST97
EELIS/PostgREST,f_reoveealad_vv_veelase,kesk_y,number,double precision,,Tsentroidi y-koordinaat LEST97
EELIS/PostgREST,f_reoveealad_vv_veelase,ehak_tekst,string,text,,EHAK koondinfo
EELIS/PostgREST,f_reoveealad_vv_veelase,ehak_kood1,string,text,,EHAK kood maakond
EELIS/PostgREST,f_reoveealad_vv_veelase,ehak_kood2,string,text,,EHAK kood vald
EELIS/PostgREST,f_reoveealad_vv_veelase,ehak_kood3,string,text,,EHAK alamtase
EELIS/PostgREST,f_rongastused,vaatlus_platvorm,string,text,,Vaatluse Andmete Platvorm
EELIS/PostgREST,f_rongastused,vaatlus_id,integer,integer,jah,Vaatluse Id  Note: This is a Primary Key.<pk/>
EELIS/PostgREST,f_rongastused,vaatlus_kp,string,date,,Vaatluse Kuupäev
EELIS/PostgREST,f_rongastused,lnim_id,integer,integer,,Liigi Id
EELIS/PostgREST,f_rongastused,lnim_estnimi,string,text,,Liigi Eestikeelne Nimetus
EELIS/PostgREST,f_rongastused,lnim_ladnimi,string,text,,Liigi Ladinakeelne Nimetus
EELIS/PostgREST,f_rongastused,lnim_tyyp_kood,string,text,,Liigi Tüüp Kood
EELIS/PostgREST,f_rongastused,lnim_tyyp_selgitus,string,text,,Liigi Tüüp Selgitus
EELIS/PostgREST,f_rongastused,lnim_kaitsekategooria_kood,string,text,,Liigi Kaitsekategooria Kood
EELIS/PostgREST,f_rongastused,lnim_kaitsekategooria_selgitus,string,text,,Liigi Kaitsekategooria Selgitus
EELIS/PostgREST,f_rongastused,lnim_ryhm_kood,string,text,,Liigi Rühm Kood
EELIS/PostgREST,f_rongastused,lnim_ryhm_selg,string,text,,Liigi Rühm Selgitus
EELIS/PostgREST,f_rongastused,maakond,string,text,,Maakond
EELIS/PostgREST,f_rongastused,kov,string,text,,Kohalik Omavalitsus
EELIS/PostgREST,f_rongastused,asula,string,text,,Asula
EELIS/PostgREST,f_rongastused,utm_ruut,string,text,,Utm Ruut
EELIS/PostgREST,f_rongastused,rong_muut_aeg,string,timestamp without time zone,,Viimase Muutmise Aeg
EELIS/PostgREST,f_saared,id,integer,integer,jah,ID  Note: This is a Primary Key.<pk/>
EELIS/PostgREST,f_saared,id_text,string,text,,ID kood tekst väljatüübina
EELIS/PostgREST,f_saared,kkr_kood,string,text,,KKR kood
EELIS/PostgREST,f_saared,kood,string,text,,Kood kood
EELIS/PostgREST,f_saared,staatus,string,text,,Staatus
EELIS/PostgREST,f_saared,staatus_selg,string,text,,Staatus selgitus
EELIS/PostgREST,f_saared,keht_staatus,string,text,,Kehtivuse staatus
EELIS/PostgREST,f_saared,liitunud_saarega_id,integer,integer,,Liitunud saarega
EELIS/PostgREST,f_saared,nimi,string,text,,Nimi
EELIS/PostgREST,f_saared,nimi_grupp,string,text,,Rühma nimi
EELIS/PostgREST,f_saared,nimi_muud,string,text,,Muud nimed
EELIS/PostgREST,f_saared,piirkondlik_kuuluvus,string,text,,Piirkondlik kuuluvus
EELIS/PostgREST,f_saared,piirkondlik_kuuluvus_selg,string,text,,Piirkondlik kuuluvus selgitus
EELIS/PostgREST,f_saared,kesk_korgus,number,double precision,,Keskmine kõrgus
EELIS/PostgREST,f_saared,max_korgus,number,double precision,,Max kõrgus
EELIS/PostgREST,f_saared,yld_pindala_poh,number,double precision,,"Pindala (ha, põhikaardilt)"
EELIS/PostgREST,f_saared,yld_ymber_poh,number,double precision,,Ümbermõõt (põhikaardilt)
EELIS/PostgREST,f_saared,tx_info,string,text,,Lisainfo
EELIS/PostgREST,f_saared,kesk_x,number,double precision,,Tsentroidi x-koordinaat LEST97
EELIS/PostgREST,f_saared,kesk_y,number,double precision,,Tsentroidi y-koordinaat LEST97
EELIS/PostgREST,f_saared,muut_aeg,string,timestamp without time zone,,Viimase muutmise aeg
EELIS/PostgREST,f_saared,ehak_tekst,string,text,,EHAK koondinfo
EELIS/PostgREST,f_saared,ehak_kood1,string,text,,EHAK kood maakond
EELIS/PostgREST,f_saared,ehak_kood2,string,text,,EHAK kood vald
EELIS/PostgREST,f_saared,ehak_kood3,string,text,,EHAK alamtase
EELIS/PostgREST,f_saared_ala,id,integer,integer,,Ala ID
EELIS/PostgREST,f_saared_ala,nimi,string,text,,Nimi
EELIS/PostgREST,f_saared_ala,tyyp,string,text,,Tüübi kood
EELIS/PostgREST,f_saared_ala,tyyp_selg,string,text,,Tüübi selgitus
EELIS/PostgREST,f_saared_ala,kuulub_id,integer,integer,,Asub kaitsealal ID
EELIS/PostgREST,f_saared_ala,kuulub_selg,string,text,,Asub kaitsealal nimi
EELIS/PostgREST,f_saared_ala,on_regobj,boolean,boolean,,On registriobjekt
EELIS/PostgREST,f_saared_ala,kkr_kood,string,text,,KKR kood
EELIS/PostgREST,f_saared_ala,cdda_kood,string,text,,CDDA kood
EELIS/PostgREST,f_saared_ala,iucn_tyyp,string,text,,IUCN kood
EELIS/PostgREST,f_saared_ala,iucn_tyyp_selg,string,text,,IUCN koodi selgitus
EELIS/PostgREST,f_saared_ala,al_yksiktyyp,string,text,,Üksikobjekti tüüp
EELIS/PostgREST,f_saared_ala,al_yksiktyyp_selg,string,text,,Üksikobjekti tüübi selgitus
EELIS/PostgREST,f_saared_ala,yksikobj_seisund,string,text,,Üksikobjekti seisund
EELIS/PostgREST,f_saared_ala,yksikobj_seisund_selg,string,text,,Üksikobjekti seisundi selgitus
EELIS/PostgREST,f_saared_ala,al_voondtyyp,string,text,,Vöönditüüp
EELIS/PostgREST,f_saared_ala,al_voondtyyp_selg,string,text,,Vöönditüüp nimi
EELIS/PostgREST,f_saared_ala,al_staatus,string,text,,Ala staatus
EELIS/PostgREST,f_saared_ala,al_staatus_selg,string,text,,Ala staatus nimi
EELIS/PostgREST,f_saared_ala,kaitsekorra_alus_id,integer,integer,,Kaitsekorra alus 
EELIS/PostgREST,f_saared_ala,pindala_maa,number,double precision,,Maismaa pindala
EELIS/PostgREST,f_saared_ala,pindala_vesi,number,double precision,,Siseveekogude pindala
EELIS/PostgREST,f_saared_ala,pindala_meri,number,double precision,,Mereosa pindala
EELIS/PostgREST,f_saared_ala,veekogu_id,integer,integer,,Koelmuala veekogu
EELIS/PostgREST,f_saared_ala,on_msoodust,boolean,boolean,,On maamaksusoodustus
EELIS/PostgREST,f_saared_ala,msoodust_prots,string,text,,Maamaksu protsent
EELIS/PostgREST,f_saared_ala,tx_kirjeldus,string,text,,Iseloomustus
EELIS/PostgREST,f_saared_ala,tx_eesmark,string,text,,Kaitse-eesmärgi täpsustus
EELIS/PostgREST,f_saared_ala,kesk_x,number,double precision,,Ala tsentroidi x-koordinaat LEST97
EELIS/PostgREST,f_saared_ala,kesk_y,number,double precision,,Ala tsentroidi y-koordinaat LEST97
EELIS/PostgREST,f_saared_ala,muut_aeg,string,timestamp without time zone,,Viimase muutmise aeg
EELIS/PostgREST,f_saared_ala,keht_staatus,string,text,,Kehtivuse staatus
EELIS/PostgREST,f_saared_ala,valitseja_reg_kood,string,text,,Ala valitseja kood
EELIS/PostgREST,f_saared_ala,valitseja_nimetus,string,text,,Ala valitseja nimetus
EELIS/PostgREST,f_saared_ala,ehak_tekst,string,text,,EHAK koondinfo
EELIS/PostgREST,f_saared_ala,ehak_kood1,string,text,,EHAK kood maakond
EELIS/PostgREST,f_saared_ala,ehak_kood2,string,text,,EHAK kood vald
EELIS/PostgREST,f_saared_ala,ehak_kood3,string,text,,EHAK alamtase
EELIS/PostgREST,f_saared_ala,saar_id,integer,integer,,Saar ID  Note: This is a Foreign Key to `f_saared.id`.<fk table='f_saared' column='id'/>
EELIS/PostgREST,f_saared_ehak,id,integer,integer,,EHAK ID
EELIS/PostgREST,f_saared_ehak,ehak_kood,string,text,,EHAK kood
EELIS/PostgREST,f_saared_ehak,ehak_nimi,string,text,,EHAK nimi
EELIS/PostgREST,f_saared_ehak,ehak_rnimi,string,text,,EHAK rööpnimi
EELIS/PostgREST,f_saared_ehak,vald,string,text,,Vald nimi
EELIS/PostgREST,f_saared_ehak,maa,string,text,,Maakond nimi
EELIS/PostgREST,f_saared_ehak,tyyp,string,text,,EHAK tase
EELIS/PostgREST,f_saared_ehak,ehak_tyyp_selg,string,text,,EHAK tase selgitus
EELIS/PostgREST,f_saared_ehak,ehak_parent,string,text,,EHAK kõrgema taseme kood
EELIS/PostgREST,f_saared_ehak,ehak_muut_aeg,string,timestamp without time zone,,Viimase muudatuse aeg (EHAK)
EELIS/PostgREST,f_saared_ehak,saar_id,integer,integer,,Saar ID  Note: This is a Foreign Key to `f_saared.id`.<fk table='f_saared' column='id'/>
EELIS/PostgREST,f_saared_kandealus,kand_id,integer,integer,,Kandealus ID
EELIS/PostgREST,f_saared_kandealus,kand_kood,string,text,,Kandealus kood
EELIS/PostgREST,f_saared_kandealus,kand_tyyp,string,text,,Kandealus tüüp
EELIS/PostgREST,f_saared_kandealus,kand_tyyp_selg,string,text,,Kandealus tüüp selgitus
EELIS/PostgREST,f_saared_kandealus,kand_nimi,string,text,,Kandealus nimi
EELIS/PostgREST,f_saared_kandealus,kand_obj_tyyp,string,text,,Objekti tüüp (kandealus)
EELIS/PostgREST,f_saared_kandealus,kand_obj_tyyp_selg,string,text,,Objekti tüüp selgitus (kandealus)
EELIS/PostgREST,f_saared_kandealus,kand_kpv,string,timestamp without time zone,,Kandealus kuupäev
EELIS/PostgREST,f_saared_kandealus,kand_alusdok_id,integer,integer,,Alusdokumendi ID 
EELIS/PostgREST,f_saared_kandealus,kand_alusdok_nimi,string,text,,Alusdokumendi nimi
EELIS/PostgREST,f_saared_kandealus,kand_alusdok_alg_kehtib,string,timestamp without time zone,,Alusdokumendi kehtib alates kuupäev
EELIS/PostgREST,f_saared_kandealus,kand_aruanne_id,integer,integer,,Aruanne
EELIS/PostgREST,f_saared_kandealus,kand_aruanne_nimi,string,text,,Aruande nimi
EELIS/PostgREST,f_saared_kandealus,kand_aruanne_aasta,integer,integer,,Aruande aasta
EELIS/PostgREST,f_saared_kandealus,kand_esitamise_viis,string,text,,Esitamise viis
EELIS/PostgREST,f_saared_kandealus,kand_esit_viis_selg,string,text,,Esitamise viis selgitus
EELIS/PostgREST,f_saared_kandealus,kand_dok_kpv,string,timestamp without time zone,,Kandealus dokumendi kuupäev
EELIS/PostgREST,f_saared_kandealus,kand_tx_lisainfo,string,text,,Lisainfo (kandealus)
EELIS/PostgREST,f_saared_kandealus,kand_muut_aeg,string,timestamp without time zone,,Viimase muutmise aeg (kandealus)
EELIS/PostgREST,f_saared_kandealus,saar_id,integer,integer,,Saar ID  Note: This is a Foreign Key to `f_saared.id`.<fk table='f_saared' column='id'/>
EELIS/PostgREST,f_saared_saar,id,integer,integer,,ID
EELIS/PostgREST,f_saared_saar,kkr_kood,string,text,,KKR kood
EELIS/PostgREST,f_saared_saar,kood,string,text,,Kood kood
EELIS/PostgREST,f_saared_saar,staatus,string,text,,Staatus
EELIS/PostgREST,f_saared_saar,staatus_selg,string,text,,Staatus selgitus
EELIS/PostgREST,f_saared_saar,keht_staatus,string,text,,Kehtivuse staatus
EELIS/PostgREST,f_saared_saar,liitunud_saarega_id,integer,integer,,Liitunud saarega  Note: This is a Foreign Key to `f_saared.id`.<fk table='f_saared' column='id'/>
EELIS/PostgREST,f_saared_saar,nimi,string,text,,Nimi
EELIS/PostgREST,f_saared_saar,nimi_grupp,string,text,,Rühma nimi
EELIS/PostgREST,f_saared_saar,nimi_muud,string,text,,Muud nimed
EELIS/PostgREST,f_saared_saar,piirkondlik_kuuluvus,string,text,,Piirkondlik kuuluvus
EELIS/PostgREST,f_saared_saar,piirkondlik_kuuluvus_selg,string,text,,Piirkondlik kuuluvus selgitus
EELIS/PostgREST,f_saared_saar,kesk_korgus,number,double precision,,Keskmine kõrgus
EELIS/PostgREST,f_saared_saar,max_korgus,number,double precision,,Max kõrgus
EELIS/PostgREST,f_saared_saar,yld_pindala_poh,number,double precision,,"Pindala (ha, põhikaardilt)"
EELIS/PostgREST,f_saared_saar,yld_ymber_poh,number,double precision,,Ümbermõõt (põhikaardilt)
EELIS/PostgREST,f_saared_saar,tx_info,string,text,,Lisainfo
EELIS/PostgREST,f_saared_saar,kesk_x,number,double precision,,x
EELIS/PostgREST,f_saared_saar,kesk_y,number,double precision,,y
EELIS/PostgREST,f_saared_saar,muut_aeg,string,timestamp without time zone,,Viimase muutmise aeg
EELIS/PostgREST,f_saared_saar,ehak_tekst,string,text,,EHAK koondinfo
EELIS/PostgREST,f_saared_saar,ehak_kood1,string,text,,EHAK kood maakond
EELIS/PostgREST,f_saared_saar,ehak_kood2,string,text,,EHAK kood vald
EELIS/PostgREST,f_saared_saar,ehak_kood3,string,text,,EHAK alamtase
EELIS/PostgREST,f_saared_seirejaam,id,integer,integer,,Id
EELIS/PostgREST,f_saared_seirejaam,kood,string,text,,Muu kood
EELIS/PostgREST,f_saared_seirejaam,nimi,string,text,,Nimi
EELIS/PostgREST,f_saared_seirejaam,tyyp,string,text,,Tüüp
EELIS/PostgREST,f_saared_seirejaam,seirejaam_tyyp_selg,string,text,,Tüübi selgitus
EELIS/PostgREST,f_saared_seirejaam,staatus,string,text,,Staatus
EELIS/PostgREST,f_saared_seirejaam,staatus_selg,string,text,,Staatuse selgitus
EELIS/PostgREST,f_saared_seirejaam,keht_staatus,string,text,,Kehtivuse staatus
EELIS/PostgREST,f_saared_seirejaam,seisund,string,text,,Seirejaama seisund
EELIS/PostgREST,f_saared_seirejaam,seiretyyp,string,text,,Seire tüüp kood
EELIS/PostgREST,f_saared_seirejaam,seiretyyp_selg,string,text,,Seire tüüp
EELIS/PostgREST,f_saared_seirejaam,kkr_kood,string,text,,Registrikood
EELIS/PostgREST,f_saared_seirejaam,sj_tase,string,text,,Seirekoha tase lühend
EELIS/PostgREST,f_saared_seirejaam,sj_tase_nimi,string,text,,Seirekoha tase
EELIS/PostgREST,f_saared_seirejaam,kuulub_id,integer,integer,,Kuulub
EELIS/PostgREST,f_saared_seirejaam,asendatud_id,integer,integer,,Asendatud uue seirejaamaga
EELIS/PostgREST,f_saared_seirejaam,on_kitsendus,boolean,boolean,,On kitsendusi põhjustav
EELIS/PostgREST,f_saared_seirejaam,merepinnast,number,double precision,,Merepinnast (m)
EELIS/PostgREST,f_saared_seirejaam,utm_kood,string,text,,UTM ruudu kood
EELIS/PostgREST,f_saared_seirejaam,pindala,number,double precision,,Pindala (ha)
EELIS/PostgREST,f_saared_seirejaam,suudmest,number,double precision,,Suudmest (km)
EELIS/PostgREST,f_saared_seirejaam,saar_id,integer,integer,,Saar ID  Note: This is a Foreign Key to `f_saared.id`.<fk table='f_saared' column='id'/>
EELIS/PostgREST,f_saared_seirejaam,saar_nimi,string,text,,Saare nimi
EELIS/PostgREST,f_saared_seirejaam,saar_tyyp,string,text,,Saare tüüp
EELIS/PostgREST,f_saared_seirejaam,saar_tyyp_selg,string,text,,Saare tüübi selgitus
EELIS/PostgREST,f_saared_seirejaam,saar_kkr_kood,string,text,,Saare KKR kood
EELIS/PostgREST,f_saared_seirejaam,saar_keht_staatus,string,text,,Saare kehtivuse staatus
EELIS/PostgREST,f_saared_seirejaam,tx_asukoht,string,text,,Asukohakirjeldus
EELIS/PostgREST,f_saared_seirejaam,tx_markus,string,text,,Märkused
EELIS/PostgREST,f_saared_seirejaam,tx_arhiiv,string,text,,Arhiiv
EELIS/PostgREST,f_saared_seirejaam,alg_kpv,string,timestamp without time zone,,Kasutuse algus kp
EELIS/PostgREST,f_saared_seirejaam,lopp_kpv,string,timestamp without time zone,,Kasutuse lõpp kp
EELIS/PostgREST,f_saared_seirejaam,aastad,string,text,,Seireaastad
EELIS/PostgREST,f_saared_seirejaam,kesk_x,number,double precision,,Rahv.ala tsentroidi x-koordinaat LEST97
EELIS/PostgREST,f_saared_seirejaam,kesk_y,number,double precision,,Rahv.ala tsentroidi y-koordinaat LEST97
EELIS/PostgREST,f_saared_seirejaam,muut_aeg,string,timestamp without time zone,,Muutmise aeg
EELIS/PostgREST,f_saared_seirejaam,ehak_tekst,string,text,,EHAK koondinfo
EELIS/PostgREST,f_saared_seirejaam,ehak_kood1,string,text,,EHAK kood maakond
EELIS/PostgREST,f_saared_seirejaam,ehak_kood2,string,text,,EHAK kood vald
EELIS/PostgREST,f_saared_seirejaam,ehak_kood3,string,text,,EHAK alamtase
EELIS/PostgREST,f_saared_seirejaam,sr_programm_nimi,string,text,,Kehtiv seireprogramm
EELIS/PostgREST,f_saared_seirejaam,on_regobj,boolean,boolean,,on_regobj
EELIS/PostgREST,f_saared_seirejaam,on_salastatud,boolean,boolean,,on_salastatud
EELIS/PostgREST,f_saared_veekogu,id,integer,integer,,Veekogu id
EELIS/PostgREST,f_saared_veekogu,kood,string,text,,Veekogu kood
EELIS/PostgREST,f_saared_veekogu,tyyp,string,text,,Veekogu tüüp
EELIS/PostgREST,f_saared_veekogu,tyyp_selg,string,text,,Veekogu tüüp selgitus
EELIS/PostgREST,f_saared_veekogu,staatus,string,text,,Veekogu staatus
EELIS/PostgREST,f_saared_veekogu,staatus_selg,string,text,,Veekogu staatus selgitus
EELIS/PostgREST,f_saared_veekogu,keht_staatus,string,text,,Kehivuse staatus
EELIS/PostgREST,f_saared_veekogu,nimi,string,text,,Veekogu nimi
EELIS/PostgREST,f_saared_veekogu,kkr_kood,string,text,,KKR kood
EELIS/PostgREST,f_saared_veekogu,muud_nimed,string,text,,Veekogu muud nimed
EELIS/PostgREST,f_saared_veekogu,avalik_kasut,string,text,,Avalik kasutatavus
EELIS/PostgREST,f_saared_veekogu,avalik_kasut_selg,string,text,,Avalik kasutatavus selgitus
EELIS/PostgREST,f_saared_veekogu,vesikond_id,integer,integer,,Vesikond (VRD)
EELIS/PostgREST,f_saared_veekogu,vesikond_selg,string,text,,
EELIS/PostgREST,f_saared_veekogu,vesikond_kuulub_id,string,text,,
EELIS/PostgREST,f_saared_veekogu,vesikond_kuulub_nimi,string,text,,
EELIS/PostgREST,f_saared_veekogu,on_pandivere_pv,boolean,boolean,,Asub nitraaditundlikul alal 
EELIS/PostgREST,f_saared_veekogu,tx_lisainfo,string,text,,Lisainfo
EELIS/PostgREST,f_saared_veekogu,valgla_suurus,string,text,,Valgala suurus 
EELIS/PostgREST,f_saared_veekogu,valgla_suurus_selg,string,text,,Valgala suurus selgitus
EELIS/PostgREST,f_saared_veekogu,valgla_pindala,number,double precision,,Valgala pindala
EELIS/PostgREST,f_saared_veekogu,valgla_aasta,integer,integer,,Valgala aasta
EELIS/PostgREST,f_saared_veekogu,vee_pindala,number,double precision,,Veepeegli pindala 
EELIS/PostgREST,f_saared_veekogu,saarte_pindala,number,double precision,,Saarte pindala
EELIS/PostgREST,f_saared_veekogu,saarte_arv,integer,integer,,Saarte arv
EELIS/PostgREST,f_saared_veekogu,kesk_sygavus,number,double precision,,Keskmine sügavus
EELIS/PostgREST,f_saared_veekogu,max_sygavus,number,double precision,,Maksimaalne sügavus
EELIS/PostgREST,f_saared_veekogu,vrd_tyyp,string,text,,Veetüüp VRD
EELIS/PostgREST,f_saared_veekogu,vrd_tyyp_selg,string,text,,Veetüüp VRD selgitus
EELIS/PostgREST,f_saared_veekogu,tx_valgala,string,text,,Valgala kirjeldus
EELIS/PostgREST,f_saared_veekogu,vv_latte_ehak_id,integer,integer,,Lätte EHAK
EELIS/PostgREST,f_saared_veekogu,vv_latte_ehak_nimi,string,text,,Lätte EHAK nimi
EELIS/PostgREST,f_saared_veekogu,vv_latte_tyyp,string,text,,Lätte tüüp
EELIS/PostgREST,f_saared_veekogu,vv_latte_tyyp_selg,string,text,,Lätte tüüp selgitus
EELIS/PostgREST,f_saared_veekogu,vv_latte_id,integer,integer,,Lätte veekogu
EELIS/PostgREST,f_saared_veekogu,vv_latte_selg,string,text,,Lätte veekogu nimi
EELIS/PostgREST,f_saared_veekogu,vv_latte_kkr,string,text,,Lätte veekogu kkr 
EELIS/PostgREST,f_saared_veekogu,vv_latte_x,number,double precision,,Lätte X
EELIS/PostgREST,f_saared_veekogu,vv_latte_y,number,double precision,,Lätte Y
EELIS/PostgREST,f_saared_veekogu,vv_suub_ehak_id,integer,integer,,Suubla EHAK
EELIS/PostgREST,f_saared_veekogu,vv_suub_ehak_selg,string,text,,Suubla EHAK nimi
EELIS/PostgREST,f_saared_veekogu,vv_suub_tyyp,string,text,,Suubumise tüüp
EELIS/PostgREST,f_saared_veekogu,vv_suub_tyyp_selg,string,text,,Suubub veekogusse
EELIS/PostgREST,f_saared_veekogu,vv_suub_id,integer,integer,,
EELIS/PostgREST,f_saared_veekogu,vv_suub_selg,string,text,,Suubub veekogusse nimi
EELIS/PostgREST,f_saared_veekogu,vv_suub_kkr,string,text,,Suubub veekogusse kkr
EELIS/PostgREST,f_saared_veekogu,vv_suub_x,number,double precision,,Suubla X
EELIS/PostgREST,f_saared_veekogu,vv_suub_y,number,double precision,,Suubla Y
EELIS/PostgREST,f_saared_veekogu,vv_suub_jark,integer,integer,,Suubumise järk
EELIS/PostgREST,f_saared_veekogu,vv_suub_suudmest,number,double precision,,Suubumiskoha kaugus põhijõe suudmest (km)
EELIS/PostgREST,f_saared_veekogu,vv_pikkus3,number,double precision,,Vooluveekogu põhitelje pikkus (km)
EELIS/PostgREST,f_saared_veekogu,vv_tx_alg_kirj,string,text,,Lähtekoha kirjeldus
EELIS/PostgREST,f_saared_veekogu,vv_tx_suub_kirj,string,text,,Suubumiskoha kirjeldus
EELIS/PostgREST,f_saared_veekogu,jv_laius,number,double precision,,Järve laius (m)
EELIS/PostgREST,f_saared_veekogu,jv_pikkus,number,double precision,,Järve pikkus (m)
EELIS/PostgREST,f_saared_veekogu,jv_kaldaj,number,double precision,,Kaldajoone pikkus (m)
EELIS/PostgREST,f_saared_veekogu,jv_maht,number,double precision,,Maht (tuh m³)
EELIS/PostgREST,f_saared_veekogu,jv_kalda_liigend,number,double precision,,Kalda liigendatus
EELIS/PostgREST,f_saared_veekogu,jv_veevahetus,number,double precision,,Veevahetus (korda aastas)
EELIS/PostgREST,f_saared_veekogu,jv_on_umbjarv,boolean,boolean,,On umbjärv
EELIS/PostgREST,f_saared_veekogu,jv_limn_tyyp,string,text,,Limnoloogiline tüüp
EELIS/PostgREST,f_saared_veekogu,jv_limn_tyyp_selg,string,text,,Limnoloogiline tüüp selgitus
EELIS/PostgREST,f_saared_veekogu,v_veevah_skaala,string,text,,Veevahetuse skaala (järv)
EELIS/PostgREST,f_saared_veekogu,v_veevah_skaala_selg,string,text,,Veevahetus skaala (järv) selgitus
EELIS/PostgREST,f_saared_veekogu,jv_labiv_id,integer,integer,,Läbivoolav veekogu
EELIS/PostgREST,f_saared_veekogu,jv_labiv_selg,string,text,,Läbivoolav veekogu nimi
EELIS/PostgREST,f_saared_veekogu,jv_labiv_kkr,string,text,,Läbivoolav veekogu kkr kood
EELIS/PostgREST,f_saared_veekogu,me_grupp_id,integer,integer,,Kuulub mereala juurde
EELIS/PostgREST,f_saared_veekogu,me_grupp_selg,string,text,,Mereala nimi
EELIS/PostgREST,f_saared_veekogu,me_grupp_kkr,string,text,,Mereala kkr kood
EELIS/PostgREST,f_saared_veekogu,al_tundlik_ala_id,integer,integer,,Asub olulisel allika- või karstialal
EELIS/PostgREST,f_saared_veekogu,tundlik_ala_selg,string,text,,Allika- või karstiala nimi
EELIS/PostgREST,f_saared_veekogu,tundlik_ala_kkr,string,text,,Allika- või karstiala kkr kood
EELIS/PostgREST,f_saared_veekogu,kesk_x,number,double precision,,Veekogu tsentroidi x-koordinaat
EELIS/PostgREST,f_saared_veekogu,kesk_y,number,double precision,,Veekogu tsentroidi y-koordinaat
EELIS/PostgREST,f_saared_veekogu,muut_staatus,string,text,,Menetlusfaas
EELIS/PostgREST,f_saared_veekogu,muut_staatus_selg,string,text,,Menetlusfaas selgitus
EELIS/PostgREST,f_saared_veekogu,muut_aeg,string,timestamp without time zone,,Viimase muutmise aeg
EELIS/PostgREST,f_saared_veekogu,ehak_tekst,string,text,,EHAK koondinfo
EELIS/PostgREST,f_saared_veekogu,ehak_kood1,string,text,,EHAK kood maakond
EELIS/PostgREST,f_saared_veekogu,ehak_kood2,string,text,,EHAK kood vald
EELIS/PostgREST,f_saared_veekogu,ehak_kood3,string,text,,EHAK  alamtase
EELIS/PostgREST,f_saared_veekogu,saar_id,integer,integer,,Saar ID  Note: This is a Foreign Key to `f_saared.id`.<fk table='f_saared' column='id'/>
EELIS/PostgREST,f_seirejaamad,id,integer,integer,jah,Id  Note: This is a Primary Key.<pk/>
EELIS/PostgREST,f_seirejaamad,id_text,string,text,,ID kood tekst väljatüübina
EELIS/PostgREST,f_seirejaamad,kood,string,text,,Muu kood
EELIS/PostgREST,f_seirejaamad,nimi,string,text,,Nimi
EELIS/PostgREST,f_seirejaamad,tyyp,string,text,,Tüüp
EELIS/PostgREST,f_seirejaamad,seirejaam_tyyp_selg,string,text,,Tüübi selgitus
EELIS/PostgREST,f_seirejaamad,staatus,string,text,,Staatus
EELIS/PostgREST,f_seirejaamad,staatus_selg,string,text,,Staatuse selgitus
EELIS/PostgREST,f_seirejaamad,keht_staatus,string,text,,Kehtivuse staatus
EELIS/PostgREST,f_seirejaamad,seisund,string,text,,Seirejaama seisund
EELIS/PostgREST,f_seirejaamad,seiretyyp,string,text,,Seire tüüp kood
EELIS/PostgREST,f_seirejaamad,seiretyyp_selg,string,text,,Seire tüüp
EELIS/PostgREST,f_seirejaamad,kkr_kood,string,text,,Registrikood
EELIS/PostgREST,f_seirejaamad,sj_tase,string,text,,Seirekoha tase lühend
EELIS/PostgREST,f_seirejaamad,sj_tase_nimi,string,text,,Seirekoha tase
EELIS/PostgREST,f_seirejaamad,kuulub_id,integer,integer,,Kuulub
EELIS/PostgREST,f_seirejaamad,asendatud_id,integer,integer,,Asendatud uue seirejaamaga
EELIS/PostgREST,f_seirejaamad,on_kitsendus,boolean,boolean,,On kitsendusi põhjustav
EELIS/PostgREST,f_seirejaamad,merepinnast,number,double precision,,Merepinnast (m)
EELIS/PostgREST,f_seirejaamad,utm_kood,string,text,,UTM ruudu kood
EELIS/PostgREST,f_seirejaamad,pindala,number,double precision,,Pindala (ha)
EELIS/PostgREST,f_seirejaamad,ehak_id,integer,integer,,Kohanimi
EELIS/PostgREST,f_seirejaamad,ala_id,integer,integer,,Kaitsealune ala või üksikobjekt ID
EELIS/PostgREST,f_seirejaamad,ala_nimi,string,text,,Kaitsealune ala või üksikobjekti nimi
EELIS/PostgREST,f_seirejaamad,ala_tyyp,string,text,,Kaitsealune ala või üksikobjekti tüüp
EELIS/PostgREST,f_seirejaamad,ala_tyyp_selg,string,text,,Kaitsealune ala või üksikobjekti tüübi selgitus
EELIS/PostgREST,f_seirejaamad,ala_kkr_kood,string,text,,Kaitsealune ala või üksikobjekti KKR kood
EELIS/PostgREST,f_seirejaamad,ala_staatus,string,text,,Kaitsealune ala või üksikobjekti kehtivuse staatus
EELIS/PostgREST,f_seirejaamad,lkoht_id,integer,integer,,Seiratava liigileiukoht ID
EELIS/PostgREST,f_seirejaamad,lkoht_nimi,string,text,,Seiratava liigileiukoha nimi
EELIS/PostgREST,f_seirejaamad,lkoht_tyyp,string,text,,Seiratava liigileiukoha tüüp
EELIS/PostgREST,f_seirejaamad,lkoht_tyyp_selg,string,text,,Seiratava liigileiukoha tüübi selgitus
EELIS/PostgREST,f_seirejaamad,lkoht_kkr_kood,string,text,,Seiratava liigileiukoha KKR kood
EELIS/PostgREST,f_seirejaamad,tundlik_ala_id,integer,integer,,Tundlik ala(karstiala) ID
EELIS/PostgREST,f_seirejaamad,tundlik_ala_nimi,string,text,,Tundlik ala (karstiala) nimi
EELIS/PostgREST,f_seirejaamad,tundlik_ala_tyyp,string,text,,Tundlik ala (karstiala) tüüp
EELIS/PostgREST,f_seirejaamad,tundlik_ala_tyyp_selg,string,text,,Tundlik ala (karstiala) tüübi selgitus
EELIS/PostgREST,f_seirejaamad,tundlik_ala_kkr_kood,string,text,,Tundlik ala (karstiala) KKR kood
EELIS/PostgREST,f_seirejaamad,tundlik_ala_keht_staatus,string,text,,Tundlik ala (karstiala) kehtivuse staatus
EELIS/PostgREST,f_seirejaamad,veekogu_id,integer,integer,,Veekogu ID
EELIS/PostgREST,f_seirejaamad,veekogu_nimi,string,text,,Veekogu nimi
EELIS/PostgREST,f_seirejaamad,veekogu_tyyp,string,text,,Veekogu tüüp
EELIS/PostgREST,f_seirejaamad,veekogu_tyyp_selg,string,text,,Veekogu tüübi selgitus
EELIS/PostgREST,f_seirejaamad,veekogu_kkr_kood,string,text,,Veekogu KKR kood
EELIS/PostgREST,f_seirejaamad,veekogu_keht_staatus,string,text,,Veekogu kehtivuse staatus
EELIS/PostgREST,f_seirejaamad,veekogum_id,integer,integer,,Veekogum ID
EELIS/PostgREST,f_seirejaamad,veekogum_nimi,string,text,,Veekogumi nimi
EELIS/PostgREST,f_seirejaamad,veekogum_tyyp,string,text,,Kategooria
EELIS/PostgREST,f_seirejaamad,veekogum_tyyp_selg,string,text,,Kategooria selgitus
EELIS/PostgREST,f_seirejaamad,veekogum_keht_staatus,string,text,,Veekogumi kehtivuse staatus
EELIS/PostgREST,f_seirejaamad,suudmest,number,double precision,,Suudmest (km)
EELIS/PostgREST,f_seirejaamad,puurauk_id,integer,integer,,Puurauk ID
EELIS/PostgREST,f_seirejaamad,puurauk_nimi,string,text,,Puuraugu nimi
EELIS/PostgREST,f_seirejaamad,puurauk_kkr_kood,string,text,,Puuraugu KKR kood
EELIS/PostgREST,f_seirejaamad,puurauk_tyyp,string,text,,Puuraugu tüüp
EELIS/PostgREST,f_seirejaamad,puurauk_tyyp_selg,string,text,,Puuraugu tüübi selgitus
EELIS/PostgREST,f_seirejaamad,puurauk_keht_staatus,string,text,,Puuraugu kehtivuse staatus
EELIS/PostgREST,f_seirejaamad,saar_id,integer,integer,,Saar ID
EELIS/PostgREST,f_seirejaamad,saar_nimi,string,text,,Saare nimi
EELIS/PostgREST,f_seirejaamad,saar_tyyp,string,text,,Saare tüüp
EELIS/PostgREST,f_seirejaamad,saar_tyyp_selg,string,text,,Saare tüübi selgitus
EELIS/PostgREST,f_seirejaamad,saar_kkr_kood,string,text,,Saare KKR kood
EELIS/PostgREST,f_seirejaamad,saar_keht_staatus,string,text,,Saare kehtivuse staatus
EELIS/PostgREST,f_seirejaamad,jahiala_id,integer,integer,,Jahipiirkond ID
EELIS/PostgREST,f_seirejaamad,jahiala_nimi,string,text,,Jahipiirkonna nimi
EELIS/PostgREST,f_seirejaamad,jahiala_tyyp,string,text,,Jahipiirkonna tüüp
EELIS/PostgREST,f_seirejaamad,jahiala_tyyp_selg,string,text,,Jahipiirkonna tüübi selgitus
EELIS/PostgREST,f_seirejaamad,jahiala_kkr_kood,string,text,,Jahipiirkonna KKR kood
EELIS/PostgREST,f_seirejaamad,jahiala_keht_staatus,string,text,,Jahipiirkonna kehtivuse staatus
EELIS/PostgREST,f_seirejaamad,tx_asukoht,string,text,,Asukohakirjeldus
EELIS/PostgREST,f_seirejaamad,tx_markus,string,text,,Märkused
EELIS/PostgREST,f_seirejaamad,tx_arhiiv,string,text,,Arhiiv
EELIS/PostgREST,f_seirejaamad,alg_kpv,string,timestamp without time zone,,Kasutuse algus kp
EELIS/PostgREST,f_seirejaamad,lopp_kpv,string,timestamp without time zone,,Kasutuse lõpp kp
EELIS/PostgREST,f_seirejaamad,aastad,string,text,,Seireaastad
EELIS/PostgREST,f_seirejaamad,kesk_x,number,double precision,,Rahv.ala tsentroidi x-koordinaat LEST97
EELIS/PostgREST,f_seirejaamad,kesk_y,number,double precision,,Rahv.ala tsentroidi y-koordinaat LEST97
EELIS/PostgREST,f_seirejaamad,muut_aeg,string,timestamp without time zone,,Muutmise aeg
EELIS/PostgREST,f_seirejaamad,ehak_tekst,string,text,,EHAK koondinfo
EELIS/PostgREST,f_seirejaamad,ehak_kood1,string,text,,EHAK kood maakond
EELIS/PostgREST,f_seirejaamad,ehak_kood2,string,text,,EHAK kood vald
EELIS/PostgREST,f_seirejaamad,ehak_kood3,string,text,,EHAK alamtase
EELIS/PostgREST,f_seirejaamad,sr_programm_nimi,string,text,,Kehtiv seireprogramm
EELIS/PostgREST,f_seirejaamad,on_regobj,boolean,boolean,,on_regobj
EELIS/PostgREST,f_seirejaamad,on_salastatud,boolean,boolean,,on_salastatud
EELIS/PostgREST,f_seirejaamad_dok,dok_id,integer,integer,,Dok ID
EELIS/PostgREST,f_seirejaamad_dok,dok_kood,string,text,,Dok kood
EELIS/PostgREST,f_seirejaamad_dok,dok_tyyp,string,text,,Dok tüüp
EELIS/PostgREST,f_seirejaamad_dok,dok_tyyp_selg,string,text,,Dok tüüp selgitus
EELIS/PostgREST,f_seirejaamad_dok,dok_number,string,text,,Dokumendi number
EELIS/PostgREST,f_seirejaamad_dok,dok_pealkiri,string,text,,Dokumendi pealkiri
EELIS/PostgREST,f_seirejaamad_dok,dok_alg_kehtib,string,timestamp without time zone,,Dokument kehtib alates kp
EELIS/PostgREST,f_seirejaamad_dok,dok_alg_kp,string,timestamp without time zone,,Dokument algus kp
EELIS/PostgREST,f_seirejaamad_dok,dok_lopp_kp,string,timestamp without time zone,,Dokument lõpp kp
EELIS/PostgREST,f_seirejaamad_dok,dok_url,string,text,,Dok URL
EELIS/PostgREST,f_seirejaamad_dok,dok_alus_dok_id,integer,integer,,Alus dok ID
EELIS/PostgREST,f_seirejaamad_dok,dok_muut_aeg,string,timestamp without time zone,,Viimase muutmise aeg (dok)
EELIS/PostgREST,f_seirejaamad_dok,seirejaam_id,integer,integer,,Seirejaama ID  Note: This is a Foreign Key to `f_seirejaamad.id`.<fk table='f_seirejaamad' column='id'/>
EELIS/PostgREST,f_seirejaamad_kandealus,kand_id,integer,integer,,Kandealus ID
EELIS/PostgREST,f_seirejaamad_kandealus,kand_kood,string,text,,Kandealus kood
EELIS/PostgREST,f_seirejaamad_kandealus,kand_tyyp,string,text,,Kandealus tüüp
EELIS/PostgREST,f_seirejaamad_kandealus,kand_tyyp_selg,string,text,,Kandealus tüüp selgitus
EELIS/PostgREST,f_seirejaamad_kandealus,kand_nimi,string,text,,Kandealus nimi
EELIS/PostgREST,f_seirejaamad_kandealus,kand_obj_tyyp,string,text,,Objekti tüüp (kandealus)
EELIS/PostgREST,f_seirejaamad_kandealus,kand_obj_tyyp_selg,string,text,,Objekti tüüp selgitus (kandealus)
EELIS/PostgREST,f_seirejaamad_kandealus,kand_kpv,string,timestamp without time zone,,Kandealus kuupäev
EELIS/PostgREST,f_seirejaamad_kandealus,kand_alusdok_id,integer,integer,,Alusdokumendi ID 
EELIS/PostgREST,f_seirejaamad_kandealus,kand_alusdok_nimi,string,text,,Alusdokumendi nimi
EELIS/PostgREST,f_seirejaamad_kandealus,kand_alusdok_alg_kehtib,string,timestamp without time zone,,Alusdokumendi kehtib alates kuupäev
EELIS/PostgREST,f_seirejaamad_kandealus,kand_aruanne_id,integer,integer,,Aruanne
EELIS/PostgREST,f_seirejaamad_kandealus,kand_aruanne_nimi,string,text,,Aruande nimi
EELIS/PostgREST,f_seirejaamad_kandealus,kand_aruanne_aasta,integer,integer,,Aruande aasta
EELIS/PostgREST,f_seirejaamad_kandealus,kand_esitamise_viis,string,text,,Esitamise viis
EELIS/PostgREST,f_seirejaamad_kandealus,kand_esit_viis_selg,string,text,,Esitamise viis selgitus
EELIS/PostgREST,f_seirejaamad_kandealus,kand_dok_kpv,string,timestamp without time zone,,Kandealus dokumendi kuupäev
EELIS/PostgREST,f_seirejaamad_kandealus,kand_tx_lisainfo,string,text,,Lisainfo (kandealus)
EELIS/PostgREST,f_seirejaamad_kandealus,kand_muut_aeg,string,timestamp without time zone,,Viimase muutmise aeg (kandealus)
EELIS/PostgREST,f_seirejaamad_kandealus,seirejaam_id,integer,integer,,Seirejaama ID  Note: This is a Foreign Key to `f_seirejaamad.id`.<fk table='f_seirejaamad' column='id'/>
EELIS/PostgREST,f_seirejaamad_mootekoht,id,integer,integer,,Mõõtekoha Id
EELIS/PostgREST,f_seirejaamad_mootekoht,kood,string,text,,Muu kood
EELIS/PostgREST,f_seirejaamad_mootekoht,nimi,string,text,,Nimi
EELIS/PostgREST,f_seirejaamad_mootekoht,tyyp,string,text,,Tüüp
EELIS/PostgREST,f_seirejaamad_mootekoht,seirejaam_tyyp_selg,string,text,,Tüübi selgitus
EELIS/PostgREST,f_seirejaamad_mootekoht,staatus,string,text,,Staatus
EELIS/PostgREST,f_seirejaamad_mootekoht,staatus_selg,string,text,,Staatuse selgitus
EELIS/PostgREST,f_seirejaamad_mootekoht,keht_staatus,string,text,,Kehtivuse staatus
EELIS/PostgREST,f_seirejaamad_mootekoht,seisund,string,text,,Seirejaama seisund
EELIS/PostgREST,f_seirejaamad_mootekoht,seiretyyp,string,text,,Seire tüüp kood
EELIS/PostgREST,f_seirejaamad_mootekoht,seiretyyp_selg,string,text,,Seire tüüp
EELIS/PostgREST,f_seirejaamad_mootekoht,kkr_kood,string,text,,Registrikood
EELIS/PostgREST,f_seirejaamad_mootekoht,sj_tase,string,text,,Seirekoha tase lühend
EELIS/PostgREST,f_seirejaamad_mootekoht,sj_tase_nimi,string,text,,Seirekoha tase
EELIS/PostgREST,f_seirejaamad_mootekoht,kuulub_id,integer,integer,,Kuulub id ehk seirejaama id  Note: This is a Foreign Key to `f_seirejaamad.id`.<fk table='f_seirejaamad' column='id'/>
EELIS/PostgREST,f_seirejaamad_mootekoht,asendatud_id,integer,integer,,Asendatud uue seirejaamaga
EELIS/PostgREST,f_seirejaamad_mootekoht,on_kitsendus,boolean,boolean,,On kitsendusi põhjustav
EELIS/PostgREST,f_seirejaamad_mootekoht,merepinnast,number,double precision,,Merepinnast (m)
EELIS/PostgREST,f_seirejaamad_mootekoht,utm_kood,string,text,,UTM ruudu kood
EELIS/PostgREST,f_seirejaamad_mootekoht,pindala,number,double precision,,Pindala (ha)
EELIS/PostgREST,f_seirejaamad_mootekoht,ehak_id,integer,integer,,Kohanimi
EELIS/PostgREST,f_seirejaamad_mootekoht,ala_id,integer,integer,,Kaitsealune ala või üksikobjekt
EELIS/PostgREST,f_seirejaamad_mootekoht,lkoht_id,integer,integer,,Seiratav liigileiukoht
EELIS/PostgREST,f_seirejaamad_mootekoht,tundlik_ala_id,integer,integer,,Tundlik ala (karstiala)
EELIS/PostgREST,f_seirejaamad_mootekoht,veekogu_id,integer,integer,,Veekogu
EELIS/PostgREST,f_seirejaamad_mootekoht,veekogum_id,integer,integer,,Veekogum
EELIS/PostgREST,f_seirejaamad_mootekoht,suudmest,number,double precision,,Suudmest (km)
EELIS/PostgREST,f_seirejaamad_mootekoht,puurauk_id,integer,integer,,Puurauk
EELIS/PostgREST,f_seirejaamad_mootekoht,saar_id,integer,integer,,Saar
EELIS/PostgREST,f_seirejaamad_mootekoht,jahiala_id,integer,integer,,Jahipiirkond
EELIS/PostgREST,f_seirejaamad_mootekoht,tx_asukoht,string,text,,Asukohakirjeldus
EELIS/PostgREST,f_seirejaamad_mootekoht,tx_markus,string,text,,Märkused
EELIS/PostgREST,f_seirejaamad_mootekoht,tx_arhiiv,string,text,,Arhiiv
EELIS/PostgREST,f_seirejaamad_mootekoht,alg_kpv,string,timestamp without time zone,,Kasutuse algus kp
EELIS/PostgREST,f_seirejaamad_mootekoht,lopp_kpv,string,timestamp without time zone,,Kasutuse lõpp kp
EELIS/PostgREST,f_seirejaamad_mootekoht,aastad,string,text,,Seireaastad
EELIS/PostgREST,f_seirejaamad_mootekoht,kesk_x,number,double precision,,Rahv.ala tsentroidi x-koordinaat LEST97
EELIS/PostgREST,f_seirejaamad_mootekoht,kesk_y,number,double precision,,Rahv.ala tsentroidi y-koordinaat LEST97
EELIS/PostgREST,f_seirejaamad_mootekoht,muut_aeg,string,timestamp without time zone,,Muutmise aeg
EELIS/PostgREST,f_seirejaamad_mootekoht,ehak_tekst,string,text,,EHAK koondinfo
EELIS/PostgREST,f_seirejaamad_mootekoht,ehak_kood1,string,text,,EHAK kood maakond
EELIS/PostgREST,f_seirejaamad_mootekoht,ehak_kood2,string,text,,EHAK kood vald
EELIS/PostgREST,f_seirejaamad_mootekoht,ehak_kood3,string,text,,EHAK alamtase
EELIS/PostgREST,f_seirejaamad_mootekoht,sr_programm_nimi,string,text,,Kehtiv seireprogramm
EELIS/PostgREST,f_seirejaamad_mootekoht,on_regobj,boolean,boolean,,on_regobj
EELIS/PostgREST,f_seirejaamad_mootekoht,on_salastatud,boolean,boolean,,on_salastatud
EELIS/PostgREST,f_seirejaamad_sr_programm,sr_prog_id,integer,integer,,Seireprogrammi ID
EELIS/PostgREST,f_seirejaamad_sr_programm,sr_prog_kood,string,text,,Programmi kood
EELIS/PostgREST,f_seirejaamad_sr_programm,sr_prog_nimi,string,text,,Programmi nimi
EELIS/PostgREST,f_seirejaamad_sr_programm,sr_prog_tyyp,string,text,,Programmi tüübi kood
EELIS/PostgREST,f_seirejaamad_sr_programm,sr_prog_tyyp_selg,string,text,,Programmi tüüp
EELIS/PostgREST,f_seirejaamad_sr_programm,sr_prog_staatus,string,text,,Programmi staatus
EELIS/PostgREST,f_seirejaamad_sr_programm,sr_prog_staatus_selg,string,text,,Programmi staatuse seletus
EELIS/PostgREST,f_seirejaamad_sr_programm,sr_prog_kuulub_id,integer,integer,,Kuulub programmi
EELIS/PostgREST,f_seirejaamad_sr_programm,sr_prog_algus_aasta,string,text,,Programmi algus aasta
EELIS/PostgREST,f_seirejaamad_sr_programm,sr_prog_lopp_aasta,string,text,,Programmi lõpp aasta
EELIS/PostgREST,f_seirejaamad_sr_programm,sr_prog_tx_lisainfo,string,text,,Programmi lisainfo
EELIS/PostgREST,f_seirejaamad_sr_programm,sr_prog_muut_aeg,string,timestamp without time zone,,Viimase muutmise aeg (seire programmid)
EELIS/PostgREST,f_seirejaamad_sr_programm,seiretyyp,string,text,,Seire tüüp kood
EELIS/PostgREST,f_seirejaamad_sr_programm,seiretyyp_selg,string,text,,Seire tüüp
EELIS/PostgREST,f_seirejaamad_sr_programm,prog_seirejaam_id,integer,integer,,Seirejaama ID  Note: This is a Foreign Key to `f_seirejaamad.id`.<fk table='f_seirejaamad' column='id'/>
EELIS/PostgREST,f_seirejaamad_sr_programm,sr_prog_alamtyyp,string,text,,"Jaamas teostatud programmid( operatiiv, uurimuslik, ylevaate)"
EELIS/PostgREST,f_seirejaamad_valgla,id,integer,integer,,Id
EELIS/PostgREST,f_seirejaamad_valgla,nimi,string,text,,Nimi
EELIS/PostgREST,f_seirejaamad_valgla,tyyp,string,text,,Tüüp
EELIS/PostgREST,f_seirejaamad_valgla,tyyp_selg,string,text,,Valgla tüüp
EELIS/PostgREST,f_seirejaamad_valgla,suub_kood,string,text,,Suubumise infoga kood
EELIS/PostgREST,f_seirejaamad_valgla,on_osavalgla,boolean,boolean,,On osavalgla
EELIS/PostgREST,f_seirejaamad_valgla,on_piiriylene,boolean,boolean,,On piiriülene valgla
EELIS/PostgREST,f_seirejaamad_valgla,on_valjavooluta,boolean,boolean,,On väljavooluta
EELIS/PostgREST,f_seirejaamad_valgla,on_osaliselt_valjavooluta,boolean,boolean,,Hõlmab väljavooluta valglaid
EELIS/PostgREST,f_seirejaamad_valgla,kuulub_id,integer,integer,,Vahetult allavoolu jääv osavalgla
EELIS/PostgREST,f_seirejaamad_valgla,veekogu_id,integer,integer,,Veekogu
EELIS/PostgREST,f_seirejaamad_valgla,veekogu_selg,string,text,,Veekogu nimi
EELIS/PostgREST,f_seirejaamad_valgla,veekogu_kkr,string,text,,Veekogu kkr kood
EELIS/PostgREST,f_seirejaamad_valgla,lavend,number,numeric,,Lävend (m)
EELIS/PostgREST,f_seirejaamad_valgla,veekogum_id,integer,integer,,Veekogum
EELIS/PostgREST,f_seirejaamad_valgla,veekogum_lyhend,string,text,,Veekogum lühinimi
EELIS/PostgREST,f_seirejaamad_valgla,veekogum_selg,string,text,,Veekogum nimi
EELIS/PostgREST,f_seirejaamad_valgla,veekogum_kood,string,text,,Veekogum kood
EELIS/PostgREST,f_seirejaamad_valgla,seirejaam_id,integer,integer,,Seirejaam  Note: This is a Foreign Key to `f_seirejaamad.id`.<fk table='f_seirejaamad' column='id'/>
EELIS/PostgREST,f_seirejaamad_valgla,seirejaam_selg,string,text,,Seirejaam nimi
EELIS/PostgREST,f_seirejaamad_valgla,seirejaam_kkr,string,text,,Seirejaam kkr kod
EELIS/PostgREST,f_seirejaamad_valgla,tx_lisainfo,string,text,,Lisainfo
EELIS/PostgREST,f_seirejaamad_valgla,kesk_x,number,double precision,,Valgla keskpunkti X-koordinaat
EELIS/PostgREST,f_seirejaamad_valgla,kesk_y,number,double precision,,Valgla keskpunkti Y-koordinaat
EELIS/PostgREST,f_seirejaamad_valgla,pindala,number,double precision,,Pindala (km2)
EELIS/PostgREST,f_seirejaamad_valgla,keht_staatus,string,text,,Kehtivuse staatus
EELIS/PostgREST,f_seirejaamad_valgla,muut_aeg,string,timestamp without time zone,,Muutmise aeg
EELIS/PostgREST,f_smi_tulemused,tabeli_number,integer,integer,,Tabeli number.
EELIS/PostgREST,f_smi_tulemused,aruande_nimi,string,text,,Aruande nimi.
EELIS/PostgREST,f_smi_tulemused,tunnus,string,text,,Arvutatav tunnus.
EELIS/PostgREST,f_smi_tulemused,maakategooria_kood,string,text,,Maakategooria kood.
EELIS/PostgREST,f_smi_tulemused,maakategooria,string,text,,Maakategooria.
EELIS/PostgREST,f_smi_tulemused,omand_kood,string,text,,Omandivormi kood.
EELIS/PostgREST,f_smi_tulemused,omand,string,text,,Omandivorm.
EELIS/PostgREST,f_smi_tulemused,maakond_kood,string,text,,Maakonna kood.
EELIS/PostgREST,f_smi_tulemused,maakond,string,text,,Maakond.
EELIS/PostgREST,f_smi_tulemused,majandkategooria_kood,string,text,,Majanduskategooria kood.
EELIS/PostgREST,f_smi_tulemused,majandkategooria,string,text,,Majanduskategooria.
EELIS/PostgREST,f_smi_tulemused,enampl_kood,string,text,,Enamuspuuliigi kood.
EELIS/PostgREST,f_smi_tulemused,enamuspuuliik,string,text,,Enamuspuuliik.
EELIS/PostgREST,f_smi_tulemused,filtri_tunnus1,string,text,,Esimene filtreeritav tunnus.
EELIS/PostgREST,f_smi_tulemused,filter1_kood,string,text,,Esimese filtreeritava tunnuse väärtuse kood(id).
EELIS/PostgREST,f_smi_tulemused,filter1,string,text,,Esimese filtreeritava tunnuse väärtus(ed).
EELIS/PostgREST,f_smi_tulemused,filtri_tunnus2,string,text,,Teine filtreeritav tunnus.
EELIS/PostgREST,f_smi_tulemused,filter2_kood,string,text,,Teise filtreeritava tunnuse väärtuse kood(id).
EELIS/PostgREST,f_smi_tulemused,filter2,string,text,,Teise filtreeritava tunnuse väärtus(ed).
EELIS/PostgREST,f_smi_tulemused,filtri_tunnus3,string,text,,Kolmas filtreeritav tunnus.
EELIS/PostgREST,f_smi_tulemused,filter3_kood,string,text,,Kolmanda filtreeritava tunnuse väärtuse kood(id).
EELIS/PostgREST,f_smi_tulemused,filter3,string,text,,Kolmanda filtreeritava tunnuse väärtus(ed).
EELIS/PostgREST,f_smi_tulemused,arvutus,string,text,,Arvutuse meetod.
EELIS/PostgREST,f_smi_tulemused,periood,string,text,,Arvutuse periood (aastates).
EELIS/PostgREST,f_smi_tulemused,usaldusnivoo,integer,integer,,Usaldusnivoo.
EELIS/PostgREST,f_smi_tulemused,ainult_tagavaraprtd,string,text,,Arvutusel kasutatud ainult tagavaraproovitükke.
EELIS/PostgREST,f_smi_tulemused,suhteline_viga,number,double precision,,Suhteline viga.
EELIS/PostgREST,f_smi_tulemused,ajatempel,string,text,,Ajatempel.
EELIS/PostgREST,f_smi_tulemused,aasta,integer,integer,,Aasta.
EELIS/PostgREST,f_smi_tulemused,arvvaartus,number,double precision,,Väärtus.
EELIS/PostgREST,f_toetused,id,integer,integer,jah,Metsatoetus ID  Note: This is a Primary Key.<pk/>
EELIS/PostgREST,f_toetused,id_text,string,text,,ID kood tekst väljatüübina
EELIS/PostgREST,f_toetused,kkr_kood,string,text,,Kood
EELIS/PostgREST,f_toetused,tyyp,string,text,,Tüüp
EELIS/PostgREST,f_toetused,tyyp_selg,string,text,,Tüüp selgitus
EELIS/PostgREST,f_toetused,ala_tyyp,string,text,,Ala tüüp
EELIS/PostgREST,f_toetused,ala_tyyp_selg,string,text,,Ala tüüp selgitus
EELIS/PostgREST,f_toetused,voond_tyyp,string,text,,Vööndi tüüp
EELIS/PostgREST,f_toetused,voond_tyyp_selg,string,text,,vööndi tüüp selgitus
EELIS/PostgREST,f_toetused,ky_tunnus,string,text,,KÜ tunnus
EELIS/PostgREST,f_toetused,metsaala_nr,integer,integer,,Metsaala nr
EELIS/PostgREST,f_toetused,pindala,number,numeric,,Pindala (ha)
EELIS/PostgREST,f_toetused,kesk_x,number,double precision,,Toetusala tsentroidi x-koordinaat LEST97
EELIS/PostgREST,f_toetused,kesk_y,number,double precision,,Toetusala  tsentroidi y-koordinaat LEST97
EELIS/PostgREST,f_toetused,muut_aeg,string,timestamp without time zone,,Viimase muutmise aeg
EELIS/PostgREST,f_toetused,keht_staatus,string,text,,Kehtivuse staatus
EELIS/PostgREST,f_toetused,staatus,string,text,,Staatus
EELIS/PostgREST,f_toetused,ehak_tekst,string,text,,EHAK koondinfo
EELIS/PostgREST,f_toetused,ehak_kood1,string,text,,EHAK kood maakond
EELIS/PostgREST,f_toetused,ehak_kood2,string,text,,EHAK kood vald
EELIS/PostgREST,f_toetused,ehak_kood3,string,text,,EHAK alamtase
EELIS/PostgREST,f_toetused_ehak,id,integer,integer,,EHAK ID
EELIS/PostgREST,f_toetused_ehak,ehak_kood,string,text,,EHAK kood
EELIS/PostgREST,f_toetused_ehak,ehak_nimi,string,text,,EHAK nimi
EELIS/PostgREST,f_toetused_ehak,ehak_rnimi,string,text,,EHAK rööpnimi
EELIS/PostgREST,f_toetused_ehak,vald,string,text,,Vald nimi
EELIS/PostgREST,f_toetused_ehak,maa,string,text,,Maakond nimi
EELIS/PostgREST,f_toetused_ehak,tyyp,string,text,,EHAK tase
EELIS/PostgREST,f_toetused_ehak,ehak_tyyp_selg,string,text,,EHAK tase selgitus
EELIS/PostgREST,f_toetused_ehak,ehak_parent,string,text,,EHAK kõrgema taseme kood
EELIS/PostgREST,f_toetused_ehak,ehak_muut_aeg,string,timestamp without time zone,,Viimase muudatuse aeg (EHAK)
EELIS/PostgREST,f_toetused_ehak,toetus_id,integer,integer,,Toetus ID  Note: This is a Foreign Key to `f_toetused.id`.<fk table='f_toetused' column='id'/>
EELIS/PostgREST,f_toetused_kandealus,kand_id,integer,integer,,Kandealus ID
EELIS/PostgREST,f_toetused_kandealus,kand_kood,string,text,,Kandealus kood
EELIS/PostgREST,f_toetused_kandealus,kand_tyyp,string,text,,Kandealus tüüp
EELIS/PostgREST,f_toetused_kandealus,kand_tyyp_selg,string,text,,Kandealus tüüp selgitus
EELIS/PostgREST,f_toetused_kandealus,kand_nimi,string,text,,Kandealus nimi
EELIS/PostgREST,f_toetused_kandealus,kand_obj_tyyp,string,text,,Objekti tüüp (kandealus)
EELIS/PostgREST,f_toetused_kandealus,kand_obj_tyyp_selg,string,text,,Objekti tüüp selgitus (kandealus)
EELIS/PostgREST,f_toetused_kandealus,kand_kpv,string,timestamp without time zone,,Kandealus kuupäev
EELIS/PostgREST,f_toetused_kandealus,kand_alusdok_id,integer,integer,,Alusdokumendi ID 
EELIS/PostgREST,f_toetused_kandealus,kand_alusdok_nimi,string,text,,Alusdokumendi nimi
EELIS/PostgREST,f_toetused_kandealus,kand_alusdok_alg_kehtib,string,timestamp without time zone,,Alusdokumendi kehtib alates kuupäev
EELIS/PostgREST,f_toetused_kandealus,kand_aruanne_id,integer,integer,,Aruanne
EELIS/PostgREST,f_toetused_kandealus,kand_aruanne_nimi,string,text,,Aruande nimi
EELIS/PostgREST,f_toetused_kandealus,kand_aruanne_aasta,integer,integer,,Aruande aasta
EELIS/PostgREST,f_toetused_kandealus,kand_esitamise_viis,string,text,,Esitamise viis
EELIS/PostgREST,f_toetused_kandealus,kand_esit_viis_selg,string,text,,Esitamise viis selgitus
EELIS/PostgREST,f_toetused_kandealus,kand_dok_kpv,string,timestamp without time zone,,Kandealus dokumendi kuupäev
EELIS/PostgREST,f_toetused_kandealus,kand_tx_lisainfo,string,text,,Lisainfo (kandealus)
EELIS/PostgREST,f_toetused_kandealus,kand_muut_aeg,string,timestamp without time zone,,Viimase muutmise aeg (kandealus)
EELIS/PostgREST,f_toetused_kandealus,toetus_id,integer,integer,,Metsatoetusala ID  Note: This is a Foreign Key to `f_toetused.id`.<fk table='f_toetused' column='id'/>
EELIS/PostgREST,f_tundlikud_alad,id,integer,integer,jah,ID  Note: This is a Primary Key.<pk/>
EELIS/PostgREST,f_tundlikud_alad,id_text,string,text,,ID kood tekst väljatüübina
EELIS/PostgREST,f_tundlikud_alad,kood,string,text,,Kood
EELIS/PostgREST,f_tundlikud_alad,nimi,string,text,,Nimi
EELIS/PostgREST,f_tundlikud_alad,tyyp,string,text,,Tüübi kood
EELIS/PostgREST,f_tundlikud_alad,tyyp_selg,string,text,,Tüüp selgitus
EELIS/PostgREST,f_tundlikud_alad,keht_staatus,string,text,,kehivuse staatus
EELIS/PostgREST,f_tundlikud_alad,kkr_kood,string,text,,KKR kood
EELIS/PostgREST,f_tundlikud_alad,tx_markus,string,text,,Märkused
EELIS/PostgREST,f_tundlikud_alad,on_oluline,boolean,boolean,,On oluline 
EELIS/PostgREST,f_tundlikud_alad,pindala,number,double precision,,Ala pindala
EELIS/PostgREST,f_tundlikud_alad,seisuveekogu_id,integer,integer,,Seisuveekogu ID
EELIS/PostgREST,f_tundlikud_alad,seisuveekogu_selg,string,text,,Seisuveekogu nimi
EELIS/PostgREST,f_tundlikud_alad,seisuveekogu_kkr_kood,string,text,,Seisuveekogu kkr kood
EELIS/PostgREST,f_tundlikud_alad,vooluveekogu_id,integer,integer,,Vooluveekogu ID
EELIS/PostgREST,f_tundlikud_alad,vooluveeogu_selg,string,text,,Vooluveekogu nimi 
EELIS/PostgREST,f_tundlikud_alad,vooluveekogu_kkr_kood,string,text,,Vooluveekogu kkr kood
EELIS/PostgREST,f_tundlikud_alad,pohjaveekogum_id,integer,integer,,Põhjaveekogumi ID
EELIS/PostgREST,f_tundlikud_alad,pohjaveekogum_selg,string,text,,Põhjaveekogumi nimi
EELIS/PostgREST,f_tundlikud_alad,kuulub_id,integer,integer,,Ülem tundlikala ID
EELIS/PostgREST,f_tundlikud_alad,tundlik_ala_selg,string,text,,Ülem tundlik ala nimi
EELIS/PostgREST,f_tundlikud_alad,tundlik_ala_kkr_kood,string,text,,Ülem tundlik ala kkr kood
EELIS/PostgREST,f_tundlikud_alad,tx_asukoht,string,text,,Ala asukoht
EELIS/PostgREST,f_tundlikud_alad,kesk_x,number,double precision,,Tundliku ala keskkpunkti X-koordinaat
EELIS/PostgREST,f_tundlikud_alad,kesk_y,number,double precision,,Tundliku ala keskkpunkti Y-koordinaat
EELIS/PostgREST,f_tundlikud_alad,muut_staatus,string,text,,Menetlusfaas
EELIS/PostgREST,f_tundlikud_alad,muut_aeg,string,timestamp without time zone,,Viimase muutmise aeg
EELIS/PostgREST,f_tundlikud_alad,ehak_tekst,string,text,,EHAK koondinfo
EELIS/PostgREST,f_tundlikud_alad,ehak_kood1,string,text,,EHAK kood maakond
EELIS/PostgREST,f_tundlikud_alad,ehak_kood2,string,text,,EHAK kood vald
EELIS/PostgREST,f_tundlikud_alad,ehak_kood3,string,text,,EHAK alamtase
EELIS/PostgREST,f_tundlikud_alad_alamobjekt,id,integer,integer,,Alamobjekti ID
EELIS/PostgREST,f_tundlikud_alad_alamobjekt,id_text,string,text,,ID kood tekst väljatüübina
EELIS/PostgREST,f_tundlikud_alad_alamobjekt,kood,string,text,,Kood
EELIS/PostgREST,f_tundlikud_alad_alamobjekt,nimi,string,text,,Nimi
EELIS/PostgREST,f_tundlikud_alad_alamobjekt,tyyp,string,text,,Tüübi kood
EELIS/PostgREST,f_tundlikud_alad_alamobjekt,tyyp_selg,string,text,,Tüüp selgitus
EELIS/PostgREST,f_tundlikud_alad_alamobjekt,keht_staatus,string,text,,kehivuse staatus
EELIS/PostgREST,f_tundlikud_alad_alamobjekt,kkr_kood,string,text,,KKR kood
EELIS/PostgREST,f_tundlikud_alad_alamobjekt,tx_markus,string,text,,Märkused
EELIS/PostgREST,f_tundlikud_alad_alamobjekt,on_oluline,boolean,boolean,,On oluline 
EELIS/PostgREST,f_tundlikud_alad_alamobjekt,pindala,number,double precision,,Ala pindala
EELIS/PostgREST,f_tundlikud_alad_alamobjekt,seisuveekogu_id,integer,integer,,Seisuveekogu ID
EELIS/PostgREST,f_tundlikud_alad_alamobjekt,seisuveekogu_selg,string,text,,Seisuveekogu nimi
EELIS/PostgREST,f_tundlikud_alad_alamobjekt,seisuveekogu_kkr_kood,string,text,,Seisuveekogu kkr kood
EELIS/PostgREST,f_tundlikud_alad_alamobjekt,vooluveekogu_id,integer,integer,,Vooluveekogu ID
EELIS/PostgREST,f_tundlikud_alad_alamobjekt,vooluveeogu_selg,string,text,,Vooluveekogu nimi 
EELIS/PostgREST,f_tundlikud_alad_alamobjekt,vooluveekogu_kkr_kood,string,text,,Vooluveekogu kkr kood
EELIS/PostgREST,f_tundlikud_alad_alamobjekt,pohjaveekogum_id,integer,integer,,Põhjaveekogumi ID
EELIS/PostgREST,f_tundlikud_alad_alamobjekt,pohjaveekogum_selg,string,text,,Põhjaveekogumi nimi
EELIS/PostgREST,f_tundlikud_alad_alamobjekt,kuulub_id,integer,integer,,Tundlik ala ID  Note: This is a Foreign Key to `f_tundlikud_alad.id`.<fk table='f_tundlikud_alad' column='id'/>
EELIS/PostgREST,f_tundlikud_alad_alamobjekt,tundlik_ala_selg,string,text,,Ülem tundlik ala nimi
EELIS/PostgREST,f_tundlikud_alad_alamobjekt,tundlik_ala_kkr_kood,string,text,,Ülem tundlik ala kkr kood
EELIS/PostgREST,f_tundlikud_alad_alamobjekt,tx_asukoht,string,text,,Ala asukoht
EELIS/PostgREST,f_tundlikud_alad_alamobjekt,kesk_x,number,double precision,,Tundliku ala keskkpunkti X-koordinaat
EELIS/PostgREST,f_tundlikud_alad_alamobjekt,kesk_y,number,double precision,,Tundliku ala keskkpunkti Y-koordinaat
EELIS/PostgREST,f_tundlikud_alad_alamobjekt,muut_staatus,string,text,,Menetlusfaas
EELIS/PostgREST,f_tundlikud_alad_alamobjekt,muut_aeg,string,timestamp without time zone,,Viimase muutmise aeg
EELIS/PostgREST,f_tundlikud_alad_alamobjekt,ehak_tekst,string,text,,EHAK koondinfo
EELIS/PostgREST,f_tundlikud_alad_alamobjekt,ehak_kood1,string,text,,EHAK kood maakond
EELIS/PostgREST,f_tundlikud_alad_alamobjekt,ehak_kood2,string,text,,EHAK kood vald
EELIS/PostgREST,f_tundlikud_alad_alamobjekt,ehak_kood3,string,text,,EHAK alamtase
EELIS/PostgREST,f_tundlikud_alad_dok,dok_id,integer,integer,,Dok ID
EELIS/PostgREST,f_tundlikud_alad_dok,dok_kood,string,text,,Dok kood
EELIS/PostgREST,f_tundlikud_alad_dok,dok_tyyp,string,text,,Dok tüüp
EELIS/PostgREST,f_tundlikud_alad_dok,dok_tyyp_selg,string,text,,Dok tüüp selgitus
EELIS/PostgREST,f_tundlikud_alad_dok,dok_number,string,text,,Dokumendi number
EELIS/PostgREST,f_tundlikud_alad_dok,dok_pealkiri,string,text,,Dokumendi pealkiri
EELIS/PostgREST,f_tundlikud_alad_dok,dok_alg_kehtib,string,timestamp without time zone,,Dokument kehtib alates kp
EELIS/PostgREST,f_tundlikud_alad_dok,dok_alg_kp,string,timestamp without time zone,,Dokument algus kp
EELIS/PostgREST,f_tundlikud_alad_dok,dok_lopp_kp,string,timestamp without time zone,,Dokument lõpp kp
EELIS/PostgREST,f_tundlikud_alad_dok,dok_url,string,text,,Dok URL
EELIS/PostgREST,f_tundlikud_alad_dok,dok_alus_dok_id,integer,integer,,Alus dok ID
EELIS/PostgREST,f_tundlikud_alad_dok,dok_muut_aeg,string,timestamp without time zone,,Viimase muutmise aeg (dok)
EELIS/PostgREST,f_tundlikud_alad_dok,tundlik_ala_id,integer,integer,,Tundlik ala ID  Note: This is a Foreign Key to `f_tundlikud_alad.id`.<fk table='f_tundlikud_alad' column='id'/>
EELIS/PostgREST,f_tundlikud_alad_dok,on_linnuala_kohta,integer,integer,,Kas tegemis on linnualaga
EELIS/PostgREST,f_tundlikud_alad_ehak,id,integer,integer,,EHAK ID
EELIS/PostgREST,f_tundlikud_alad_ehak,ehak_kood,string,text,,EHAK kood
EELIS/PostgREST,f_tundlikud_alad_ehak,ehak_nimi,string,text,,EHAK nimi
EELIS/PostgREST,f_tundlikud_alad_ehak,ehak_rnimi,string,text,,EHAK rööpnimi
EELIS/PostgREST,f_tundlikud_alad_ehak,vald,string,text,,Vald nimi
EELIS/PostgREST,f_tundlikud_alad_ehak,maa,string,text,,Maakond nimi
EELIS/PostgREST,f_tundlikud_alad_ehak,tyyp,string,text,,EHAK tase
EELIS/PostgREST,f_tundlikud_alad_ehak,ehak_tyyp_selg,string,text,,EHAK tase selgitus
EELIS/PostgREST,f_tundlikud_alad_ehak,ehak_parent,string,text,,EHAK kõrgema taseme kood
EELIS/PostgREST,f_tundlikud_alad_ehak,ehak_muut_aeg,string,timestamp without time zone,,Viimase muudatuse aeg (EHAK)
EELIS/PostgREST,f_tundlikud_alad_ehak,tundlik_ala_id,integer,integer,,Tundlik ala ID  Note: This is a Foreign Key to `f_tundlikud_alad.id`.<fk table='f_tundlikud_alad' column='id'/>
EELIS/PostgREST,f_tundlikud_alad_kandealus,kand_id,integer,integer,,Kandealus ID
EELIS/PostgREST,f_tundlikud_alad_kandealus,kand_kood,string,text,,Kandealus kood
EELIS/PostgREST,f_tundlikud_alad_kandealus,kand_tyyp,string,text,,Kandealus tüüp
EELIS/PostgREST,f_tundlikud_alad_kandealus,kand_tyyp_selg,string,text,,Kandealus tüüp selgitus
EELIS/PostgREST,f_tundlikud_alad_kandealus,kand_nimi,string,text,,Kandealus nimi
EELIS/PostgREST,f_tundlikud_alad_kandealus,kand_obj_tyyp,string,text,,Objekti tüüp (kandealus)
EELIS/PostgREST,f_tundlikud_alad_kandealus,kand_obj_tyyp_selg,string,text,,Objekti tüüp selgitus (kandealus)
EELIS/PostgREST,f_tundlikud_alad_kandealus,kand_kpv,string,timestamp without time zone,,Kandealus kuupäev
EELIS/PostgREST,f_tundlikud_alad_kandealus,kand_alusdok_id,integer,integer,,Alusdokumendi ID 
EELIS/PostgREST,f_tundlikud_alad_kandealus,kand_alusdok_nimi,string,text,,Alusdokumendi nimi
EELIS/PostgREST,f_tundlikud_alad_kandealus,kand_alusdok_alg_kehtib,string,timestamp without time zone,,Alusdokumendi kehtib alates kuupäev
EELIS/PostgREST,f_tundlikud_alad_kandealus,kand_aruanne_id,integer,integer,,Aruanne
EELIS/PostgREST,f_tundlikud_alad_kandealus,kand_aruanne_nimi,string,text,,Aruande nimi
EELIS/PostgREST,f_tundlikud_alad_kandealus,kand_aruanne_aasta,integer,integer,,Aruande aasta
EELIS/PostgREST,f_tundlikud_alad_kandealus,kand_esitamise_viis,string,text,,Esitamise viis
EELIS/PostgREST,f_tundlikud_alad_kandealus,kand_esit_viis_selg,string,text,,Esitamise viis selgitus
EELIS/PostgREST,f_tundlikud_alad_kandealus,kand_dok_kpv,string,timestamp without time zone,,Kandealus dokumendi kuupäev
EELIS/PostgREST,f_tundlikud_alad_kandealus,kand_tx_lisainfo,string,text,,Lisainfo (kandealus)
EELIS/PostgREST,f_tundlikud_alad_kandealus,kand_muut_aeg,string,timestamp without time zone,,Viimase muutmise aeg (kandealus)
EELIS/PostgREST,f_tundlikud_alad_kandealus,tundlik_ala_id,integer,integer,,Tundlik ala ID  Note: This is a Foreign Key to `f_tundlikud_alad.id`.<fk table='f_tundlikud_alad' column='id'/>
EELIS/PostgREST,f_tundlikud_alad_kirjandus,kirj_seose_id,integer,integer,,Kirjandus seose ID
EELIS/PostgREST,f_tundlikud_alad_kirjandus,kirj_id,integer,integer,,Kirjandus ID
EELIS/PostgREST,f_tundlikud_alad_kirjandus,tyyp,string,text,,Tüüp
EELIS/PostgREST,f_tundlikud_alad_kirjandus,kirjandus_tyyp_selg,string,text,,Kirjandus tüübi selgitus
EELIS/PostgREST,f_tundlikud_alad_kirjandus,kuulub_id,integer,integer,,Kuulub
EELIS/PostgREST,f_tundlikud_alad_kirjandus,kirj_nimi_sari,string,text,,Sarja nimi
EELIS/PostgREST,f_tundlikud_alad_kirjandus,kirj_nimi,string,text,,Teose nimi
EELIS/PostgREST,f_tundlikud_alad_kirjandus,kirj_artikkel,string,text,,Artikkel
EELIS/PostgREST,f_tundlikud_alad_kirjandus,kirj_tx_viide,string,text,,Kirjanduse viide
EELIS/PostgREST,f_tundlikud_alad_kirjandus,kirj_autor,string,text,,Teose autor
EELIS/PostgREST,f_tundlikud_alad_kirjandus,kirj_fjisik_nimi,string,text,,Autori ees- ja perekonnanimi
EELIS/PostgREST,f_tundlikud_alad_kirjandus,kirj_fjisik_nimetus,string,text,,Nimetus
EELIS/PostgREST,f_tundlikud_alad_kirjandus,valjaandja,string,text,,Teose väljaandja
EELIS/PostgREST,f_tundlikud_alad_kirjandus,valjaandja_id,integer,integer,,Teose väljaandja ID
EELIS/PostgREST,f_tundlikud_alad_kirjandus,aeg_kp,string,timestamp without time zone,,Avaldamise kuupäev (kirjandus)
EELIS/PostgREST,f_tundlikud_alad_kirjandus,kirj_aeg_aasta,integer,integer,,Avaldamise aasta (kirjandus)
EELIS/PostgREST,f_tundlikud_alad_kirjandus,aeg_kuu,integer,integer,,Avaldamise kuu (kirjandus)
EELIS/PostgREST,f_tundlikud_alad_kirjandus,teema,string,text,,Kirjanduse teemad
EELIS/PostgREST,f_tundlikud_alad_kirjandus,url,string,text,,Kirjanduse link
EELIS/PostgREST,f_tundlikud_alad_kirjandus,tx_kirjeldus,string,text,,Teose kirjeldus
EELIS/PostgREST,f_tundlikud_alad_kirjandus,tx_litsents,string,text,,Teose litsents
EELIS/PostgREST,f_tundlikud_alad_kirjandus,sisu_tyyp,string,text,,Sisu tüüp
EELIS/PostgREST,f_tundlikud_alad_kirjandus,sisu_tyyp_selg,string,text,,Sisu tüübi selgitus
EELIS/PostgREST,f_tundlikud_alad_kirjandus,tx_sisu,string,text,,Kirjanduse sisu
EELIS/PostgREST,f_tundlikud_alad_kirjandus,kirj_muut_aeg,string,timestamp without time zone,,Viimase muutmise aeg (kirjandus)
EELIS/PostgREST,f_tundlikud_alad_kirjandus,tundlik_ala_id,integer,integer,,Tundlik ala ID  Note: This is a Foreign Key to `f_tundlikud_alad.id`.<fk table='f_tundlikud_alad' column='id'/>
EELIS/PostgREST,f_tundlikud_alad_pohjaveekogum_seis,id,integer,integer,,ID
EELIS/PostgREST,f_tundlikud_alad_pohjaveekogum_seis,aasta,integer,integer,,Aasta
EELIS/PostgREST,f_tundlikud_alad_pohjaveekogum_seis,pohjaveekogum_id,integer,integer,,Põhjaveekogum
EELIS/PostgREST,f_tundlikud_alad_pohjaveekogum_seis,kood,string,text,,Kood
EELIS/PostgREST,f_tundlikud_alad_pohjaveekogum_seis,seis,string,text,,Seisund (koond)
EELIS/PostgREST,f_tundlikud_alad_pohjaveekogum_seis,pvkseis_seis_selg,string,text,,Seisund (koond) selgitus
EELIS/PostgREST,f_tundlikud_alad_pohjaveekogum_seis,seis_kem,string,text,,KEM seisund
EELIS/PostgREST,f_tundlikud_alad_pohjaveekogum_seis,pvkseis_seis_kem_selg,string,text,,KEM seisund selgitus
EELIS/PostgREST,f_tundlikud_alad_pohjaveekogum_seis,seis_kem1,string,text,,KEM1 seisund
EELIS/PostgREST,f_tundlikud_alad_pohjaveekogum_seis,pvkseis_seis_kem1_selg,string,text,,KEM1 seisund selgitus
EELIS/PostgREST,f_tundlikud_alad_pohjaveekogum_seis,seis_kem2,string,text,,KEM2 seisund
EELIS/PostgREST,f_tundlikud_alad_pohjaveekogum_seis,pvkseis_seis_kem2_selg,string,text,,KEM2 seisund selgitus
EELIS/PostgREST,f_tundlikud_alad_pohjaveekogum_seis,seis_kem3,string,text,,KEM3 seisund
EELIS/PostgREST,f_tundlikud_alad_pohjaveekogum_seis,pvkseis_seis_kem3_selg,string,text,,KEM3 seisund selgitus
EELIS/PostgREST,f_tundlikud_alad_pohjaveekogum_seis,seis_kem4,string,text,,KEM4 seisund
EELIS/PostgREST,f_tundlikud_alad_pohjaveekogum_seis,pvkseis_seis_kem4_selg,string,text,,KEM4 seisund selgitus
EELIS/PostgREST,f_tundlikud_alad_pohjaveekogum_seis,seis_kem5,string,text,,KEM5 seisund
EELIS/PostgREST,f_tundlikud_alad_pohjaveekogum_seis,pvkseis_seis_kem5_selg,string,text,,KEM5 seisund selgitus
EELIS/PostgREST,f_tundlikud_alad_pohjaveekogum_seis,seis_kog,string,text,,KOG seisund
EELIS/PostgREST,f_tundlikud_alad_pohjaveekogum_seis,pvkseis_seis_kog_selg,string,text,,KOG seisund selgitus
EELIS/PostgREST,f_tundlikud_alad_pohjaveekogum_seis,seis_kog1,string,text,,KOG1 seisund
EELIS/PostgREST,f_tundlikud_alad_pohjaveekogum_seis,pvkseis_seis_kog1_selg,string,text,,KOG1 seisund selgitus
EELIS/PostgREST,f_tundlikud_alad_pohjaveekogum_seis,seis_kog2,string,text,,KOG2 seisund
EELIS/PostgREST,f_tundlikud_alad_pohjaveekogum_seis,pvkseis_seis_kog2_selg,string,text,,KOG2 seisund selgitus
EELIS/PostgREST,f_tundlikud_alad_pohjaveekogum_seis,seis_kog3,string,text,,KOG3 seisund
EELIS/PostgREST,f_tundlikud_alad_pohjaveekogum_seis,pvkseis_seis_kog3_selg,string,text,,KOG3 seisund selgitus
EELIS/PostgREST,f_tundlikud_alad_pohjaveekogum_seis,seis_kog4,string,text,,KOG4 seisund
EELIS/PostgREST,f_tundlikud_alad_pohjaveekogum_seis,pvkseis_seis_kog4_selg,string,text,,KOG4 seisund selgitus
EELIS/PostgREST,f_tundlikud_alad_pohjaveekogum_seis,usald,string,text,,Usaldusväärsus (koond)
EELIS/PostgREST,f_tundlikud_alad_pohjaveekogum_seis,pvkseis_usald_selg,string,text,,Usaldusväärsus (koond) selgitus
EELIS/PostgREST,f_tundlikud_alad_pohjaveekogum_seis,usald_kem,string,text,,KEM usaldusväärsus
EELIS/PostgREST,f_tundlikud_alad_pohjaveekogum_seis,pvkseis_usald_kem_selg,string,text,,KEM usaldusväärsus selgitus
EELIS/PostgREST,f_tundlikud_alad_pohjaveekogum_seis,usald_kem1,string,text,,KEM1 usaldusväärsus
EELIS/PostgREST,f_tundlikud_alad_pohjaveekogum_seis,pvkseis_usald_kem1_selg,string,text,,KEM1 usaldusväärsus selgitus
EELIS/PostgREST,f_tundlikud_alad_pohjaveekogum_seis,usald_kem2,string,text,,KEM2 usaldusväärsus
EELIS/PostgREST,f_tundlikud_alad_pohjaveekogum_seis,pvkseis_usald_kem2_selg,string,text,,KEM2 usaldusväärsus selgitus
EELIS/PostgREST,f_tundlikud_alad_pohjaveekogum_seis,usald_kem3,string,text,,KEM3 usaldusväärsus
EELIS/PostgREST,f_tundlikud_alad_pohjaveekogum_seis,pvkseis_usald_kem3_selg,string,text,,KEM3 usaldusväärsus selgitus
EELIS/PostgREST,f_tundlikud_alad_pohjaveekogum_seis,usald_kem4,string,text,,KEM4 usaldusväärsus
EELIS/PostgREST,f_tundlikud_alad_pohjaveekogum_seis,pvkseis_usald_kem4_selg,string,text,,KEM4 usaldusväärsus selgitus
EELIS/PostgREST,f_tundlikud_alad_pohjaveekogum_seis,usald_kem5,string,text,,KEM5 usaldusväärsus
EELIS/PostgREST,f_tundlikud_alad_pohjaveekogum_seis,pvkseis_usald_kem5_selg,string,text,,KEM5 usaldusväärsus selgitus
EELIS/PostgREST,f_tundlikud_alad_pohjaveekogum_seis,usald_kog,string,text,,KOG usaldusväärsus
EELIS/PostgREST,f_tundlikud_alad_pohjaveekogum_seis,pvkseis_usald_kog_selg,string,text,,KOG usaldusväärsus selgitus
EELIS/PostgREST,f_tundlikud_alad_pohjaveekogum_seis,usald_kog1,string,text,,KOG1 usaldusväärsus
EELIS/PostgREST,f_tundlikud_alad_pohjaveekogum_seis,pvkseis_usald_kog1_selg,string,text,,KOG1 usaldusväärsus selgitus
EELIS/PostgREST,f_tundlikud_alad_pohjaveekogum_seis,usald_kog2,string,text,,KOG2 usaldusväärsus
EELIS/PostgREST,f_tundlikud_alad_pohjaveekogum_seis,pvkseis_usald_kog2_selg,string,text,,KOG2 usaldusväärsus selgitus
EELIS/PostgREST,f_tundlikud_alad_pohjaveekogum_seis,usald_kog3,string,text,,KOG3 usaldusväärsus
EELIS/PostgREST,f_tundlikud_alad_pohjaveekogum_seis,pvkseis_usald_kog3_selg,string,text,,KOG3 usaldusväärsus selgitus
EELIS/PostgREST,f_tundlikud_alad_pohjaveekogum_seis,usald_kog4,string,text,,KOG4 usaldusväärsus
EELIS/PostgREST,f_tundlikud_alad_pohjaveekogum_seis,pvkseis_usald_kog4_selg,string,text,,KOG4 usaldusväärsus selgitus
EELIS/PostgREST,f_tundlikud_alad_pohjaveekogum_seis,tx_seis,string,text,,Lisainfo (koond)
EELIS/PostgREST,f_tundlikud_alad_pohjaveekogum_seis,tx_seis_kem,string,text,,KEM lisainfo
EELIS/PostgREST,f_tundlikud_alad_pohjaveekogum_seis,tx_seis_kem1,string,text,,KEM1 lisainfo
EELIS/PostgREST,f_tundlikud_alad_pohjaveekogum_seis,tx_seis_kem2,string,text,,KEM2 lisainfo
EELIS/PostgREST,f_tundlikud_alad_pohjaveekogum_seis,tx_seis_kem3,string,text,,KEM3 lisainfo
EELIS/PostgREST,f_tundlikud_alad_pohjaveekogum_seis,tx_seis_kem4,string,text,,KEM4 lisainfo
EELIS/PostgREST,f_tundlikud_alad_pohjaveekogum_seis,tx_seis_kem5,string,text,,KEM5 lisainfo
EELIS/PostgREST,f_tundlikud_alad_pohjaveekogum_seis,tx_seis_kog,string,text,,KOG lisainfo
EELIS/PostgREST,f_tundlikud_alad_pohjaveekogum_seis,tx_seis_kog1,string,text,,KOG1 lisainfo
EELIS/PostgREST,f_tundlikud_alad_pohjaveekogum_seis,tx_seis_kog2,string,text,,KOG2 lisainfo
EELIS/PostgREST,f_tundlikud_alad_pohjaveekogum_seis,tx_seis_kog3,string,text,,KOG3 lisainfo
EELIS/PostgREST,f_tundlikud_alad_pohjaveekogum_seis,tx_seis_kog4,string,text,,KOG4 lisainfo
EELIS/PostgREST,f_tundlikud_alad_pohjaveekogum_seis,muut_aeg,string,timestamp without time zone,,Viimase muutmise aeg
EELIS/PostgREST,f_tundlikud_alad_pohjaveekogum_seis,tundlikala_id,integer,integer,,Tundliku ala ID  Note: This is a Foreign Key to `f_tundlikud_alad.id`.<fk table='f_tundlikud_alad' column='id'/>
EELIS/PostgREST,f_tundlikud_alad_veekogu,id,integer,integer,,Veekogu id
EELIS/PostgREST,f_tundlikud_alad_veekogu,kood,string,text,,Veekogu kood
EELIS/PostgREST,f_tundlikud_alad_veekogu,tyyp,string,text,,Veekogu tüüp
EELIS/PostgREST,f_tundlikud_alad_veekogu,tyyp_selg,string,text,,Veekogu tüüp selgitus
EELIS/PostgREST,f_tundlikud_alad_veekogu,staatus,string,text,,Veekogu staatus
EELIS/PostgREST,f_tundlikud_alad_veekogu,staatus_selg,string,text,,Veekogu staatus selgitus
EELIS/PostgREST,f_tundlikud_alad_veekogu,keht_staatus,string,text,,Kehivuse staatus
EELIS/PostgREST,f_tundlikud_alad_veekogu,nimi,string,text,,Veekogu nimi
EELIS/PostgREST,f_tundlikud_alad_veekogu,kkr_kood,string,text,,KKR kood
EELIS/PostgREST,f_tundlikud_alad_veekogu,muud_nimed,string,text,,Veekogu muud nimed
EELIS/PostgREST,f_tundlikud_alad_veekogu,avalik_kasut,string,text,,Avalik kasutatavus
EELIS/PostgREST,f_tundlikud_alad_veekogu,avalik_kasut_selg,string,text,,Avalik kasutatavus selgitus
EELIS/PostgREST,f_tundlikud_alad_veekogu,vesikond_id,integer,integer,,Vesikond (VRD)
EELIS/PostgREST,f_tundlikud_alad_veekogu,vesikond_selg,string,text,,Vesikond nimi
EELIS/PostgREST,f_tundlikud_alad_veekogu,vesikond_kuulub_id,string,text,,Kuulub id(vesikond)
EELIS/PostgREST,f_tundlikud_alad_veekogu,vesikond_kuulub_nimi,string,text,,Kuulub nimi (vesikond)
EELIS/PostgREST,f_tundlikud_alad_veekogu,on_pandivere_pv,boolean,boolean,,Asub nitraaditundlikul alal 
EELIS/PostgREST,f_tundlikud_alad_veekogu,tx_lisainfo,string,text,,Lisainfo
EELIS/PostgREST,f_tundlikud_alad_veekogu,valgla_suurus,string,text,,Valgala suurus 
EELIS/PostgREST,f_tundlikud_alad_veekogu,valgla_suurus_selg,string,text,,Valgala suurus selgitus
EELIS/PostgREST,f_tundlikud_alad_veekogu,valgla_pindala,number,double precision,,Valgala pindala
EELIS/PostgREST,f_tundlikud_alad_veekogu,valgla_aasta,integer,integer,,Valgala aasta
EELIS/PostgREST,f_tundlikud_alad_veekogu,vee_pindala,number,double precision,,Veepeegli pindala 
EELIS/PostgREST,f_tundlikud_alad_veekogu,saarte_pindala,number,double precision,,Saarte pindala
EELIS/PostgREST,f_tundlikud_alad_veekogu,saarte_arv,integer,integer,,Saarte arv
EELIS/PostgREST,f_tundlikud_alad_veekogu,kesk_sygavus,number,double precision,,Keskmine sügavus
EELIS/PostgREST,f_tundlikud_alad_veekogu,max_sygavus,number,double precision,,Maksimaalne sügavus
EELIS/PostgREST,f_tundlikud_alad_veekogu,vrd_tyyp,string,text,,Veetüüp VRD
EELIS/PostgREST,f_tundlikud_alad_veekogu,vrd_tyyp_selg,string,text,,Veetüüp VRD selgitus
EELIS/PostgREST,f_tundlikud_alad_veekogu,tx_valgala,string,text,,Valgala kirjeldus
EELIS/PostgREST,f_tundlikud_alad_veekogu,vv_latte_ehak_id,integer,integer,,Lätte EHAK
EELIS/PostgREST,f_tundlikud_alad_veekogu,vv_latte_ehak_nimi,string,text,,Lätte EHAK nimi
EELIS/PostgREST,f_tundlikud_alad_veekogu,vv_latte_tyyp,string,text,,Lätte tüüp
EELIS/PostgREST,f_tundlikud_alad_veekogu,vv_latte_tyyp_selg,string,text,,Lätte tüüp selgitus
EELIS/PostgREST,f_tundlikud_alad_veekogu,vv_latte_id,integer,integer,,Lätte veekogu
EELIS/PostgREST,f_tundlikud_alad_veekogu,vv_latte_selg,string,text,,Lätte veekogu nimi
EELIS/PostgREST,f_tundlikud_alad_veekogu,vv_latte_kkr,string,text,,Lätte veekogu kkr 
EELIS/PostgREST,f_tundlikud_alad_veekogu,vv_latte_x,number,double precision,,Lätte X
EELIS/PostgREST,f_tundlikud_alad_veekogu,vv_latte_y,number,double precision,,Lätte Y
EELIS/PostgREST,f_tundlikud_alad_veekogu,vv_suub_ehak_id,integer,integer,,Suubla EHAK
EELIS/PostgREST,f_tundlikud_alad_veekogu,vv_suub_ehak_selg,string,text,,Suubla EHAK nimi
EELIS/PostgREST,f_tundlikud_alad_veekogu,vv_suub_tyyp,string,text,,Suubumise tüüp
EELIS/PostgREST,f_tundlikud_alad_veekogu,vv_suub_tyyp_selg,string,text,,Suubub veekogusse
EELIS/PostgREST,f_tundlikud_alad_veekogu,vv_suub_id,integer,integer,,
EELIS/PostgREST,f_tundlikud_alad_veekogu,vv_suub_selg,string,text,,Suubub veekogusse nimi
EELIS/PostgREST,f_tundlikud_alad_veekogu,vv_suub_kkr,string,text,,Suubub veekogusse kkr
EELIS/PostgREST,f_tundlikud_alad_veekogu,vv_suub_x,number,double precision,,Suubla X
EELIS/PostgREST,f_tundlikud_alad_veekogu,vv_suub_y,number,double precision,,Suubla Y
EELIS/PostgREST,f_tundlikud_alad_veekogu,vv_suub_jark,integer,integer,,Suubumise järk
EELIS/PostgREST,f_tundlikud_alad_veekogu,vv_suub_suudmest,number,double precision,,Suubumiskoha kaugus põhijõe suudmest (km)
EELIS/PostgREST,f_tundlikud_alad_veekogu,vv_pikkus3,number,double precision,,Vooluveekogu põhitelje pikkus (km)
EELIS/PostgREST,f_tundlikud_alad_veekogu,vv_tx_alg_kirj,string,text,,Lähtekoha kirjeldus
EELIS/PostgREST,f_tundlikud_alad_veekogu,vv_tx_suub_kirj,string,text,,Suubumiskoha kirjeldus
EELIS/PostgREST,f_tundlikud_alad_veekogu,jv_laius,number,double precision,,Järve laius (m)
EELIS/PostgREST,f_tundlikud_alad_veekogu,jv_pikkus,number,double precision,,Järve pikkus (m)
EELIS/PostgREST,f_tundlikud_alad_veekogu,jv_kaldaj,number,double precision,,Kaldajoone pikkus (m)
EELIS/PostgREST,f_tundlikud_alad_veekogu,jv_maht,number,double precision,,Maht (tuh m³)
EELIS/PostgREST,f_tundlikud_alad_veekogu,jv_kalda_liigend,number,double precision,,Kalda liigendatus
EELIS/PostgREST,f_tundlikud_alad_veekogu,jv_veevahetus,number,double precision,,Veevahetus (korda aastas)
EELIS/PostgREST,f_tundlikud_alad_veekogu,jv_on_umbjarv,boolean,boolean,,On umbjärv
EELIS/PostgREST,f_tundlikud_alad_veekogu,jv_limn_tyyp,string,text,,Limnoloogiline tüüp
EELIS/PostgREST,f_tundlikud_alad_veekogu,jv_limn_tyyp_selg,string,text,,Limnoloogiline tüüp selgitus
EELIS/PostgREST,f_tundlikud_alad_veekogu,v_veevah_skaala,string,text,,Veevahetuse skaala (järv)
EELIS/PostgREST,f_tundlikud_alad_veekogu,v_veevah_skaala_selg,string,text,,Veevahetus skaala (järv) selgitus
EELIS/PostgREST,f_tundlikud_alad_veekogu,jv_labiv_id,integer,integer,,Läbivoolav veekogu
EELIS/PostgREST,f_tundlikud_alad_veekogu,jv_labiv_selg,string,text,,Läbivoolav veekogu nimi
EELIS/PostgREST,f_tundlikud_alad_veekogu,jv_labiv_kkr,string,text,,Läbivoolav veekogu kkr kood
EELIS/PostgREST,f_tundlikud_alad_veekogu,me_grupp_id,integer,integer,,Kuulub mereala juurde
EELIS/PostgREST,f_tundlikud_alad_veekogu,me_grupp_selg,string,text,,Mereala nimi
EELIS/PostgREST,f_tundlikud_alad_veekogu,me_grupp_kkr,string,text,,Mereala kkr kood
EELIS/PostgREST,f_tundlikud_alad_veekogu,al_tundlik_ala_id,integer,integer,,Asub olulisel allika- või karstialal  Note: This is a Foreign Key to `f_tundlikud_alad.id`.<fk table='f_tundlikud_alad' column='id'/>
EELIS/PostgREST,f_tundlikud_alad_veekogu,tundlik_ala_selg,string,text,,Allika- või karstiala nimi
EELIS/PostgREST,f_tundlikud_alad_veekogu,tundlik_ala_kkr,string,text,,Allika- või karstiala kkr kood
EELIS/PostgREST,f_tundlikud_alad_veekogu,kesk_x,number,double precision,,Veekogu tsentroidi x-koordinaat
EELIS/PostgREST,f_tundlikud_alad_veekogu,kesk_y,number,double precision,,Veekogu tsentroidi y-koordinaat
EELIS/PostgREST,f_tundlikud_alad_veekogu,muut_staatus,string,text,,Menetlusfaas
EELIS/PostgREST,f_tundlikud_alad_veekogu,muut_staatus_selg,string,text,,Menetlusfaas selgitus
EELIS/PostgREST,f_tundlikud_alad_veekogu,muut_aeg,string,timestamp without time zone,,Viimase muutmise aeg
EELIS/PostgREST,f_tundlikud_alad_veekogu,ehak_tekst,string,text,,EHAK koondinfo
EELIS/PostgREST,f_tundlikud_alad_veekogu,ehak_kood1,string,text,,EHAK kood maakond
EELIS/PostgREST,f_tundlikud_alad_veekogu,ehak_kood2,string,text,,EHAK kood vald
EELIS/PostgREST,f_tundlikud_alad_veekogu,ehak_kood3,string,text,,EHAK  alamtase
EELIS/PostgREST,f_veehaarded,id,integer,integer,jah,Id  Note: This is a Primary Key.<pk/>
EELIS/PostgREST,f_veehaarded,id_text,string,text,,ID kood tekst väljatüübina
EELIS/PostgREST,f_veehaarded,tyyp,string,text,,Tüüp
EELIS/PostgREST,f_veehaarded,tyyp_selg,string,text,,Tüüp selgitus
EELIS/PostgREST,f_veehaarded,nimi,string,text,,Nimi
EELIS/PostgREST,f_veehaarded,staatus,string,text,,Staatus
EELIS/PostgREST,f_veehaarded,staatus_selg,string,text,,Staatus selgitus
EELIS/PostgREST,f_veehaarded,keht_staatus,string,text,,Kehivuse staatus
EELIS/PostgREST,f_veehaarded,lopp_aasta,integer,integer,,Kasutuse lõppaasta
EELIS/PostgREST,f_veehaarded,ehak_id,integer,integer,,Kohanimi kood
EELIS/PostgREST,f_veehaarded,ehak_nimi,string,text,,Kohanimi
EELIS/PostgREST,f_veehaarded,kkr_kood,string,text,,KKR kood
EELIS/PostgREST,f_veehaarded,kood_grupp,string,text,,Grupi kood
EELIS/PostgREST,f_veehaarded,puhastamine,string,text,,Veetöötlus
EELIS/PostgREST,f_veehaarded,puhastamine_selg,string,text,,Veetöötlus selgitus
EELIS/PostgREST,f_veehaarded,veeliik,string,text,,Veeliik
EELIS/PostgREST,f_veehaarded,veeliik_selg,string,text,,Veeliik selgitus
EELIS/PostgREST,f_veehaarded,veekogu_id,integer,integer,,Veekogu
EELIS/PostgREST,f_veehaarded,veekogu_selg,string,text,,Veekogu nimi
EELIS/PostgREST,f_veehaarded,veekogu_kkr_kood,string,text,,Veekogu KKR kood
EELIS/PostgREST,f_veehaarded,veekogu_tyyp_selg,string,text,,Veekogu tüüp
EELIS/PostgREST,f_veehaarded,veekogu_keht_staatus,string,text,,Veekogu Kehivuse staatus
EELIS/PostgREST,f_veehaarded,vesikond_id,integer,integer,,Vesikond
EELIS/PostgREST,f_veehaarded,vesikond_selg,string,text,,Vesikond nimi
EELIS/PostgREST,f_veehaarded,vesikond_kuulub_id,string,text,,Kuulub id (vesikond)
EELIS/PostgREST,f_veehaarded,vesikond_kuulub_nimi,string,text,,Kuulub nimi (vesikond)
EELIS/PostgREST,f_veehaarded,puhasti_id,integer,integer,,Puhasti
EELIS/PostgREST,f_veehaarded,puhasti_selg,string,text,,Puhasti nimi
EELIS/PostgREST,f_veehaarded,puhasti_kkr_kood,string,text,,Puhasti KKR kood
EELIS/PostgREST,f_veehaarded,puhasti_meetod,string,text,,Puhasti meetod
EELIS/PostgREST,f_veehaarded,kesk_x,number,double precision,,Tsentroidi x-koordinaat LEST97
EELIS/PostgREST,f_veehaarded,kesk_y,number,double precision,,Tsentroidi y-koordinaat LEST97
EELIS/PostgREST,f_veehaarded,muut_aeg,string,timestamp without time zone,,Viimase muutmise aeg
EELIS/PostgREST,f_veehaarded,haldaja_id,string,text,,Veevärgi haldaja ID
EELIS/PostgREST,f_veehaarded,haldaja_kood,string,text,,Haldaja ärireg kood
EELIS/PostgREST,f_veehaarded,haldaja_nimetus,string,text,,Haldja nimetus
EELIS/PostgREST,f_veehaarded,ehak_tekst,string,text,,EHAK koondinfo
EELIS/PostgREST,f_veehaarded,ehak_kood1,string,text,,EHAK kood maakond
EELIS/PostgREST,f_veehaarded,ehak_kood2,string,text,,EHAK kood vald
EELIS/PostgREST,f_veehaarded,ehak_kood3,string,text,,EHAK alamtase
EELIS/PostgREST,f_veehaarded_dok,dok_id,integer,integer,,Dok ID
EELIS/PostgREST,f_veehaarded_dok,dok_kood,string,text,,Dok kood
EELIS/PostgREST,f_veehaarded_dok,dok_tyyp,string,text,,Dok tüüp
EELIS/PostgREST,f_veehaarded_dok,dok_tyyp_selg,string,text,,Dok tüüp selgitus
EELIS/PostgREST,f_veehaarded_dok,dok_number,string,text,,Dokumendi number
EELIS/PostgREST,f_veehaarded_dok,dok_pealkiri,string,text,,Dokumendi pealkiri
EELIS/PostgREST,f_veehaarded_dok,dok_alg_kehtib,string,timestamp without time zone,,Dokument kehtib alates kp
EELIS/PostgREST,f_veehaarded_dok,dok_alg_kp,string,timestamp without time zone,,Dokument algus kp
EELIS/PostgREST,f_veehaarded_dok,dok_lopp_kp,string,timestamp without time zone,,Dokument lõpp kp
EELIS/PostgREST,f_veehaarded_dok,dok_url,string,text,,Dok URL
EELIS/PostgREST,f_veehaarded_dok,dok_alus_dok_id,integer,integer,,Alus dok ID
EELIS/PostgREST,f_veehaarded_dok,dok_muut_aeg,string,timestamp without time zone,,Viimase muutmise aeg (dok)
EELIS/PostgREST,f_veehaarded_dok,veehaare_id,integer,integer,,Veehaare ID  Note: This is a Foreign Key to `f_veehaarded.id`.<fk table='f_veehaarded' column='id'/>
EELIS/PostgREST,f_veehaarded_ehak,id,integer,integer,,EHAK ID
EELIS/PostgREST,f_veehaarded_ehak,ehak_kood,string,text,,EHAK kood
EELIS/PostgREST,f_veehaarded_ehak,ehak_nimi,string,text,,EHAK nimi
EELIS/PostgREST,f_veehaarded_ehak,ehak_rnimi,string,text,,EHAK rööpnimi
EELIS/PostgREST,f_veehaarded_ehak,vald,string,text,,Vald nimi
EELIS/PostgREST,f_veehaarded_ehak,maa,string,text,,Maakond nimi
EELIS/PostgREST,f_veehaarded_ehak,tyyp,string,text,,EHAK tase
EELIS/PostgREST,f_veehaarded_ehak,ehak_tyyp_selg,string,text,,EHAK tase selgitus
EELIS/PostgREST,f_veehaarded_ehak,ehak_parent,string,text,,EHAK kõrgema taseme kood
EELIS/PostgREST,f_veehaarded_ehak,ehak_muut_aeg,string,timestamp without time zone,,Viimase muudatuse aeg (EHAK)
EELIS/PostgREST,f_veehaarded_ehak,veehaare_id,integer,integer,,Veehaare ID  Note: This is a Foreign Key to `f_veehaarded.id`.<fk table='f_veehaarded' column='id'/>
EELIS/PostgREST,f_veehaarded_fjisik,fjsik_id,integer,integer,,ID
EELIS/PostgREST,f_veehaarded_fjisik,kood,string,text,,äriregistri kood
EELIS/PostgREST,f_veehaarded_fjisik,nimetus,string,text,,Nimetus
EELIS/PostgREST,f_veehaarded_fjisik,veehaare_id,integer,integer,,Veehaare ID  Note: This is a Foreign Key to `f_veehaarded.id`.<fk table='f_veehaarded' column='id'/>
EELIS/PostgREST,f_veehaarded_kandealus,kand_id,integer,integer,,Kandealus ID
EELIS/PostgREST,f_veehaarded_kandealus,kand_kood,string,text,,Kandealus kood
EELIS/PostgREST,f_veehaarded_kandealus,kand_tyyp,string,text,,Kandealus tüüp
EELIS/PostgREST,f_veehaarded_kandealus,kand_tyyp_selg,string,text,,Kandealus tüüp selgitus
EELIS/PostgREST,f_veehaarded_kandealus,kand_nimi,string,text,,Kandealus nimi
EELIS/PostgREST,f_veehaarded_kandealus,kand_obj_tyyp,string,text,,Objekti tüüp (kandealus)
EELIS/PostgREST,f_veehaarded_kandealus,kand_obj_tyyp_selg,string,text,,Objekti tüüp selgitus (kandealus)
EELIS/PostgREST,f_veehaarded_kandealus,kand_kpv,string,timestamp without time zone,,Kandealus kuupäev
EELIS/PostgREST,f_veehaarded_kandealus,kand_alusdok_id,integer,integer,,Alusdokumendi ID 
EELIS/PostgREST,f_veehaarded_kandealus,kand_alusdok_nimi,string,text,,Alusdokumendi nimi
EELIS/PostgREST,f_veehaarded_kandealus,kand_alusdok_alg_kehtib,string,timestamp without time zone,,Alusdokumendi kehtib alates kuupäev
EELIS/PostgREST,f_veehaarded_kandealus,kand_aruanne_id,integer,integer,,Aruanne
EELIS/PostgREST,f_veehaarded_kandealus,kand_aruanne_nimi,string,text,,Aruande nimi
EELIS/PostgREST,f_veehaarded_kandealus,kand_aruanne_aasta,integer,integer,,Aruande aasta
EELIS/PostgREST,f_veehaarded_kandealus,kand_esitamise_viis,string,text,,Esitamise viis
EELIS/PostgREST,f_veehaarded_kandealus,kand_esit_viis_selg,string,text,,Esitamise viis selgitus
EELIS/PostgREST,f_veehaarded_kandealus,kand_dok_kpv,string,timestamp without time zone,,Kandealus dokumendi kuupäev
EELIS/PostgREST,f_veehaarded_kandealus,kand_tx_lisainfo,string,text,,Lisainfo (kandealus)
EELIS/PostgREST,f_veehaarded_kandealus,kand_muut_aeg,string,timestamp without time zone,,Viimase muutmise aeg (kandealus)
EELIS/PostgREST,f_veehaarded_kandealus,veehaare_id,integer,integer,,Veehaare ID  Note: This is a Foreign Key to `f_veehaarded.id`.<fk table='f_veehaarded' column='id'/>
EELIS/PostgREST,f_veehaarded_kirjandus,kirj_seose_id,integer,integer,,Kirjandus seose ID
EELIS/PostgREST,f_veehaarded_kirjandus,kirj_id,integer,integer,,Kirjandus ID
EELIS/PostgREST,f_veehaarded_kirjandus,tyyp,string,text,,Tüüp
EELIS/PostgREST,f_veehaarded_kirjandus,kirjandus_tyyp_selg,string,text,,Kirjandus tüübi selgitus
EELIS/PostgREST,f_veehaarded_kirjandus,kuulub_id,integer,integer,,Kuulub
EELIS/PostgREST,f_veehaarded_kirjandus,kirj_nimi_sari,string,text,,Sarja nimi
EELIS/PostgREST,f_veehaarded_kirjandus,kirj_nimi,string,text,,Teose nimi
EELIS/PostgREST,f_veehaarded_kirjandus,kirj_artikkel,string,text,,Artikkel
EELIS/PostgREST,f_veehaarded_kirjandus,kirj_tx_viide,string,text,,Kirjanduse viide
EELIS/PostgREST,f_veehaarded_kirjandus,kirj_autor,string,text,,Teose autor
EELIS/PostgREST,f_veehaarded_kirjandus,kirj_fjisik_nimi,string,text,,Autori ees- ja perekonnanimi
EELIS/PostgREST,f_veehaarded_kirjandus,kirj_fjisik_nimetus,string,text,,Nimetus
EELIS/PostgREST,f_veehaarded_kirjandus,valjaandja,string,text,,Teose väljaandja
EELIS/PostgREST,f_veehaarded_kirjandus,valjaandja_id,integer,integer,,Teose väljaandja ID
EELIS/PostgREST,f_veehaarded_kirjandus,aeg_kp,string,timestamp without time zone,,Avaldamise kuupäev (kirjandus)
EELIS/PostgREST,f_veehaarded_kirjandus,kirj_aeg_aasta,integer,integer,,Avaldamise aasta (kirjandus)
EELIS/PostgREST,f_veehaarded_kirjandus,aeg_kuu,integer,integer,,Avaldamise kuu (kirjandus)
EELIS/PostgREST,f_veehaarded_kirjandus,teema,string,text,,Kirjanduse teemad
EELIS/PostgREST,f_veehaarded_kirjandus,url,string,text,,Kirjanduse link
EELIS/PostgREST,f_veehaarded_kirjandus,tx_kirjeldus,string,text,,Teose kirjeldus
EELIS/PostgREST,f_veehaarded_kirjandus,tx_litsents,string,text,,Teose litsents
EELIS/PostgREST,f_veehaarded_kirjandus,sisu_tyyp,string,text,,Sisu tüüp
EELIS/PostgREST,f_veehaarded_kirjandus,sisu_tyyp_selg,string,text,,Sisu tüübi selgitus
EELIS/PostgREST,f_veehaarded_kirjandus,tx_sisu,string,text,,Kirjanduse sisu
EELIS/PostgREST,f_veehaarded_kirjandus,kirj_muut_aeg,string,timestamp without time zone,,Viimase muutmise aeg (kirjandus)
EELIS/PostgREST,f_veehaarded_kirjandus,veehaare_id,integer,integer,,Veehaarde ID  Note: This is a Foreign Key to `f_veehaarded.id`.<fk table='f_veehaarded' column='id'/>
EELIS/PostgREST,f_veehaarded_puurauk,id,integer,integer,,ID
EELIS/PostgREST,f_veehaarded_puurauk,tyyp,string,text,,Tüüp
EELIS/PostgREST,f_veehaarded_puurauk,tyyp_selg,string,text,,Tüüp selgitus
EELIS/PostgREST,f_veehaarded_puurauk,nimi,string,text,,Nimi
EELIS/PostgREST,f_veehaarded_puurauk,keht_staatus,string,text,,Kehtivuse staatus
EELIS/PostgREST,f_veehaarded_puurauk,kkr_kood,string,text,,Registrikood
EELIS/PostgREST,f_veehaarded_puurauk,jaakreostusala_id,integer,integer,,Jaakreostusala
EELIS/PostgREST,f_veehaarded_puurauk,jaakreostusala_nimi,string,text,,Jaakreostusala nimi
EELIS/PostgREST,f_veehaarded_puurauk,jaakreostusala_kkr_kood,string,text,,Jaakreostusala KKR kood
EELIS/PostgREST,f_veehaarded_puurauk,veehaare_id,integer,integer,,Veehaare ID  Note: This is a Foreign Key to `f_veehaarded.id`.<fk table='f_veehaarded' column='id'/>
EELIS/PostgREST,f_veehaarded_puurauk,puurija_id,integer,integer,,Puurija ID
EELIS/PostgREST,f_veehaarded_puurauk,puurija_nimi,string,text,,Puurija nimetus
EELIS/PostgREST,f_veehaarded_puurauk,puurija_kood,string,text,,Puurija kood
EELIS/PostgREST,f_veehaarded_puurauk,valdaja_id,integer,integer,,Valdaja
EELIS/PostgREST,f_veehaarded_puurauk,valdaja_nimi,string,text,,Valdaja nimetus
EELIS/PostgREST,f_veehaarded_puurauk,valdaja_kood,string,text,,Valdaja kood
EELIS/PostgREST,f_veehaarded_puurauk,maasoojussysteem_id,integer,integer,,Kuulub maasoojussüsteemi
EELIS/PostgREST,f_veehaarded_puurauk,maayksus,string,text,,Maaüksuse tunnus
EELIS/PostgREST,f_veehaarded_puurauk,maayksus_nimi,string,text,,Maaüksuse nimi
EELIS/PostgREST,f_veehaarded_puurauk,voond_toiteala_id,integer,integer,,Toiteala
EELIS/PostgREST,f_veehaarded_puurauk,on_pandivere_pv,boolean,boolean,,Asub nitraaditundlikul alal 
EELIS/PostgREST,f_veehaarded_puurauk,katastri_nr,string,text,,Katastri nr
EELIS/PostgREST,f_veehaarded_puurauk,pass_nr,string,text,,Pass nr
EELIS/PostgREST,f_veehaarded_puurauk,invent_nr,string,text,,Inventari nr
EELIS/PostgREST,f_veehaarded_puurauk,puur_nr,string,text,,Puuraugu nr
EELIS/PostgREST,f_veehaarded_puurauk,seire_nr,string,text,,Seire nr
EELIS/PostgREST,f_veehaarded_puurauk,akti_nr,string,text,,Akti nr
EELIS/PostgREST,f_veehaarded_puurauk,kivimikiht_id,integer,integer,,Kivimikiht
EELIS/PostgREST,f_veehaarded_puurauk,kivimikiht_tyyp,string,text,,Kivimikiht tüüp
EELIS/PostgREST,f_veehaarded_puurauk,kivimikiht_kood,string,text,,Kivimikiht kood
EELIS/PostgREST,f_veehaarded_puurauk,kivimikiht_nimi,string,text,,Kivimikiht nimi
EELIS/PostgREST,f_veehaarded_puurauk,kivimikiht_nimi_en,string,text,,Kivimikiht nimi ingl k
EELIS/PostgREST,f_veehaarded_puurauk,kivimikiht_tx_lisainfo,string,text,,Kivimikiht lisainfo
EELIS/PostgREST,f_veehaarded_puurauk,kivimikiht_tx_leviala,string,text,,Kivimikiht leviala
EELIS/PostgREST,f_veehaarded_puurauk,veekiht_nimi,string,text,,Põhjaveekihi nimetus
EELIS/PostgREST,f_veehaarded_puurauk,veekiht,string,text,,Põhjaveekihi indeks
EELIS/PostgREST,f_veehaarded_puurauk,veekogum,string,text,,Veekogum
EELIS/PostgREST,f_veehaarded_puurauk,pohjaveekogum_id,integer,integer,,Pohjaveekogum
EELIS/PostgREST,f_veehaarded_puurauk,pohjaveekogum_nimi,string,text,,Pohjaveekogumi nimi
EELIS/PostgREST,f_veehaarded_puurauk,pohjaveekogum_pealmine_id,integer,integer,,Pealmine läbitav põhjaveekogum
EELIS/PostgREST,f_veehaarded_puurauk,vesikond_id,integer,integer,,Vesikond
EELIS/PostgREST,f_veehaarded_puurauk,arv_k_nr,string,text,,ArvKNr
EELIS/PostgREST,f_veehaarded_puurauk,aruande_nr,string,text,,Aruande nr 
EELIS/PostgREST,f_veehaarded_puurauk,aadress,string,text,,Aadress
EELIS/PostgREST,f_veehaarded_puurauk,z_abs,number,double precision,,Maapinna absoluutkõrgus (m)
EELIS/PostgREST,f_veehaarded_puurauk,sygavus,number,double precision,,Sügavus (m)
EELIS/PostgREST,f_veehaarded_puurauk,kasutus,string,text,,Kasutus
EELIS/PostgREST,f_veehaarded_puurauk,kasutus_selg,string,text,,Kasutus selgitus
EELIS/PostgREST,f_veehaarded_puurauk,rajam_kp,string,timestamp without time zone,,Rajamise kuupäev
EELIS/PostgREST,f_veehaarded_puurauk,puur_aasta,integer,integer,,Puurimise aasta
EELIS/PostgREST,f_veehaarded_puurauk,renov_aasta,integer,integer,,Renoveerimise aasta
EELIS/PostgREST,f_veehaarded_puurauk,likv_aasta,integer,integer,,Likvideerimise aasta
EELIS/PostgREST,f_veehaarded_puurauk,puur_org,string,text,,Puurinud ettevõte
EELIS/PostgREST,f_veehaarded_puurauk,puur_viis,string,text,,Puurimise viis
EELIS/PostgREST,f_veehaarded_puurauk,puur_viis_selg,string,text,,Puurimise viis selgitus
EELIS/PostgREST,f_veehaarded_puurauk,puur_mark,string,text,,Puurmasina tüüp/mark
EELIS/PostgREST,f_veehaarded_puurauk,pump_liik,string,text,,Pump. liik
EELIS/PostgREST,f_veehaarded_puurauk,pump_liik_selg,string,text,,Pump. Liik selgitus
EELIS/PostgREST,f_veehaarded_puurauk,pump_viis,string,text,,Pump. viis
EELIS/PostgREST,f_veehaarded_puurauk,pump_viis_selg,string,text,,Pump. Viis selgitus
EELIS/PostgREST,f_veehaarded_puurauk,tehn_seisund,string,text,,Tehn. seisund
EELIS/PostgREST,f_veehaarded_puurauk,san_seisund,string,text,,San. seisund
EELIS/PostgREST,f_veehaarded_puurauk,san_seisund_selg,string,text,,San. Seisund selgitus
EELIS/PostgREST,f_veehaarded_puurauk,san_kaitseala,string,text,,San. kaitseala
EELIS/PostgREST,f_veehaarded_puurauk,kesk_x,number,double precision,,x
EELIS/PostgREST,f_veehaarded_puurauk,kesk_y,number,double precision,,y
EELIS/PostgREST,f_veehaarded_puurauk,muut_aeg,string,timestamp without time zone,,Muutmise aeg
EELIS/PostgREST,f_veehaarded_puurauk,ehak_tekst,string,text,,EHAK koondinfo
EELIS/PostgREST,f_veehaarded_puurauk,ehak_kood1,string,text,,EHAK kood maakond
EELIS/PostgREST,f_veehaarded_puurauk,ehak_kood2,string,text,,EHAK kood vald
EELIS/PostgREST,f_veehaarded_puurauk,ehak_kood3,string,text,,EHAK alamtase
EELIS/PostgREST,f_veehaarded_veekogum,id,integer,integer,,Id
EELIS/PostgREST,f_veehaarded_veekogum,kood,string,text,,Kood
EELIS/PostgREST,f_veehaarded_veekogum,kood_cd,string,text,,EL kood
EELIS/PostgREST,f_veehaarded_veekogum,nimi,string,text,,Nimi
EELIS/PostgREST,f_veehaarded_veekogum,lyhend,string,text,,Lühinimi
EELIS/PostgREST,f_veehaarded_veekogum,tyyp,string,text,,Kategooria
EELIS/PostgREST,f_veehaarded_veekogum,tyyp_selg,string,text,,Kategooria selgitus
EELIS/PostgREST,f_veehaarded_veekogum,alamkategooria,string,text,,Alamkategooria
EELIS/PostgREST,f_veehaarded_veekogum,alamkategooria_selg,string,text,,Alamkategooria selgitus
EELIS/PostgREST,f_veehaarded_veekogum,tmv_pohjus,string,text,,TMV määramise põhjendus
EELIS/PostgREST,f_veehaarded_veekogum,tmv_pohjus_selg,string,text,,TMV määramise põhjendus selgitus
EELIS/PostgREST,f_veehaarded_veekogum,tmv_muutused,string,text,,TMV põhjendus (füüsilised muutused)
EELIS/PostgREST,f_veehaarded_veekogum,tmv_muutused_selg,string,text,,TMV põhjendus (füüsilised muutused) selgitus
EELIS/PostgREST,f_veehaarded_veekogum,tx_tmv_info,string,text,,TMV info
EELIS/PostgREST,f_veehaarded_veekogum,vee_tyyp,string,text,,Vee tüüp
EELIS/PostgREST,f_veehaarded_veekogum,vee_tyyp_selg,string,text,,Vee tüüp selgitus
EELIS/PostgREST,f_veehaarded_veekogum,interkalibr_tyyp,string,text,,Interkalibreerimise tüüp
EELIS/PostgREST,f_veehaarded_veekogum,interkalibr_tyyp_selg,string,text,,Interkalibreerimise tüüp selgitus
EELIS/PostgREST,f_veehaarded_veekogum,paiknevus,string,text,,Paiknevus
EELIS/PostgREST,f_veehaarded_veekogum,paiknevus_selg,string,text,,Paiknevus selgitus
EELIS/PostgREST,f_veehaarded_veekogum,staatus,string,text,,Staatus
EELIS/PostgREST,f_veehaarded_veekogum,staatus_selg,string,text,,Staatus selgitus
EELIS/PostgREST,f_veehaarded_veekogum,alg_kp,string,timestamp without time zone,,Alg kp
EELIS/PostgREST,f_veehaarded_veekogum,lopp_kp,string,timestamp without time zone,,Lõpp kp
EELIS/PostgREST,f_veehaarded_veekogum,muudatused,string,text,,Muudatused
EELIS/PostgREST,f_veehaarded_veekogum,muudatused_selg,string,text,,Muudatused selgitus
EELIS/PostgREST,f_veehaarded_veekogum,veekogu_id,integer,integer,,Veekogu
EELIS/PostgREST,f_veehaarded_veekogum,veekogu_nimi,string,text,,Veekogu nimi
EELIS/PostgREST,f_veehaarded_veekogum,veekogu_kkr_kood,string,text,,Veekogu KKR kood
EELIS/PostgREST,f_veehaarded_veekogum,veekogu_tyyp,string,text,,Veekogu tüüp
EELIS/PostgREST,f_veehaarded_veekogum,veekogu_tyyp_selg,string,text,,Veekogu tüübi selgitus
EELIS/PostgREST,f_veehaarded_veekogum,veekogu_keht_staatus,string,text,,Veekogu kehtivuse staatus
EELIS/PostgREST,f_veehaarded_veekogum,paisjarv_id,integer,integer,,Paisjärv
EELIS/PostgREST,f_veehaarded_veekogum,paisjarv_nimi,string,text,,Paisjärve nimi
EELIS/PostgREST,f_veehaarded_veekogum,paisjarv_kkr_kood,string,text,,Paisjärve KKR kood
EELIS/PostgREST,f_veehaarded_veekogum,paisjarv_tyyp,string,text,,Paisjärve tüüp
EELIS/PostgREST,f_veehaarded_veekogum,paisjarv_tyyp_selg,string,text,,Paisjärve tüübi selgitus
EELIS/PostgREST,f_veehaarded_veekogum,paisjarv_keht_staatus,string,text,,Paisjärve kehtivuse staatus
EELIS/PostgREST,f_veehaarded_veekogum,veekogu_osa_nr,integer,integer,,Veekogu osa nr
EELIS/PostgREST,f_veehaarded_veekogum,pikkus,number,double precision,,Pikkus (km)
EELIS/PostgREST,f_veehaarded_veekogum,pindala,number,double precision,,Pindala (km²)
EELIS/PostgREST,f_veehaarded_veekogum,kesk_x,number,double precision,,x
EELIS/PostgREST,f_veehaarded_veekogum,kesk_y,number,double precision,,y
EELIS/PostgREST,f_veehaarded_veekogum,keht_staatus,string,text,,kehivuse staatus
EELIS/PostgREST,f_veehaarded_veekogum,muut_aeg,string,timestamp without time zone,,Muutmise aeg
EELIS/PostgREST,f_veehaarded_veekogum,veehaare_id,integer,integer,,Veehaare ID  Note: This is a Foreign Key to `f_veehaarded.id`.<fk table='f_veehaarded' column='id'/>
EELIS/PostgREST,f_veehaarded_veekogum_seis,veekogum_seis_id,integer,integer,,Veekogumi seisu ID
EELIS/PostgREST,f_veehaarded_veekogum_seis,veehaare_id,integer,integer,,Veehaare ID  Note: This is a Foreign Key to `f_veehaarded.id`.<fk table='f_veehaarded' column='id'/>
EELIS/PostgREST,f_veehaarded_veekogum_seis,veekogum_id,integer,integer,,Veekogumi ID
EELIS/PostgREST,f_veehaarded_veekogum_seis,vkgm_kood,string,text,,Veekogumi registrikood
EELIS/PostgREST,f_veehaarded_veekogum_seis,vkgm_nimi,string,text,,Veekogumi nimi
EELIS/PostgREST,f_veehaarded_veekogum_seis,vkmseis_tyyp,string,text,,Veekogumi seisu tüüp
EELIS/PostgREST,f_veehaarded_veekogum_seis,vkmseis_tyyp_selg,string,text,,Veekogumi seisu tüübi selgitus
EELIS/PostgREST,f_veehaarded_veekogum_seis,seis,string,text,,Koondhinnang
EELIS/PostgREST,f_veehaarded_veekogum_seis,seis_selg,string,text,,Koondhinnangu selgitus
EELIS/PostgREST,f_veehaarded_veekogum_seis,seis_ose,string,text,,ÖSE koondhinnang
EELIS/PostgREST,f_veehaarded_veekogum_seis,seis_ose_selg,string,text,,ÖSE koondhinnangu selgitus
EELIS/PostgREST,f_veehaarded_veekogum_seis,seis_kese,string,text,,KESE koondhinnang
EELIS/PostgREST,f_veehaarded_veekogum_seis,seis_kese_selg,string,text,,KESE koondhinnangu selgitus
EELIS/PostgREST,f_veehaarded_veekogum_seis,aasta,string,text,,Aasta
EELIS/PostgREST,f_veehaarded_veekogum_seis,muut_staatus,string,text,,HInnangu menetlusfaas
EELIS/PostgREST,f_veehaarded_veekogum_seis,vmkseis_muut_staatus_selg,string,text,,Hinnangu menetlusfaasi selgitus
EELIS/PostgREST,f_veehaarded_veekogum_seis,hng_keht_staatus,string,text,,Hinnangu menetlusfaas
EELIS/PostgREST,f_veehaarded_vesikond,vesikond_id,integer,integer,,Vesikond ID
EELIS/PostgREST,f_veehaarded_vesikond,vesikond_id_text,string,text,,Vesikond ID (tekst)
EELIS/PostgREST,f_veehaarded_vesikond,vesikond_kood_vrd,string,text,,Vesikond vrd kood
EELIS/PostgREST,f_veehaarded_vesikond,vesikond_tyyp,string,text,,Vesikond tüüp
EELIS/PostgREST,f_veehaarded_vesikond,vesikond_tyyp_selg,string,text,,Vesikond tüüp selgitus
EELIS/PostgREST,f_veehaarded_vesikond,vesikond_nimi,string,text,,Vesikond nimi
EELIS/PostgREST,f_veehaarded_vesikond,staatus,string,text,,Staatus
EELIS/PostgREST,f_veehaarded_vesikond,keht_staatus,string,text,,Kehtivuse staatus
EELIS/PostgREST,f_veehaarded_vesikond,kuulub_id,integer,integer,,Kuulub id (vesikond)
EELIS/PostgREST,f_veehaarded_vesikond,kuulub_nimi,string,text,,Kuulub nimi (vesikond)
EELIS/PostgREST,f_veehaarded_vesikond,vesikond_muut_aeg,string,timestamp without time zone,,Vesikond muutmise kp
EELIS/PostgREST,f_veehaarded_vesikond,veehaare_id,integer,integer,,Veehaare ID  Note: This is a Foreign Key to `f_veehaarded.id`.<fk table='f_veehaarded' column='id'/>
EELIS/PostgREST,f_veehaarded_vesikond,muut_staatus,string,text,,Muutmise staatus
EELIS/PostgREST,f_veehaarded_vesikond,vesikond_pindala_km2,number,numeric,,Vesikonna pindala
EELIS/PostgREST,f_veehaarded_vesiviljelus,vv_id,integer,integer,,Vesiviljelus ID
EELIS/PostgREST,f_veehaarded_vesiviljelus,vv_kkr_kood,string,text,,Vesiviljelus KKR kood
EELIS/PostgREST,f_veehaarded_vesiviljelus,fjisik_id,integer,integer,,Omanik
EELIS/PostgREST,f_veehaarded_vesiviljelus,arirg_kood,string,text,,Ärireg kood
EELIS/PostgREST,f_veehaarded_vesiviljelus,nimetus,string,text,,Nimetus
EELIS/PostgREST,f_veehaarded_vesiviljelus,vv_tyyp,string,text,,Vesiviljeluse tüüp
EELIS/PostgREST,f_veehaarded_vesiviljelus,vv_tyyp_selg,string,text,,Vesiviljeluse tüüp selgitus
EELIS/PostgREST,f_veehaarded_vesiviljelus,tegevuse_alus,string,text,,Vesiviljeluse tegevuse alus
EELIS/PostgREST,f_veehaarded_vesiviljelus,tegevuse_alus_selg,string,text,,Vesiviljeluse tegevuse alus selgitus
EELIS/PostgREST,f_veehaarded_vesiviljelus,vv_staatus,string,text,,Vesiviljeluse staatus
EELIS/PostgREST,f_veehaarded_vesiviljelus,vv_staatus_selg,string,text,,Vesiviljeluse staatus selgitus
EELIS/PostgREST,f_veehaarded_vesiviljelus,vv_nimi,string,text,,Nimi (vesivilj.)
EELIS/PostgREST,f_veehaarded_vesiviljelus,kultuur,string,text,,Vesiviljeluse kultuur
EELIS/PostgREST,f_veehaarded_vesiviljelus,kultuur_selg,string,text,,Vesiviljeluse kultuur
EELIS/PostgREST,f_veehaarded_vesiviljelus,veehaare_id,integer,integer,,Veehaare ID  Note: This is a Foreign Key to `f_veehaarded.id`.<fk table='f_veehaarded' column='id'/>
EELIS/PostgREST,f_veehaarded_vesiviljelus,vv_muut_aeg,string,timestamp without time zone,,Muutmise aeg (vesivilj.)
EELIS/PostgREST,f_veehaarded_voond,voond_id,integer,integer,,Vööndi ID
EELIS/PostgREST,f_veehaarded_voond,voond_tyyp,string,text,,Vööndi tüüp
EELIS/PostgREST,f_veehaarded_voond,voond_tyyp_selg,string,text,,Vööndi tüüp selgitus
EELIS/PostgREST,f_veehaarded_voond,voond_nimi,string,text,,Vööndi nimi
EELIS/PostgREST,f_veehaarded_voond,veehaare_id,integer,integer,,Veehaare ID  Note: This is a Foreign Key to `f_veehaarded.id`.<fk table='f_veehaarded' column='id'/>
EELIS/PostgREST,f_veehaarded_voond,ulatus,number,double precision,,Kaitsevööndi ulatus
EELIS/PostgREST,f_veehaarded_voond,pind_maa,number,double precision,,Vööndi maismaaosa pindala
EELIS/PostgREST,f_veehaarded_voond,pind_vesi,number,double precision,,Vööndi veeosa pindala
EELIS/PostgREST,f_veehaarded_voond,voond_muut_aeg,string,timestamp without time zone,,Viimase muutmise aeg (voond)
EELIS/PostgREST,f_veehaarded_voond,voond_kaardiobj_id,integer,integer,,Kaardiobjekt
EELIS/PostgREST,f_veekogud,id,integer,integer,jah,Veekogu id  Note: This is a Primary Key.<pk/>
EELIS/PostgREST,f_veekogud,id_text,string,text,,ID kood tekst väljatüübina
EELIS/PostgREST,f_veekogud,kood,string,text,,Veekogu kood
EELIS/PostgREST,f_veekogud,tyyp,string,text,,Veekogu tüüp
EELIS/PostgREST,f_veekogud,tyyp_selg,string,text,,Veekogu tüüp selgitus
EELIS/PostgREST,f_veekogud,staatus,string,text,,Veekogu staatus
EELIS/PostgREST,f_veekogud,staatus_selg,string,text,,Veekogu staatus selgitus
EELIS/PostgREST,f_veekogud,keht_staatus,string,text,,Kehivuse staatus
EELIS/PostgREST,f_veekogud,nimi,string,text,,Veekogu nimi
EELIS/PostgREST,f_veekogud,kkr_kood,string,text,,KKR kood
EELIS/PostgREST,f_veekogud,muud_nimed,string,text,,Veekogu muud nimed
EELIS/PostgREST,f_veekogud,avalik_kasut,string,text,,Avalik kasutatavus
EELIS/PostgREST,f_veekogud,avalik_kasut_selg,string,text,,Avalik kasutatavus selgitus
EELIS/PostgREST,f_veekogud,vesikond_id,integer,integer,,Vesikond (VRD)
EELIS/PostgREST,f_veekogud,vesikond_selg,string,text,,Vesikond nimi
EELIS/PostgREST,f_veekogud,vesikond_kuulub_id,string,text,,Kuulub id(vesikond)
EELIS/PostgREST,f_veekogud,vesikond_kuulub_nimi,string,text,,Kuulub nimi (vesikond)
EELIS/PostgREST,f_veekogud,on_pandivere_pv,boolean,boolean,,Asub nitraaditundlikul alal 
EELIS/PostgREST,f_veekogud,tx_lisainfo,string,text,,Lisainfo
EELIS/PostgREST,f_veekogud,valgla_suurus,string,text,,Valgala suurus 
EELIS/PostgREST,f_veekogud,valgla_suurus_selg,string,text,,Valgala suurus selgitus
EELIS/PostgREST,f_veekogud,valgla_pindala,number,double precision,,Valgala pindala
EELIS/PostgREST,f_veekogud,valgla_aasta,integer,integer,,Valgala aasta
EELIS/PostgREST,f_veekogud,vee_pindala,number,double precision,,Veepeegli pindala 
EELIS/PostgREST,f_veekogud,saarte_pindala,number,double precision,,Saarte pindala
EELIS/PostgREST,f_veekogud,saarte_arv,integer,integer,,Saarte arv
EELIS/PostgREST,f_veekogud,kesk_sygavus,number,double precision,,Keskmine sügavus
EELIS/PostgREST,f_veekogud,max_sygavus,number,double precision,,Maksimaalne sügavus
EELIS/PostgREST,f_veekogud,vrd_tyyp,string,text,,Veetüüp VRD
EELIS/PostgREST,f_veekogud,vrd_tyyp_selg,string,text,,Veetüüp VRD selgitus
EELIS/PostgREST,f_veekogud,tx_valgala,string,text,,Valgala kirjeldus
EELIS/PostgREST,f_veekogud,vv_latte_ehak_id,integer,integer,,Lätte EHAK
EELIS/PostgREST,f_veekogud,vv_latte_ehak_nimi,string,text,,Lätte EHAK nimi
EELIS/PostgREST,f_veekogud,vv_latte_tyyp,string,text,,Lätte tüüp
EELIS/PostgREST,f_veekogud,vv_latte_tyyp_selg,string,text,,Lätte tüüp selgitus
EELIS/PostgREST,f_veekogud,vv_latte_id,integer,integer,,Lätte veekogu
EELIS/PostgREST,f_veekogud,vv_latte_selg,string,text,,Lätte veekogu nimi
EELIS/PostgREST,f_veekogud,vv_latte_kkr,string,text,,Lätte veekogu kkr 
EELIS/PostgREST,f_veekogud,vv_latte_x,number,double precision,,Lätte X
EELIS/PostgREST,f_veekogud,vv_latte_y,number,double precision,,Lätte Y
EELIS/PostgREST,f_veekogud,vv_suub_ehak_id,integer,integer,,Suubla EHAK
EELIS/PostgREST,f_veekogud,vv_suub_ehak_selg,string,text,,Suubla EHAK nimi
EELIS/PostgREST,f_veekogud,vv_suub_tyyp,string,text,,Suubumise tüüp
EELIS/PostgREST,f_veekogud,vv_suub_tyyp_selg,string,text,,Suubub veekogusse
EELIS/PostgREST,f_veekogud,vv_suub_id,integer,integer,,
EELIS/PostgREST,f_veekogud,vv_suub_selg,string,text,,Suubub veekogusse nimi
EELIS/PostgREST,f_veekogud,vv_suub_kkr,string,text,,Suubub veekogusse kkr
EELIS/PostgREST,f_veekogud,vv_suub_x,number,double precision,,Suubla X
EELIS/PostgREST,f_veekogud,vv_suub_y,number,double precision,,Suubla Y
EELIS/PostgREST,f_veekogud,vv_suub_jark,integer,integer,,Suubumise järk
EELIS/PostgREST,f_veekogud,vv_suub_suudmest,number,double precision,,Suubumiskoha kaugus põhijõe suudmest (km)
EELIS/PostgREST,f_veekogud,vv_pikkus3,number,double precision,,Vooluveekogu põhitelje pikkus (km)
EELIS/PostgREST,f_veekogud,vv_tx_alg_kirj,string,text,,Lähtekoha kirjeldus
EELIS/PostgREST,f_veekogud,vv_tx_suub_kirj,string,text,,Suubumiskoha kirjeldus
EELIS/PostgREST,f_veekogud,jv_laius,number,double precision,,Järve laius (m)
EELIS/PostgREST,f_veekogud,jv_pikkus,number,double precision,,Järve pikkus (m)
EELIS/PostgREST,f_veekogud,jv_kaldaj,number,double precision,,Kaldajoone pikkus (m)
EELIS/PostgREST,f_veekogud,jv_maht,number,double precision,,Maht (tuh m³)
EELIS/PostgREST,f_veekogud,jv_kalda_liigend,number,double precision,,Kalda liigendatus
EELIS/PostgREST,f_veekogud,jv_veevahetus,number,double precision,,Veevahetus (korda aastas)
EELIS/PostgREST,f_veekogud,jv_on_umbjarv,boolean,boolean,,On umbjärv
EELIS/PostgREST,f_veekogud,jv_limn_tyyp,string,text,,Limnoloogiline tüüp
EELIS/PostgREST,f_veekogud,jv_limn_tyyp_selg,string,text,,Limnoloogiline tüüp selgitus
EELIS/PostgREST,f_veekogud,v_veevah_skaala,string,text,,Veevahetuse skaala (järv)
EELIS/PostgREST,f_veekogud,v_veevah_skaala_selg,string,text,,Veevahetus skaala (järv) selgitus
EELIS/PostgREST,f_veekogud,jv_labiv_id,integer,integer,,Läbivoolav veekogu
EELIS/PostgREST,f_veekogud,jv_labiv_selg,string,text,,Läbivoolav veekogu nimi
EELIS/PostgREST,f_veekogud,jv_labiv_kkr,string,text,,Läbivoolav veekogu kkr kood
EELIS/PostgREST,f_veekogud,me_grupp_id,integer,integer,,Kuulub mereala juurde
EELIS/PostgREST,f_veekogud,me_grupp_selg,string,text,,Mereala nimi
EELIS/PostgREST,f_veekogud,me_grupp_kkr,string,text,,Mereala kkr kood
EELIS/PostgREST,f_veekogud,al_tundlik_ala_id,integer,integer,,Asub olulisel allika- või karstialal
EELIS/PostgREST,f_veekogud,tundlik_ala_selg,string,text,,Allika- või karstiala nimi
EELIS/PostgREST,f_veekogud,tundlik_ala_kkr,string,text,,Allika- või karstiala kkr kood
EELIS/PostgREST,f_veekogud,kesk_x,number,double precision,,Veekogu tsentroidi x-koordinaat
EELIS/PostgREST,f_veekogud,kesk_y,number,double precision,,Veekogu tsentroidi y-koordinaat
EELIS/PostgREST,f_veekogud,muut_staatus,string,text,,Menetlusfaas
EELIS/PostgREST,f_veekogud,muut_staatus_selg,string,text,,Menetlusfaas selgitus
EELIS/PostgREST,f_veekogud,muut_aeg,string,timestamp without time zone,,Viimase muutmise aeg
EELIS/PostgREST,f_veekogud,ehak_tekst,string,text,,EHAK koondinfo
EELIS/PostgREST,f_veekogud,ehak_kood1,string,text,,EHAK kood maakond
EELIS/PostgREST,f_veekogud,ehak_kood2,string,text,,EHAK kood vald
EELIS/PostgREST,f_veekogud,ehak_kood3,string,text,,EHAK  alamtase
EELIS/PostgREST,f_veekogud_ala_kaitse_pyp,id,integer,integer,,Ala ID
EELIS/PostgREST,f_veekogud_ala_kaitse_pyp,nimi,string,text,,Nimi
EELIS/PostgREST,f_veekogud_ala_kaitse_pyp,tyyp,string,text,,Tüübi kood
EELIS/PostgREST,f_veekogud_ala_kaitse_pyp,tyyp_selg,string,text,,Tüübi selgitus
EELIS/PostgREST,f_veekogud_ala_kaitse_pyp,kuulub_id,integer,integer,,Asub kaitsealal ID
EELIS/PostgREST,f_veekogud_ala_kaitse_pyp,kuulub_selg,string,text,,Asub kaitsealal nimi
EELIS/PostgREST,f_veekogud_ala_kaitse_pyp,on_regobj,boolean,boolean,,On registriobjekt
EELIS/PostgREST,f_veekogud_ala_kaitse_pyp,kkr_kood,string,text,,KKR kood
EELIS/PostgREST,f_veekogud_ala_kaitse_pyp,cdda_kood,string,text,,CDDA kood
EELIS/PostgREST,f_veekogud_ala_kaitse_pyp,iucn_tyyp,string,text,,IUCN kood
EELIS/PostgREST,f_veekogud_ala_kaitse_pyp,iucn_tyyp_selg,string,text,,IUCN koodi selgitus
EELIS/PostgREST,f_veekogud_ala_kaitse_pyp,al_yksiktyyp,string,text,,Üksikobjekti tüüp
EELIS/PostgREST,f_veekogud_ala_kaitse_pyp,al_yksiktyyp_selg,string,text,,Üksikobjekti tüübi selgitus
EELIS/PostgREST,f_veekogud_ala_kaitse_pyp,yksikobj_seisund,string,text,,Üksikobjekti seisund
EELIS/PostgREST,f_veekogud_ala_kaitse_pyp,yksikobj_seisund_selg,string,text,,Üksikobjekti seisundi selgitus
EELIS/PostgREST,f_veekogud_ala_kaitse_pyp,al_voondtyyp,string,text,,Vöönditüüp
EELIS/PostgREST,f_veekogud_ala_kaitse_pyp,al_voondtyyp_selg,string,text,,Vöönditüüp nimi
EELIS/PostgREST,f_veekogud_ala_kaitse_pyp,al_staatus,string,text,,Ala staatus
EELIS/PostgREST,f_veekogud_ala_kaitse_pyp,al_staatus_selg,string,text,,Ala staatus nimi
EELIS/PostgREST,f_veekogud_ala_kaitse_pyp,kaitsekorra_alus_id,integer,integer,,Kaitsekorra alus 
EELIS/PostgREST,f_veekogud_ala_kaitse_pyp,pindala_maa,number,double precision,,Maismaa pindala
EELIS/PostgREST,f_veekogud_ala_kaitse_pyp,pindala_vesi,number,double precision,,Siseveekogude pindala
EELIS/PostgREST,f_veekogud_ala_kaitse_pyp,pindala_meri,number,double precision,,Mereosa pindala
EELIS/PostgREST,f_veekogud_ala_kaitse_pyp,veekogu_id,integer,integer,,Koelmuala veekogu  Note: This is a Foreign Key to `f_veekogud.id`.<fk table='f_veekogud' column='id'/>
EELIS/PostgREST,f_veekogud_ala_kaitse_pyp,on_msoodust,boolean,boolean,,On maamaksusoodustus
EELIS/PostgREST,f_veekogud_ala_kaitse_pyp,msoodust_prots,string,text,,Maamaksu protsent
EELIS/PostgREST,f_veekogud_ala_kaitse_pyp,tx_kirjeldus,string,text,,Iseloomustus
EELIS/PostgREST,f_veekogud_ala_kaitse_pyp,tx_eesmark,string,text,,Kaitse-eesmärgi täpsustus
EELIS/PostgREST,f_veekogud_ala_kaitse_pyp,kesk_x,number,double precision,,Ala tsentroidi x-koordinaat LEST97
EELIS/PostgREST,f_veekogud_ala_kaitse_pyp,kesk_y,number,double precision,,Ala tsentroidi y-koordinaat LEST97
EELIS/PostgREST,f_veekogud_ala_kaitse_pyp,muut_aeg,string,timestamp without time zone,,Viimase muutmise aeg
EELIS/PostgREST,f_veekogud_ala_kaitse_pyp,keht_staatus,string,text,,Kehtivuse staatus
EELIS/PostgREST,f_veekogud_ala_kaitse_pyp,valitseja_reg_kood,string,text,,Ala valitseja kood
EELIS/PostgREST,f_veekogud_ala_kaitse_pyp,valitseja_nimetus,string,text,,Ala valitseja nimetus
EELIS/PostgREST,f_veekogud_ala_kaitse_pyp,ehak_tekst,string,text,,EHAK koondinfo
EELIS/PostgREST,f_veekogud_ala_kaitse_pyp,ehak_kood1,string,text,,EHAK kood maakond
EELIS/PostgREST,f_veekogud_ala_kaitse_pyp,ehak_kood2,string,text,,EHAK kood vald
EELIS/PostgREST,f_veekogud_ala_kaitse_pyp,ehak_kood3,string,text,,EHAK alamtase
EELIS/PostgREST,f_veekogud_ala_obj,id,integer,integer,,Ala ID
EELIS/PostgREST,f_veekogud_ala_obj,nimi,string,text,,Nimi
EELIS/PostgREST,f_veekogud_ala_obj,tyyp,string,text,,Tüübi kood
EELIS/PostgREST,f_veekogud_ala_obj,tyyp_selg,string,text,,Tüübi selgitus
EELIS/PostgREST,f_veekogud_ala_obj,kuulub_id,integer,integer,,Asub kaitsealal ID
EELIS/PostgREST,f_veekogud_ala_obj,kuulub_selg,string,text,,Asub kaitsealal nimi
EELIS/PostgREST,f_veekogud_ala_obj,on_regobj,boolean,boolean,,On registriobjekt
EELIS/PostgREST,f_veekogud_ala_obj,kkr_kood,string,text,,KKR kood
EELIS/PostgREST,f_veekogud_ala_obj,cdda_kood,string,text,,CDDA kood
EELIS/PostgREST,f_veekogud_ala_obj,iucn_tyyp,string,text,,IUCN kood
EELIS/PostgREST,f_veekogud_ala_obj,iucn_tyyp_selg,string,text,,IUCN koodi selgitus
EELIS/PostgREST,f_veekogud_ala_obj,al_yksiktyyp,string,text,,Üksikobjekti tüüp
EELIS/PostgREST,f_veekogud_ala_obj,al_yksiktyyp_selg,string,text,,Üksikobjekti tüübi selgitus
EELIS/PostgREST,f_veekogud_ala_obj,yksikobj_seisund,string,text,,Üksikobjekti seisund
EELIS/PostgREST,f_veekogud_ala_obj,yksikobj_seisund_selg,string,text,,Üksikobjekti seisundi selgitus
EELIS/PostgREST,f_veekogud_ala_obj,al_voondtyyp,string,text,,Vöönditüüp
EELIS/PostgREST,f_veekogud_ala_obj,al_voondtyyp_selg,string,text,,Vöönditüüp nimi
EELIS/PostgREST,f_veekogud_ala_obj,al_staatus,string,text,,Ala staatus
EELIS/PostgREST,f_veekogud_ala_obj,al_staatus_selg,string,text,,Ala staatus nimi
EELIS/PostgREST,f_veekogud_ala_obj,kaitsekorra_alus_id,integer,integer,,Kaitsekorra alus 
EELIS/PostgREST,f_veekogud_ala_obj,pindala_maa,number,double precision,,Maismaa pindala
EELIS/PostgREST,f_veekogud_ala_obj,pindala_vesi,number,double precision,,Siseveekogude pindala
EELIS/PostgREST,f_veekogud_ala_obj,pindala_meri,number,double precision,,Mereosa pindala
EELIS/PostgREST,f_veekogud_ala_obj,veekogu_id,integer,integer,,Koelmuala veekogu  Note: This is a Foreign Key to `f_veekogud.id`.<fk table='f_veekogud' column='id'/>
EELIS/PostgREST,f_veekogud_ala_obj,on_msoodust,boolean,boolean,,On maamaksusoodustus
EELIS/PostgREST,f_veekogud_ala_obj,msoodust_prots,string,text,,Maamaksu protsent
EELIS/PostgREST,f_veekogud_ala_obj,tx_kirjeldus,string,text,,Iseloomustus
EELIS/PostgREST,f_veekogud_ala_obj,tx_eesmark,string,text,,Kaitse-eesmärgi täpsustus
EELIS/PostgREST,f_veekogud_ala_obj,kesk_x,number,double precision,,Ala tsentroidi x-koordinaat LEST97
EELIS/PostgREST,f_veekogud_ala_obj,kesk_y,number,double precision,,Ala tsentroidi y-koordinaat LEST97
EELIS/PostgREST,f_veekogud_ala_obj,muut_aeg,string,timestamp without time zone,,Viimase muutmise aeg
EELIS/PostgREST,f_veekogud_ala_obj,keht_staatus,string,text,,Kehtivuse staatus
EELIS/PostgREST,f_veekogud_ala_obj,valitseja_reg_kood,string,text,,Ala valitseja kood
EELIS/PostgREST,f_veekogud_ala_obj,valitseja_nimetus,string,text,,Ala valitseja nimetus
EELIS/PostgREST,f_veekogud_ala_obj,ehak_tekst,string,text,,EHAK koondinfo
EELIS/PostgREST,f_veekogud_ala_obj,ehak_kood1,string,text,,EHAK kood maakond
EELIS/PostgREST,f_veekogud_ala_obj,ehak_kood2,string,text,,EHAK kood vald
EELIS/PostgREST,f_veekogud_ala_obj,ehak_kood3,string,text,,EHAK alamtase
EELIS/PostgREST,f_veekogud_allikas_yrg,id,integer,integer,,Ürglooduse objekti ID
EELIS/PostgREST,f_veekogud_allikas_yrg,nimi,string,text,,Nimi
EELIS/PostgREST,f_veekogud_allikas_yrg,tyyp,string,text,,Loodusobjekt kood
EELIS/PostgREST,f_veekogud_allikas_yrg,tyyp_selg,string,text,,Loodusobjekt
EELIS/PostgREST,f_veekogud_allikas_yrg,tx_asukoht,string,text,,Asukohakirjeldus
EELIS/PostgREST,f_veekogud_allikas_yrg,veekogu_id,integer,integer,,Asub veekogus (id)  Note: This is a Foreign Key to `f_veekogud.id`.<fk table='f_veekogud' column='id'/>
EELIS/PostgREST,f_veekogud_allikas_yrg,veekogu_nimi,string,text,,Veekogu nimi
EELIS/PostgREST,f_veekogud_allikas_yrg,veekogu_kkr,string,text,,Veekogu KKR
EELIS/PostgREST,f_veekogud_allikas_yrg,tx_kirjeldus,string,text,,Iseloomustus
EELIS/PostgREST,f_veekogud_allikas_yrg,tx_tahtsus,string,text,,Tähtsus
EELIS/PostgREST,f_veekogud_allikas_yrg,tx_seisund,string,text,,Seisund
EELIS/PostgREST,f_veekogud_allikas_yrg,tx_kaitse,string,text,,Kaitse 
EELIS/PostgREST,f_veekogud_allikas_yrg,tx_uuritus,string,text,,Uuritus
EELIS/PostgREST,f_veekogud_allikas_yrg,tx_kirjandus,string,text,,Kirjandus
EELIS/PostgREST,f_veekogud_allikas_yrg,tx_koostanud,string,text,,Koostanud
EELIS/PostgREST,f_veekogud_allikas_yrg,muut_aeg,string,timestamp without time zone,,Viimase muutmise aeg
EELIS/PostgREST,f_veekogud_allikas_yrg,keht_staatus,string,text,,Kehtivuse staatus
EELIS/PostgREST,f_veekogud_allikas_yrg,staatus,string,text,,Staatus
EELIS/PostgREST,f_veekogud_allikas_yrg,ehak_tekst,string,text,,EHAK koondinfo
EELIS/PostgREST,f_veekogud_allikas_yrg,ehak_kood1,string,text,,EHAK kood maakond
EELIS/PostgREST,f_veekogud_allikas_yrg,ehak_kood2,string,text,,EHAK kood vald
EELIS/PostgREST,f_veekogud_allikas_yrg,ehak_kood3,string,text,,EHAK alamtase
EELIS/PostgREST,f_veekogud_allikas_yrg,kesk_x,number,double precision,,Ürglooduse objekti tsentroidi x-koordinaat LEST97
EELIS/PostgREST,f_veekogud_allikas_yrg,kesk_y,number,double precision,,Ürglooduse objekti tsentroidi y-koordinaat LEST97
EELIS/PostgREST,f_veekogud_dok,dok_id,integer,integer,,Dok ID
EELIS/PostgREST,f_veekogud_dok,dok_kood,string,text,,Dok kood
EELIS/PostgREST,f_veekogud_dok,dok_tyyp,string,text,,Dok tüüp
EELIS/PostgREST,f_veekogud_dok,dok_tyyp_selg,string,text,,Dok tüüp selgitus
EELIS/PostgREST,f_veekogud_dok,dok_number,string,text,,Dokumendi number
EELIS/PostgREST,f_veekogud_dok,dok_pealkiri,string,text,,Dokumendi pealkiri
EELIS/PostgREST,f_veekogud_dok,dok_alg_kehtib,string,timestamp without time zone,,Dokument kehtib alates kp
EELIS/PostgREST,f_veekogud_dok,dok_alg_kp,string,timestamp without time zone,,Dokument algus kp
EELIS/PostgREST,f_veekogud_dok,dok_lopp_kp,string,timestamp without time zone,,Dokument lõpp kp
EELIS/PostgREST,f_veekogud_dok,dok_url,string,text,,Dok URL
EELIS/PostgREST,f_veekogud_dok,dok_alus_dok_id,integer,integer,,Alus dok ID
EELIS/PostgREST,f_veekogud_dok,dok_muut_aeg,string,timestamp without time zone,,Viimase muutmise aeg (dok)
EELIS/PostgREST,f_veekogud_dok,veekogu_id,integer,integer,,Veekogu ID  Note: This is a Foreign Key to `f_veekogud.id`.<fk table='f_veekogud' column='id'/>
EELIS/PostgREST,f_veekogud_ehak,id,integer,integer,,EHAK ID
EELIS/PostgREST,f_veekogud_ehak,ehak_kood,string,text,,EHAK kood
EELIS/PostgREST,f_veekogud_ehak,ehak_nimi,string,text,,EHAK nimi
EELIS/PostgREST,f_veekogud_ehak,ehak_rnimi,string,text,,EHAK rööpnimi
EELIS/PostgREST,f_veekogud_ehak,vald,string,text,,Vald nimi
EELIS/PostgREST,f_veekogud_ehak,maa,string,text,,Maakond nimi
EELIS/PostgREST,f_veekogud_ehak,tyyp,string,text,,EHAK tase
EELIS/PostgREST,f_veekogud_ehak,ehak_tyyp_selg,string,text,,EHAK tase selgitus
EELIS/PostgREST,f_veekogud_ehak,ehak_parent,string,text,,EHAK kõrgema taseme kood
EELIS/PostgREST,f_veekogud_ehak,ehak_muut_aeg,string,timestamp without time zone,,Viimase muudatuse aeg (EHAK)
EELIS/PostgREST,f_veekogud_ehak,veekogu_id,integer,integer,,Veekogu ID  Note: This is a Foreign Key to `f_veekogud.id`.<fk table='f_veekogud' column='id'/>
EELIS/PostgREST,f_veekogud_invelupaik,id,integer,integer,,Inventeeritud elupaiga ID
EELIS/PostgREST,f_veekogud_invelupaik,inventuur_id,integer,integer,,Inventuuri ID
EELIS/PostgREST,f_veekogud_invelupaik,inv_projekt,string,text,,Projekti nimi
EELIS/PostgREST,f_veekogud_invelupaik,tyyp,string,text,,Tüüp
EELIS/PostgREST,f_veekogud_invelupaik,tyyp_selg,string,text,,Tüübi selgitus
EELIS/PostgREST,f_veekogud_invelupaik,alamtyyp,string,text,,Alamtüüp
EELIS/PostgREST,f_veekogud_invelupaik,alamtyyp_selg,string,text,,Alamtüüp selgitus
EELIS/PostgREST,f_veekogud_invelupaik,kkr_kood,string,text,,KKR kood
EELIS/PostgREST,f_veekogud_invelupaik,pindala,number,double precision,,Pindala
EELIS/PostgREST,f_veekogud_invelupaik,inv_kp,string,timestamp without time zone,,Inv. Kp
EELIS/PostgREST,f_veekogud_invelupaik,hindamise_kp,string,timestamp without time zone,,Hindamise kp
EELIS/PostgREST,f_veekogud_invelupaik,on_rannaala,boolean,boolean,,On rannaala
EELIS/PostgREST,f_veekogud_invelupaik,andmekvaliteet,string,text,,Andmekvaliteet kood
EELIS/PostgREST,f_veekogud_invelupaik,andmekv_selgitus,string,text,,Andmekvaliteet
EELIS/PostgREST,f_veekogud_invelupaik,tx_kirjeldus,string,text,,Kirjeldus
EELIS/PostgREST,f_veekogud_invelupaik,tx_liigid,string,text,,Liikide loend
EELIS/PostgREST,f_veekogud_invelupaik,elupaigatyyp_id,integer,integer,,Elupaigatüübi ID
EELIS/PostgREST,f_veekogud_invelupaik,elupaigatyyp_kood,string,text,,Elupaigatüübi kood
EELIS/PostgREST,f_veekogud_invelupaik,elupaigatyyp_kood_selg,string,text,,Elupaigatüübi selgitus
EELIS/PostgREST,f_veekogud_invelupaik,elupaigatyyp_grupp,string,text,,Elupaigatüübi grupp
EELIS/PostgREST,f_veekogud_invelupaik,elupaigatyyp_grupp_selg,string,text,,Elupaigatüübi grupp selgitus
EELIS/PostgREST,f_veekogud_invelupaik,elupaigatyyp_staatus,string,text,,Elupaigatüübi staatus
EELIS/PostgREST,f_veekogud_invelupaik,elupaigatyyp_staatus_selg,string,text,,Elupaigatüübi staatus selgitus
EELIS/PostgREST,f_veekogud_invelupaik,kooslus,string,text,,Kooslus kood
EELIS/PostgREST,f_veekogud_invelupaik,kooslus_selg,string,text,,Kooslus
EELIS/PostgREST,f_veekogud_invelupaik,esinduslikkus,string,text,,Esinduslikkus kood
EELIS/PostgREST,f_veekogud_invelupaik,esinduslikkus_selg,string,text,,Esindluslikkus
EELIS/PostgREST,f_veekogud_invelupaik,struktsail,string,text,,Struktsail kood
EELIS/PostgREST,f_veekogud_invelupaik,struktsail_selg,string,text,,Struktsail 
EELIS/PostgREST,f_veekogud_invelupaik,funktssail,string,text,,Funktssail kood
EELIS/PostgREST,f_veekogud_invelupaik,funktssail_selg,string,text,,Funktssail
EELIS/PostgREST,f_veekogud_invelupaik,taastatavus,string,text,,Taastatavus kood
EELIS/PostgREST,f_veekogud_invelupaik,taastatavus_selg,string,text,,Taastatavus
EELIS/PostgREST,f_veekogud_invelupaik,hinnang,string,text,,Hinnang kood
EELIS/PostgREST,f_veekogud_invelupaik,hinnang_selg,string,text,,Hinnang
EELIS/PostgREST,f_veekogud_invelupaik,puistu_koosseis,string,text,,Puistu koosseis
EELIS/PostgREST,f_veekogud_invelupaik,puistu_liitus,integer,integer,,Puistu liitus
EELIS/PostgREST,f_veekogud_invelupaik,poosad_koosseis,string,text,,Põõsad kooseis
EELIS/PostgREST,f_veekogud_invelupaik,poosad_liitus,integer,integer,,Põõsad liitus
EELIS/PostgREST,f_veekogud_invelupaik,niiskus,string,text,,Niiskus koodid
EELIS/PostgREST,f_veekogud_invelupaik,niiskus_selg,string,text,,Niiskus 
EELIS/PostgREST,f_veekogud_invelupaik,niitmine,string,text,,Niitmine
EELIS/PostgREST,f_veekogud_invelupaik,niitmine_selg,string,text,,Niitmine selgitus
EELIS/PostgREST,f_veekogud_invelupaik,karjatamine,string,text,,Karjatamine koodid
EELIS/PostgREST,f_veekogud_invelupaik,karjatamine_selg,string,text,,Karjatamine
EELIS/PostgREST,f_veekogud_invelupaik,majandamine,string,text,,Majandaine kood
EELIS/PostgREST,f_veekogud_invelupaik,majandamine_selg,string,text,,Majandamine
EELIS/PostgREST,f_veekogud_invelupaik,tx_majandamine,string,text,,Majandamine kommentaar
EELIS/PostgREST,f_veekogud_invelupaik,perspektiiv,string,text,,Perspektiiv kood
EELIS/PostgREST,f_veekogud_invelupaik,perspektiiv_selg,string,text,,Perspektiiv
EELIS/PostgREST,f_veekogud_invelupaik,puistu_i_koosseis,string,text,,Puistu I koosseis
EELIS/PostgREST,f_veekogud_invelupaik,puistu_i_vanus,integer,integer,,Puistu I vanus
EELIS/PostgREST,f_veekogud_invelupaik,puistu_i_vanus_max,integer,integer,,Puistu_I_Vanus max
EELIS/PostgREST,f_veekogud_invelupaik,puistu_i_vanus_min,integer,integer,,Puistu_I_Vanus min
EELIS/PostgREST,f_veekogud_invelupaik,puistu_i_liitus,string,text,,Puistu I liitus
EELIS/PostgREST,f_veekogud_invelupaik,puistu_i_liitus_selg,string,text,,Puistu I liitus selgitus
EELIS/PostgREST,f_veekogud_invelupaik,puistu_ii_koosseis,string,text,,Puistu II koosseis
EELIS/PostgREST,f_veekogud_invelupaik,puistu_ii_liitus,string,text,,Puistu II liitus
EELIS/PostgREST,f_veekogud_invelupaik,puistu_ii_liitus_selg,string,text,,Puistu II liitus selgitus
EELIS/PostgREST,f_veekogud_invelupaik,puurinde_vanus,string,text,,Puurinde vanus
EELIS/PostgREST,f_veekogud_invelupaik,puistu_vanad_puud,string,text,,Puistu vanad puud
EELIS/PostgREST,f_veekogud_invelupaik,jarelkasv_lnim_id,integer,integer,,Jarelkasv liigi ID
EELIS/PostgREST,f_veekogud_invelupaik,jarelkasv_lad_nim,string,text,,Liigi ladina k nimetus (jarelkasv)
EELIS/PostgREST,f_veekogud_invelupaik,jarelkasv_eest_nim,string,text,,Liigi eesti k nimetus (jarelkasv)
EELIS/PostgREST,f_veekogud_invelupaik,jarelkasv_ryhm,string,text,,Leiukoha liigi rühm (jarelkasv)
EELIS/PostgREST,f_veekogud_invelupaik,jarelkasv_ryhm_selg,string,text,,Leiukoha liigi rühma seletus (jarelkasv)
EELIS/PostgREST,f_veekogud_invelupaik,jarelkasv_kaitsekat,string,text,,Leiukoha liigi katisekategooria (jarelkasv)
EELIS/PostgREST,f_veekogud_invelupaik,jarelkasv_kaitsekat_selg,string,text,,Leiukoha liigi kaitsekategooria selgitus (jarelkasv)
EELIS/PostgREST,f_veekogud_invelupaik,jarelkasv_tyyp,string,text,,Liigi tüüp (jarelkasv)
EELIS/PostgREST,f_veekogud_invelupaik,jarelkasv_tyyp_selg,string,text,,Liigi tüübi seletus (jarelkasv)
EELIS/PostgREST,f_veekogud_invelupaik,jarelkasv_tvoorliik_tyyp,string,text,,Liigi võõrliigi tüüp (jarelkasv)
EELIS/PostgREST,f_veekogud_invelupaik,jarelkasv_tvoorliik_tyyp_selg,string,text,,Liigi võõrliigi tüübi selgitus (jarelkasv)
EELIS/PostgREST,f_veekogud_invelupaik,alusmets_lnim_id,integer,integer,,Alusmets liigi ID
EELIS/PostgREST,f_veekogud_invelupaik,alusmets_lad_nim,string,text,,Liigi ladina k nimetus (alusmets)
EELIS/PostgREST,f_veekogud_invelupaik,alusmets_eest_nim,string,text,,Liigi eesti k nimetus (alusmets)
EELIS/PostgREST,f_veekogud_invelupaik,alusmets_ryhm,string,text,,Leiukoha liigi rühm (alusmets)
EELIS/PostgREST,f_veekogud_invelupaik,alusmets_ryhm_selg,string,text,,Leiukoha liigi rühma seletus (alusmets)
EELIS/PostgREST,f_veekogud_invelupaik,alusmets_kaitsekat,string,text,,Leiukoha liigi katisekategooria (alusmets)
EELIS/PostgREST,f_veekogud_invelupaik,alusmets_kaitsekat_selg,string,text,,Leiukoha liigi kaitsekategooria selgitus (alusmets)
EELIS/PostgREST,f_veekogud_invelupaik,alusmets_tyyp,string,text,,Liigi tüüp (alusmets)
EELIS/PostgREST,f_veekogud_invelupaik,alusmets_tyyp_selg,string,text,,Liigi tüübi selgitus (alusmets)
EELIS/PostgREST,f_veekogud_invelupaik,alusmets_tvoorliik_tyyp,string,text,,Liigi võõrliigi tüüp (alusmets)
EELIS/PostgREST,f_veekogud_invelupaik,alusmets_tvoorliik_tyyp_selg,string,text,,Liigi võõrliigi tüübi selgitus (alusmets)
EELIS/PostgREST,f_veekogud_invelupaik,graminoidid,string,text,,Graminoidid
EELIS/PostgREST,f_veekogud_invelupaik,graminoidid_selg,string,text,,Graminoidid selgitus
EELIS/PostgREST,f_veekogud_invelupaik,on_surnudpuud,boolean,boolean,,On surnud puud
EELIS/PostgREST,f_veekogud_invelupaik,on_lamapuit,boolean,boolean,,On lamapuit
EELIS/PostgREST,f_veekogud_invelupaik,lagunemisastmed,string,text,,Lagunemisastmed
EELIS/PostgREST,f_veekogud_invelupaik,lagunemisastmed_selg,string,text,,Lagunemisastmed selgitus
EELIS/PostgREST,f_veekogud_invelupaik,tx_erisused,string,text,,Erisused 
EELIS/PostgREST,f_veekogud_invelupaik,elemendid,string,text,,Elemendid 
EELIS/PostgREST,f_veekogud_invelupaik,elemendid_selg,string,text,,Elemendid selgitus
EELIS/PostgREST,f_veekogud_invelupaik,taimede_katvus,integer,integer,,Taimede katvus
EELIS/PostgREST,f_veekogud_invelupaik,taimede_sygavus,integer,integer,,Taimede sügavus
EELIS/PostgREST,f_veekogud_invelupaik,veeoitseng,string,text,,Veeõitseng kood
EELIS/PostgREST,f_veekogud_invelupaik,veeoitseng_selg,string,text,,Veeõitseng
EELIS/PostgREST,f_veekogud_invelupaik,virgestus,string,text,,Virgestus kood
EELIS/PostgREST,f_veekogud_invelupaik,virgestus_selg,string,text,,Virgestus
EELIS/PostgREST,f_veekogud_invelupaik,tx_virgestus,string,text,,Virgestus tekst
EELIS/PostgREST,f_veekogud_invelupaik,hydromorf,string,text,,Hüdromorf kood
EELIS/PostgREST,f_veekogud_invelupaik,hydromorf_selg,string,text,,Hüdromorf
EELIS/PostgREST,f_veekogud_invelupaik,reostus,string,text,,Reostus kood
EELIS/PostgREST,f_veekogud_invelupaik,reostus_selg,string,text,,Reostus
EELIS/PostgREST,f_veekogud_invelupaik,voorl_moju,string,text,,Võõrliik mõju kood
EELIS/PostgREST,f_veekogud_invelupaik,voorl_moju_selg,string,text,,Võõrliik mõju
EELIS/PostgREST,f_veekogud_invelupaik,kesk_x,number,double precision,,Inventeeritud elupaiga tsentroidi x-koordinaat LEST97
EELIS/PostgREST,f_veekogud_invelupaik,kesk_y,number,double precision,,Inventeeritud elupaiga tsentroidi y-koordinaat LEST97
EELIS/PostgREST,f_veekogud_invelupaik,muut_aeg,string,timestamp without time zone,,Viimase muutmise aeg
EELIS/PostgREST,f_veekogud_invelupaik,keht_staatus,string,text,,Kehtivuse staatus
EELIS/PostgREST,f_veekogud_invelupaik,ehak_tekst,string,text,,EHAK koondinfo
EELIS/PostgREST,f_veekogud_invelupaik,ehak_kood1,string,text,,EHAK kood maakond
EELIS/PostgREST,f_veekogud_invelupaik,ehak_kood2,string,text,,EHAK kood vald
EELIS/PostgREST,f_veekogud_invelupaik,ehak_kood3,string,text,,EHAK alamtase
EELIS/PostgREST,f_veekogud_invelupaik,veekogu_id,integer,integer,,Veekogu ID  Note: This is a Foreign Key to `f_veekogud.id`.<fk table='f_veekogud' column='id'/>
EELIS/PostgREST,f_veekogud_jvv_pais,id,integer,integer,,ID
EELIS/PostgREST,f_veekogud_jvv_pais,kood,string,text,,Kood
EELIS/PostgREST,f_veekogud_jvv_pais,keht_staatus,string,text,,Kehtivuse staatus
EELIS/PostgREST,f_veekogud_jvv_pais,staatus,string,text,,Staatus
EELIS/PostgREST,f_veekogud_jvv_pais,staatus_selg,string,text,,Staatuse selgitus
EELIS/PostgREST,f_veekogud_jvv_pais,veekogu_klass,string,text,,Veekogu klass
EELIS/PostgREST,f_veekogud_jvv_pais,klass_selg,string,text,,Veekogu klassi selgitus
EELIS/PostgREST,f_veekogud_jvv_pais,lopp_aasta,integer,integer,,Lõppaasta
EELIS/PostgREST,f_veekogud_jvv_pais,nimi,string,text,,Nimi
EELIS/PostgREST,f_veekogud_jvv_pais,ehak_id,integer,integer,,Kohanimi
EELIS/PostgREST,f_veekogud_jvv_pais,vooluveekogu_id,integer,integer,,Paisutav jõe ID
EELIS/PostgREST,f_veekogud_jvv_pais,paisutatav_jogi_nimi,string,text,,Paisutava jõe nimi
EELIS/PostgREST,f_veekogud_jvv_pais,paisutatav_jogi_kkr_kood,string,text,,Paisutava jõe KKR kood
EELIS/PostgREST,f_veekogud_jvv_pais,paisutatav_jogi_keht_staatus,string,text,,1
EELIS/PostgREST,f_veekogud_jvv_pais,jarv_id,integer,integer,,Paisjärv ID
EELIS/PostgREST,f_veekogud_jvv_pais,paisjarv_nimi,string,text,,Paisjärve nimi
EELIS/PostgREST,f_veekogud_jvv_pais,paisjarv_kkr_kood,string,text,,Paisjärve KKR kood
EELIS/PostgREST,f_veekogud_jvv_pais,paisjarv_keht_staatus,string,text,,Paisjärve kehtivuse staatus
EELIS/PostgREST,f_veekogud_jvv_pais,on_elupaikade_nimistus,boolean,boolean,,On kaitstavate elupaikade nimistus
EELIS/PostgREST,f_veekogud_jvv_pais,tx_kalapaas,string,text,,Kalapääsu kirjeldus
EELIS/PostgREST,f_veekogud_jvv_pais,kesk_x,number,double precision,,Paisu keskpunkti X-koordinaat
EELIS/PostgREST,f_veekogud_jvv_pais,kesk_y,number,double precision,,Paisu keskpunkti Y-koordinaat
EELIS/PostgREST,f_veekogud_jvv_pais,muut_aeg,string,timestamp without time zone,,Viimase muutmise aeg
EELIS/PostgREST,f_veekogud_jvv_pais,ehak_tekst,string,text,,EHAK koondinfo
EELIS/PostgREST,f_veekogud_jvv_pais,ehak_kood1,string,text,,EHAK kood maakond
EELIS/PostgREST,f_veekogud_jvv_pais,ehak_kood2,string,text,,EHAK kood vald
EELIS/PostgREST,f_veekogud_jvv_pais,ehak_kood3,string,text,,EHAK alamtase
EELIS/PostgREST,f_veekogud_jvv_pais,veekogu_id,integer,integer,,Veekogu ID  Note: This is a Foreign Key to `f_veekogud.id`.<fk table='f_veekogud' column='id'/>
EELIS/PostgREST,f_veekogud_jvv_veekogu,id,integer,integer,,Veekogu id
EELIS/PostgREST,f_veekogud_jvv_veekogu,kood,string,text,,Veekogu kood
EELIS/PostgREST,f_veekogud_jvv_veekogu,tyyp,string,text,,Veekogu tüüp
EELIS/PostgREST,f_veekogud_jvv_veekogu,tyyp_selg,string,text,,Veekogu tüüp selgitus
EELIS/PostgREST,f_veekogud_jvv_veekogu,staatus,string,text,,Veekogu staatus
EELIS/PostgREST,f_veekogud_jvv_veekogu,staatus_selg,string,text,,Veekogu staatus selgitus
EELIS/PostgREST,f_veekogud_jvv_veekogu,keht_staatus,string,text,,Kehivuse staatus
EELIS/PostgREST,f_veekogud_jvv_veekogu,nimi,string,text,,Veekogu nimi
EELIS/PostgREST,f_veekogud_jvv_veekogu,kkr_kood,string,text,,KKR kood
EELIS/PostgREST,f_veekogud_jvv_veekogu,muud_nimed,string,text,,Veekogu muud nimed
EELIS/PostgREST,f_veekogud_jvv_veekogu,avalik_kasut,string,text,,Avalik kasutatavus
EELIS/PostgREST,f_veekogud_jvv_veekogu,avalik_kasut_selg,string,text,,Avalik kasutatavus selgitus
EELIS/PostgREST,f_veekogud_jvv_veekogu,vesikond_id,integer,integer,,Vesikond (VRD)
EELIS/PostgREST,f_veekogud_jvv_veekogu,vesikond_selg,string,text,,Vesikond nimi
EELIS/PostgREST,f_veekogud_jvv_veekogu,vesikond_kuulub_id,string,text,,Kuulub id(vesikond)
EELIS/PostgREST,f_veekogud_jvv_veekogu,vesikond_kuulub_nimi,string,text,,Kuulub nimi (vesikond)
EELIS/PostgREST,f_veekogud_jvv_veekogu,veekogu_id,integer,integer,,Veekogu ID  Note: This is a Foreign Key to `f_veekogud.id`.<fk table='f_veekogud' column='id'/>
EELIS/PostgREST,f_veekogud_jvv_veekogu,on_pandivere_pv,boolean,boolean,,Asub nitraaditundlikul alal 
EELIS/PostgREST,f_veekogud_jvv_veekogu,tx_lisainfo,string,text,,Lisainfo
EELIS/PostgREST,f_veekogud_jvv_veekogu,valgla_suurus,string,text,,Valgala suurus 
EELIS/PostgREST,f_veekogud_jvv_veekogu,valgla_suurus_selg,string,text,,Valgala suurus selgitus
EELIS/PostgREST,f_veekogud_jvv_veekogu,valgla_pindala,number,double precision,,Valgala pindala
EELIS/PostgREST,f_veekogud_jvv_veekogu,valgla_aasta,integer,integer,,Valgala aasta
EELIS/PostgREST,f_veekogud_jvv_veekogu,vee_pindala,number,double precision,,Veepeegli pindala 
EELIS/PostgREST,f_veekogud_jvv_veekogu,saarte_pindala,number,double precision,,Saarte pindala
EELIS/PostgREST,f_veekogud_jvv_veekogu,saarte_arv,integer,integer,,Saarte arv
EELIS/PostgREST,f_veekogud_jvv_veekogu,kesk_sygavus,number,double precision,,Keskmine sügavus
EELIS/PostgREST,f_veekogud_jvv_veekogu,max_sygavus,number,double precision,,Maksimaalne sügavus
EELIS/PostgREST,f_veekogud_jvv_veekogu,vrd_tyyp,string,text,,Veetüüp VRD
EELIS/PostgREST,f_veekogud_jvv_veekogu,vrd_tyyp_selg,string,text,,Veetüüp VRD selgitus
EELIS/PostgREST,f_veekogud_jvv_veekogu,tx_valgala,string,text,,Valgala kirjeldus
EELIS/PostgREST,f_veekogud_jvv_veekogu,vv_latte_ehak_id,integer,integer,,Lätte EHAK
EELIS/PostgREST,f_veekogud_jvv_veekogu,vv_latte_ehak_nimi,string,text,,Lätte EHAK nimi
EELIS/PostgREST,f_veekogud_jvv_veekogu,vv_latte_tyyp,string,text,,Lätte tüüp
EELIS/PostgREST,f_veekogud_jvv_veekogu,vv_latte_tyyp_selg,string,text,,Lätte tüüp selgitus
EELIS/PostgREST,f_veekogud_jvv_veekogu,vv_latte_id,integer,integer,,Lätte veekogu
EELIS/PostgREST,f_veekogud_jvv_veekogu,vv_latte_selg,string,text,,Lätte veekogu nimi
EELIS/PostgREST,f_veekogud_jvv_veekogu,vv_latte_kkr,string,text,,Lätte veekogu kkr 
EELIS/PostgREST,f_veekogud_jvv_veekogu,vv_latte_x,number,double precision,,Lätte X
EELIS/PostgREST,f_veekogud_jvv_veekogu,vv_latte_y,number,double precision,,Lätte Y
EELIS/PostgREST,f_veekogud_jvv_veekogu,vv_suub_ehak_id,integer,integer,,Suubla EHAK
EELIS/PostgREST,f_veekogud_jvv_veekogu,vv_suub_ehak_selg,string,text,,Suubla EHAK nimi
EELIS/PostgREST,f_veekogud_jvv_veekogu,vv_suub_tyyp,string,text,,Suubumise tüüp
EELIS/PostgREST,f_veekogud_jvv_veekogu,vv_suub_tyyp_selg,string,text,,Suubub veekogusse
EELIS/PostgREST,f_veekogud_jvv_veekogu,vv_suub_id,integer,integer,,
EELIS/PostgREST,f_veekogud_jvv_veekogu,vv_suub_selg,string,text,,Suubub veekogusse nimi
EELIS/PostgREST,f_veekogud_jvv_veekogu,vv_suub_kkr,string,text,,Suubub veekogusse kkr
EELIS/PostgREST,f_veekogud_jvv_veekogu,vv_suub_x,number,double precision,,Suubla X
EELIS/PostgREST,f_veekogud_jvv_veekogu,vv_suub_y,number,double precision,,Suubla Y
EELIS/PostgREST,f_veekogud_jvv_veekogu,vv_suub_jark,integer,integer,,Suubumise järk
EELIS/PostgREST,f_veekogud_jvv_veekogu,vv_suub_suudmest,number,double precision,,Suubumiskoha kaugus põhijõe suudmest (km)
EELIS/PostgREST,f_veekogud_jvv_veekogu,vv_pikkus3,number,double precision,,Vooluveekogu põhitelje pikkus (km)
EELIS/PostgREST,f_veekogud_jvv_veekogu,vv_tx_alg_kirj,string,text,,Lähtekoha kirjeldus
EELIS/PostgREST,f_veekogud_jvv_veekogu,vv_tx_suub_kirj,string,text,,Suubumiskoha kirjeldus
EELIS/PostgREST,f_veekogud_jvv_veekogu,jv_laius,number,double precision,,Järve laius (m)
EELIS/PostgREST,f_veekogud_jvv_veekogu,jv_pikkus,number,double precision,,Järve pikkus (m)
EELIS/PostgREST,f_veekogud_jvv_veekogu,jv_kaldaj,number,double precision,,Kaldajoone pikkus (m)
EELIS/PostgREST,f_veekogud_jvv_veekogu,jv_maht,number,double precision,,Maht (tuh m³)
EELIS/PostgREST,f_veekogud_jvv_veekogu,jv_kalda_liigend,number,double precision,,Kalda liigendatus
EELIS/PostgREST,f_veekogud_jvv_veekogu,jv_veevahetus,number,double precision,,Veevahetus (korda aastas)
EELIS/PostgREST,f_veekogud_jvv_veekogu,jv_on_umbjarv,boolean,boolean,,On umbjärv
EELIS/PostgREST,f_veekogud_jvv_veekogu,jv_limn_tyyp,string,text,,Limnoloogiline tüüp
EELIS/PostgREST,f_veekogud_jvv_veekogu,jv_limn_tyyp_selg,string,text,,Limnoloogiline tüüp selgitus
EELIS/PostgREST,f_veekogud_jvv_veekogu,v_veevah_skaala,string,text,,Veevahetuse skaala (järv)
EELIS/PostgREST,f_veekogud_jvv_veekogu,v_veevah_skaala_selg,string,text,,Veevahetus skaala (järv) selgitus
EELIS/PostgREST,f_veekogud_jvv_veekogu,jv_labiv_id,integer,integer,,Läbivoolav veekogu
EELIS/PostgREST,f_veekogud_jvv_veekogu,jv_labiv_selg,string,text,,Läbivoolav veekogu nimi
EELIS/PostgREST,f_veekogud_jvv_veekogu,jv_labiv_kkr,string,text,,Läbivoolav veekogu kkr kood
EELIS/PostgREST,f_veekogud_jvv_veekogu,me_grupp_id,integer,integer,,Kuulub mereala juurde
EELIS/PostgREST,f_veekogud_jvv_veekogu,me_grupp_selg,string,text,,Mereala nimi
EELIS/PostgREST,f_veekogud_jvv_veekogu,me_grupp_kkr,string,text,,Mereala kkr kood
EELIS/PostgREST,f_veekogud_jvv_veekogu,al_tundlik_ala_id,integer,integer,,Asub olulisel allika- või karstialal
EELIS/PostgREST,f_veekogud_jvv_veekogu,tundlik_ala_selg,string,text,,Allika- või karstiala nimi
EELIS/PostgREST,f_veekogud_jvv_veekogu,tundlik_ala_kkr,string,text,,Allika- või karstiala kkr kood
EELIS/PostgREST,f_veekogud_jvv_veekogu,kesk_x,number,double precision,,Veekogu tsentroidi x-koordinaat
EELIS/PostgREST,f_veekogud_jvv_veekogu,kesk_y,number,double precision,,Veekogu tsentroidi y-koordinaat
EELIS/PostgREST,f_veekogud_jvv_veekogu,muut_staatus,string,text,,Menetlusfaas
EELIS/PostgREST,f_veekogud_jvv_veekogu,muut_staatus_selg,string,text,,Menetlusfaas selgitus
EELIS/PostgREST,f_veekogud_jvv_veekogu,muut_aeg,string,timestamp without time zone,,Viimase muutmise aeg
EELIS/PostgREST,f_veekogud_jvv_veekogu,ehak_tekst,string,text,,EHAK koondinfo
EELIS/PostgREST,f_veekogud_jvv_veekogu,ehak_kood1,string,text,,EHAK kood maakond
EELIS/PostgREST,f_veekogud_jvv_veekogu,ehak_kood2,string,text,,EHAK kood vald
EELIS/PostgREST,f_veekogud_jvv_veekogu,ehak_kood3,string,text,,EHAK  alamtase
EELIS/PostgREST,f_veekogud_jvv_veekogum,id,integer,integer,,Id
EELIS/PostgREST,f_veekogud_jvv_veekogum,kood,string,text,,Kood
EELIS/PostgREST,f_veekogud_jvv_veekogum,kood_cd,string,text,,EL kood
EELIS/PostgREST,f_veekogud_jvv_veekogum,nimi,string,text,,Nimi
EELIS/PostgREST,f_veekogud_jvv_veekogum,lyhend,string,text,,Lühinimi
EELIS/PostgREST,f_veekogud_jvv_veekogum,tyyp,string,text,,Kategooria
EELIS/PostgREST,f_veekogud_jvv_veekogum,tyyp_selg,string,text,,Kategooria selgitus
EELIS/PostgREST,f_veekogud_jvv_veekogum,alamkategooria,string,text,,Alamkategooria
EELIS/PostgREST,f_veekogud_jvv_veekogum,alamkategooria_selg,string,text,,Alamkategooria selgitus
EELIS/PostgREST,f_veekogud_jvv_veekogum,tmv_pohjus,string,text,,TMV määramise põhjendus
EELIS/PostgREST,f_veekogud_jvv_veekogum,tmv_pohjus_selg,string,text,,TMV määramise põhjendus selgitus
EELIS/PostgREST,f_veekogud_jvv_veekogum,tmv_muutused,string,text,,TMV põhjendus (füüsilised muutused)
EELIS/PostgREST,f_veekogud_jvv_veekogum,tmv_muutused_selg,string,text,,TMV põhjendus (füüsilised muutused) selgitus
EELIS/PostgREST,f_veekogud_jvv_veekogum,tx_tmv_info,string,text,,TMV info
EELIS/PostgREST,f_veekogud_jvv_veekogum,vee_tyyp,string,text,,Vee tüüp
EELIS/PostgREST,f_veekogud_jvv_veekogum,vee_tyyp_selg,string,text,,Vee tüüp selgitus
EELIS/PostgREST,f_veekogud_jvv_veekogum,interkalibr_tyyp,string,text,,Interkalibreerimise tüüp
EELIS/PostgREST,f_veekogud_jvv_veekogum,interkalibr_tyyp_selg,string,text,,Interkalibreerimise tüüp selgitus
EELIS/PostgREST,f_veekogud_jvv_veekogum,paiknevus,string,text,,Paiknevus
EELIS/PostgREST,f_veekogud_jvv_veekogum,paiknevus_selg,string,text,,Paiknevus selgitus
EELIS/PostgREST,f_veekogud_jvv_veekogum,staatus,string,text,,Staatus
EELIS/PostgREST,f_veekogud_jvv_veekogum,staatus_selg,string,text,,Staatus selgitus
EELIS/PostgREST,f_veekogud_jvv_veekogum,alg_kp,string,timestamp without time zone,,Alg kp
EELIS/PostgREST,f_veekogud_jvv_veekogum,lopp_kp,string,timestamp without time zone,,Lõpp kp
EELIS/PostgREST,f_veekogud_jvv_veekogum,muudatused,string,text,,Muudatused
EELIS/PostgREST,f_veekogud_jvv_veekogum,muudatused_selg,string,text,,Muudatused selgitus
EELIS/PostgREST,f_veekogud_jvv_veekogum,veekogu_id,integer,integer,,Veekogu ID  Note: This is a Foreign Key to `f_veekogud.id`.<fk table='f_veekogud' column='id'/>
EELIS/PostgREST,f_veekogud_jvv_veekogum,veekogu_nimi,string,text,,Veekogu nimi
EELIS/PostgREST,f_veekogud_jvv_veekogum,veekogu_kkr_kood,string,text,,Veekogu KKR kood
EELIS/PostgREST,f_veekogud_jvv_veekogum,veekogu_tyyp,string,text,,Veekogu tüüp
EELIS/PostgREST,f_veekogud_jvv_veekogum,veekogu_tyyp_selg,string,text,,Veekogu tüübi selgitus
EELIS/PostgREST,f_veekogud_jvv_veekogum,veekogu_keht_staatus,string,text,,Veekogu kehtivuse staatus
EELIS/PostgREST,f_veekogud_jvv_veekogum,paisjarv_id,integer,integer,,Paisjarve ID
EELIS/PostgREST,f_veekogud_jvv_veekogum,paisjarv_nimi,string,text,,Paisjarve nimi
EELIS/PostgREST,f_veekogud_jvv_veekogum,paisjarv_kkr_kood,string,text,,Paisjarve KKR kood
EELIS/PostgREST,f_veekogud_jvv_veekogum,paisjarv_tyyp,string,text,,Paisjarve tüüp
EELIS/PostgREST,f_veekogud_jvv_veekogum,paisjarv_tyyp_selg,string,text,,Paisjarve tüübi selgitus
EELIS/PostgREST,f_veekogud_jvv_veekogum,paisjarv_keht_staatus,string,text,,Paisjärve kehtivuse staatus
EELIS/PostgREST,f_veekogud_jvv_veekogum,veekogu_osa_nr,integer,integer,,Veekogu osa nr
EELIS/PostgREST,f_veekogud_jvv_veekogum,pikkus,number,double precision,,Pikkus (km)
EELIS/PostgREST,f_veekogud_jvv_veekogum,pindala,number,double precision,,Pindala (km²)
EELIS/PostgREST,f_veekogud_jvv_veekogum,kesk_x,number,double precision,,x
EELIS/PostgREST,f_veekogud_jvv_veekogum,kesk_y,number,double precision,,y
EELIS/PostgREST,f_veekogud_jvv_veekogum,keht_staatus,string,text,,kehivuse staatus
EELIS/PostgREST,f_veekogud_jvv_veekogum,muut_aeg,string,timestamp without time zone,,Muutmise aeg
EELIS/PostgREST,f_veekogud_kaitsealune_ala,id,integer,integer,,Ala ID
EELIS/PostgREST,f_veekogud_kaitsealune_ala,nimi,string,text,,Nimi
EELIS/PostgREST,f_veekogud_kaitsealune_ala,tyyp,string,text,,Tüübi kood
EELIS/PostgREST,f_veekogud_kaitsealune_ala,tyyp_selg,string,text,,Tüübi selgitus
EELIS/PostgREST,f_veekogud_kaitsealune_ala,kuulub_id,integer,integer,,Asub kaitsealal ID
EELIS/PostgREST,f_veekogud_kaitsealune_ala,kuulub_selg,string,text,,Asub kaitsealal nimi
EELIS/PostgREST,f_veekogud_kaitsealune_ala,on_regobj,boolean,boolean,,On registriobjekt
EELIS/PostgREST,f_veekogud_kaitsealune_ala,kkr_kood,string,text,,KKR kood
EELIS/PostgREST,f_veekogud_kaitsealune_ala,cdda_kood,string,text,,CDDA kood
EELIS/PostgREST,f_veekogud_kaitsealune_ala,iucn_tyyp,string,text,,IUCN kood
EELIS/PostgREST,f_veekogud_kaitsealune_ala,al_yksiktyyp,string,text,,Üksikobjekti tüüp
EELIS/PostgREST,f_veekogud_kaitsealune_ala,al_yksiktyyp_selg,string,text,,Üksikobjekti tüübi selgitus
EELIS/PostgREST,f_veekogud_kaitsealune_ala,yksikobj_seisund,string,text,,Üksikobjekti seisund
EELIS/PostgREST,f_veekogud_kaitsealune_ala,yksikobj_seisund_selg,string,text,,Üksikobjekti seisundi selgitus
EELIS/PostgREST,f_veekogud_kaitsealune_ala,al_voondtyyp,string,text,,Vöönditüüp
EELIS/PostgREST,f_veekogud_kaitsealune_ala,al_voondtyyp_selg,string,text,,Vöönditüüp nimi
EELIS/PostgREST,f_veekogud_kaitsealune_ala,al_staatus,string,text,,Ala staatus
EELIS/PostgREST,f_veekogud_kaitsealune_ala,al_staatus_selg,string,text,,Ala staatus nimi
EELIS/PostgREST,f_veekogud_kaitsealune_ala,kaitsekorra_alus_id,integer,integer,,Kaitsekorra alus 
EELIS/PostgREST,f_veekogud_kaitsealune_ala,pindala_maa,number,double precision,,Maismaa pindala
EELIS/PostgREST,f_veekogud_kaitsealune_ala,pindala_vesi,number,double precision,,Siseveekogude pindala
EELIS/PostgREST,f_veekogud_kaitsealune_ala,pindala_meri,number,double precision,,Mereosa pindala
EELIS/PostgREST,f_veekogud_kaitsealune_ala,veekogu_id,integer,integer,,Koelmuala veekogu  Note: This is a Foreign Key to `f_veekogud.id`.<fk table='f_veekogud' column='id'/>
EELIS/PostgREST,f_veekogud_kaitsealune_ala,on_msoodust,boolean,boolean,,On maamaksusoodustus
EELIS/PostgREST,f_veekogud_kaitsealune_ala,msoodust_prots,string,text,,Maamaksu protsent
EELIS/PostgREST,f_veekogud_kaitsealune_ala,tx_kirjeldus,string,text,,Iseloomustus
EELIS/PostgREST,f_veekogud_kaitsealune_ala,tx_eesmark,string,text,,Kaitse-eesmärgi täpsustus
EELIS/PostgREST,f_veekogud_kaitsealune_ala,kesk_x,number,double precision,,Ala tsentroidi x-koordinaat LEST97
EELIS/PostgREST,f_veekogud_kaitsealune_ala,kesk_y,number,double precision,,Ala tsentroidi y-koordinaat LEST97
EELIS/PostgREST,f_veekogud_kaitsealune_ala,muut_aeg,string,timestamp without time zone,,Viimase muutmise aeg
EELIS/PostgREST,f_veekogud_kaitsealune_ala,keht_staatus,string,text,,Kehtivuse staatus
EELIS/PostgREST,f_veekogud_kaitsealune_ala,valitseja_reg_kood,string,text,,Ala valitseja kood
EELIS/PostgREST,f_veekogud_kaitsealune_ala,valitseja_nimetus,string,text,,Ala valitseja nimetus
EELIS/PostgREST,f_veekogud_kaitsealune_ala,muut_staatus,string,text,,Muutmise staatus
EELIS/PostgREST,f_veekogud_kaitsealune_ala,ehak_tekst,string,text,,EHAK koondinfo
EELIS/PostgREST,f_veekogud_kaitsealune_ala,ehak_kood1,string,text,,EHAK kood maakond
EELIS/PostgREST,f_veekogud_kaitsealune_ala,ehak_kood2,string,text,,EHAK kood vald
EELIS/PostgREST,f_veekogud_kaitsealune_ala,ehak_kood3,string,text,,EHAK alamtase
EELIS/PostgREST,f_veekogud_kandealus,kand_id,integer,integer,,Kandealus ID
EELIS/PostgREST,f_veekogud_kandealus,kand_kood,string,text,,Kandealus kood
EELIS/PostgREST,f_veekogud_kandealus,kand_tyyp,string,text,,Kandealus tüüp
EELIS/PostgREST,f_veekogud_kandealus,kand_tyyp_selg,string,text,,Kandealus tüüp selgitus
EELIS/PostgREST,f_veekogud_kandealus,kand_nimi,string,text,,Kandealus nimi
EELIS/PostgREST,f_veekogud_kandealus,kand_obj_tyyp,string,text,,Objekti tüüp (kandealus)
EELIS/PostgREST,f_veekogud_kandealus,kand_obj_tyyp_selg,string,text,,Objekti tüüp selgitus (kandealus)
EELIS/PostgREST,f_veekogud_kandealus,kand_kpv,string,timestamp without time zone,,Kandealus kuupäev
EELIS/PostgREST,f_veekogud_kandealus,kand_alusdok_id,integer,integer,,Alusdokumendi ID 
EELIS/PostgREST,f_veekogud_kandealus,kand_alusdok_nimi,string,text,,Alusdokumendi nimi
EELIS/PostgREST,f_veekogud_kandealus,kand_alusdok_alg_kehtib,string,timestamp without time zone,,Alusdokumendi kehtib alates kuupäev
EELIS/PostgREST,f_veekogud_kandealus,kand_aruanne_id,integer,integer,,Aruanne
EELIS/PostgREST,f_veekogud_kandealus,kand_aruanne_nimi,string,text,,Aruande nimi
EELIS/PostgREST,f_veekogud_kandealus,kand_aruanne_aasta,integer,integer,,Aruande aasta
EELIS/PostgREST,f_veekogud_kandealus,kand_esitamise_viis,string,text,,Esitamise viis
EELIS/PostgREST,f_veekogud_kandealus,kand_esit_viis_selg,string,text,,Esitamise viis selgitus
EELIS/PostgREST,f_veekogud_kandealus,kand_dok_kpv,string,timestamp without time zone,,Kandealus dokumendi kuupäev
EELIS/PostgREST,f_veekogud_kandealus,kand_tx_lisainfo,string,text,,Lisainfo (kandealus)
EELIS/PostgREST,f_veekogud_kandealus,kand_muut_aeg,string,timestamp without time zone,,Viimase muutmise aeg (kandealus)
EELIS/PostgREST,f_veekogud_kandealus,veekogu_id,integer,integer,,Veekogu ID  Note: This is a Foreign Key to `f_veekogud.id`.<fk table='f_veekogud' column='id'/>
EELIS/PostgREST,f_veekogud_kirjandus,kirj_seose_id,integer,integer,,Kirjandus seose ID
EELIS/PostgREST,f_veekogud_kirjandus,kirj_id,integer,integer,,Kirjandus ID
EELIS/PostgREST,f_veekogud_kirjandus,tyyp,string,text,,Tüüp
EELIS/PostgREST,f_veekogud_kirjandus,kirjandus_tyyp_selg,string,text,,Kirjandus tüübi selgitus
EELIS/PostgREST,f_veekogud_kirjandus,kuulub_id,integer,integer,,Kuulub
EELIS/PostgREST,f_veekogud_kirjandus,kirj_nimi_sari,string,text,,Sarja nimi
EELIS/PostgREST,f_veekogud_kirjandus,kirj_nimi,string,text,,Teose nimi
EELIS/PostgREST,f_veekogud_kirjandus,kirj_artikkel,string,text,,Artikkel
EELIS/PostgREST,f_veekogud_kirjandus,kirj_tx_viide,string,text,,Kirjanduse viide
EELIS/PostgREST,f_veekogud_kirjandus,kirj_autor,string,text,,Teose autor
EELIS/PostgREST,f_veekogud_kirjandus,kirj_fjisik_nimi,string,text,,Autori ees- ja perekonnanimi
EELIS/PostgREST,f_veekogud_kirjandus,kirj_fjisik_nimetus,string,text,,Nimetus
EELIS/PostgREST,f_veekogud_kirjandus,valjaandja,string,text,,Teose väljaandja
EELIS/PostgREST,f_veekogud_kirjandus,valjaandja_id,integer,integer,,Teose väljaandja ID
EELIS/PostgREST,f_veekogud_kirjandus,aeg_kp,string,timestamp without time zone,,Avaldamise kuupäev (kirjandus)
EELIS/PostgREST,f_veekogud_kirjandus,kirj_aeg_aasta,integer,integer,,Avaldamise aasta (kirjandus)
EELIS/PostgREST,f_veekogud_kirjandus,aeg_kuu,integer,integer,,Avaldamise kuu (kirjandus)
EELIS/PostgREST,f_veekogud_kirjandus,teema,string,text,,Kirjanduse teemad
EELIS/PostgREST,f_veekogud_kirjandus,url,string,text,,Kirjanduse link
EELIS/PostgREST,f_veekogud_kirjandus,tx_kirjeldus,string,text,,Teose kirjeldus
EELIS/PostgREST,f_veekogud_kirjandus,tx_litsents,string,text,,Teose litsents
EELIS/PostgREST,f_veekogud_kirjandus,sisu_tyyp,string,text,,Sisu tüüp
EELIS/PostgREST,f_veekogud_kirjandus,sisu_tyyp_selg,string,text,,Sisu tüübi selgitus
EELIS/PostgREST,f_veekogud_kirjandus,tx_sisu,string,text,,Kirjanduse sisu
EELIS/PostgREST,f_veekogud_kirjandus,kirj_muut_aeg,string,timestamp without time zone,,Viimase muutmise aeg (kirjandus)
EELIS/PostgREST,f_veekogud_kirjandus,veekogu_id,integer,integer,,Veekogu ID  Note: This is a Foreign Key to `f_veekogud.id`.<fk table='f_veekogud' column='id'/>
EELIS/PostgREST,f_veekogud_lahtuv_veekogu,id,integer,integer,,Veekogu id
EELIS/PostgREST,f_veekogud_lahtuv_veekogu,kood,string,text,,Veekogu kood
EELIS/PostgREST,f_veekogud_lahtuv_veekogu,tyyp,string,text,,Veekogu tüüp
EELIS/PostgREST,f_veekogud_lahtuv_veekogu,tyyp_selg,string,text,,Veekogu tüüp selgitus
EELIS/PostgREST,f_veekogud_lahtuv_veekogu,staatus,string,text,,Veekogu staatus
EELIS/PostgREST,f_veekogud_lahtuv_veekogu,staatus_selg,string,text,,Veekogu staatus selgitus
EELIS/PostgREST,f_veekogud_lahtuv_veekogu,keht_staatus,string,text,,Kehivuse staatus
EELIS/PostgREST,f_veekogud_lahtuv_veekogu,nimi,string,text,,Veekogu nimi
EELIS/PostgREST,f_veekogud_lahtuv_veekogu,kkr_kood,string,text,,KKR kood
EELIS/PostgREST,f_veekogud_lahtuv_veekogu,muud_nimed,string,text,,Veekogu muud nimed
EELIS/PostgREST,f_veekogud_lahtuv_veekogu,avalik_kasut,string,text,,Avalik kasutatavus
EELIS/PostgREST,f_veekogud_lahtuv_veekogu,avalik_kasut_selg,string,text,,Avalik kasutatavus selgitus
EELIS/PostgREST,f_veekogud_lahtuv_veekogu,vesikond_id,integer,integer,,Vesikond (VRD)
EELIS/PostgREST,f_veekogud_lahtuv_veekogu,vesikond_selg,string,text,,Vesikond nimi
EELIS/PostgREST,f_veekogud_lahtuv_veekogu,vesikond_kuulub_id,string,text,,Kuulub id(vesikond)
EELIS/PostgREST,f_veekogud_lahtuv_veekogu,vesikond_kuulub_nimi,string,text,,Kuulub nimi (vesikond)
EELIS/PostgREST,f_veekogud_lahtuv_veekogu,veekogu_id,integer,integer,,Veekogu ID  Note: This is a Foreign Key to `f_veekogud.id`.<fk table='f_veekogud' column='id'/>
EELIS/PostgREST,f_veekogud_lahtuv_veekogu,on_pandivere_pv,boolean,boolean,,Asub nitraaditundlikul alal 
EELIS/PostgREST,f_veekogud_lahtuv_veekogu,tx_lisainfo,string,text,,Lisainfo
EELIS/PostgREST,f_veekogud_lahtuv_veekogu,valgla_suurus,string,text,,Valgala suurus 
EELIS/PostgREST,f_veekogud_lahtuv_veekogu,valgla_suurus_selg,string,text,,Valgala suurus selgitus
EELIS/PostgREST,f_veekogud_lahtuv_veekogu,valgla_pindala,number,double precision,,Valgala pindala
EELIS/PostgREST,f_veekogud_lahtuv_veekogu,valgla_aasta,integer,integer,,Valgala aasta
EELIS/PostgREST,f_veekogud_lahtuv_veekogu,vee_pindala,number,double precision,,Veepeegli pindala 
EELIS/PostgREST,f_veekogud_lahtuv_veekogu,saarte_pindala,number,double precision,,Saarte pindala
EELIS/PostgREST,f_veekogud_lahtuv_veekogu,saarte_arv,integer,integer,,Saarte arv
EELIS/PostgREST,f_veekogud_lahtuv_veekogu,kesk_sygavus,number,double precision,,Keskmine sügavus
EELIS/PostgREST,f_veekogud_lahtuv_veekogu,max_sygavus,number,double precision,,Maksimaalne sügavus
EELIS/PostgREST,f_veekogud_lahtuv_veekogu,vrd_tyyp,string,text,,Veetüüp VRD
EELIS/PostgREST,f_veekogud_lahtuv_veekogu,vrd_tyyp_selg,string,text,,Veetüüp VRD selgitus
EELIS/PostgREST,f_veekogud_lahtuv_veekogu,tx_valgala,string,text,,Valgala kirjeldus
EELIS/PostgREST,f_veekogud_lahtuv_veekogu,vv_latte_ehak_id,integer,integer,,Lätte EHAK
EELIS/PostgREST,f_veekogud_lahtuv_veekogu,vv_latte_ehak_nimi,string,text,,Lätte EHAK nimi
EELIS/PostgREST,f_veekogud_lahtuv_veekogu,vv_latte_tyyp,string,text,,Lätte tüüp
EELIS/PostgREST,f_veekogud_lahtuv_veekogu,vv_latte_tyyp_selg,string,text,,Lätte tüüp selgitus
EELIS/PostgREST,f_veekogud_lahtuv_veekogu,vv_latte_id,integer,integer,,Lätte veekogu
EELIS/PostgREST,f_veekogud_lahtuv_veekogu,vv_latte_selg,string,text,,Lätte veekogu nimi
EELIS/PostgREST,f_veekogud_lahtuv_veekogu,vv_latte_kkr,string,text,,Lätte veekogu kkr 
EELIS/PostgREST,f_veekogud_lahtuv_veekogu,vv_latte_x,number,double precision,,Lätte X
EELIS/PostgREST,f_veekogud_lahtuv_veekogu,vv_latte_y,number,double precision,,Lätte Y
EELIS/PostgREST,f_veekogud_lahtuv_veekogu,vv_suub_ehak_id,integer,integer,,Suubla EHAK
EELIS/PostgREST,f_veekogud_lahtuv_veekogu,vv_suub_ehak_selg,string,text,,Suubla EHAK nimi
EELIS/PostgREST,f_veekogud_lahtuv_veekogu,vv_suub_tyyp,string,text,,Suubumise tüüp
EELIS/PostgREST,f_veekogud_lahtuv_veekogu,vv_suub_tyyp_selg,string,text,,Suubub veekogusse
EELIS/PostgREST,f_veekogud_lahtuv_veekogu,vv_suub_id,integer,integer,,
EELIS/PostgREST,f_veekogud_lahtuv_veekogu,vv_suub_selg,string,text,,Suubub veekogusse nimi
EELIS/PostgREST,f_veekogud_lahtuv_veekogu,vv_suub_kkr,string,text,,Suubub veekogusse kkr
EELIS/PostgREST,f_veekogud_lahtuv_veekogu,vv_suub_x,number,double precision,,Suubla X
EELIS/PostgREST,f_veekogud_lahtuv_veekogu,vv_suub_y,number,double precision,,Suubla Y
EELIS/PostgREST,f_veekogud_lahtuv_veekogu,vv_suub_jark,integer,integer,,Suubumise järk
EELIS/PostgREST,f_veekogud_lahtuv_veekogu,vv_suub_suudmest,number,double precision,,Suubumiskoha kaugus põhijõe suudmest (km)
EELIS/PostgREST,f_veekogud_lahtuv_veekogu,vv_pikkus3,number,double precision,,Vooluveekogu põhitelje pikkus (km)
EELIS/PostgREST,f_veekogud_lahtuv_veekogu,vv_tx_alg_kirj,string,text,,Lähtekoha kirjeldus
EELIS/PostgREST,f_veekogud_lahtuv_veekogu,vv_tx_suub_kirj,string,text,,Suubumiskoha kirjeldus
EELIS/PostgREST,f_veekogud_lahtuv_veekogu,jv_laius,number,double precision,,Järve laius (m)
EELIS/PostgREST,f_veekogud_lahtuv_veekogu,jv_pikkus,number,double precision,,Järve pikkus (m)
EELIS/PostgREST,f_veekogud_lahtuv_veekogu,jv_kaldaj,number,double precision,,Kaldajoone pikkus (m)
EELIS/PostgREST,f_veekogud_lahtuv_veekogu,jv_maht,number,double precision,,Maht (tuh m³)
EELIS/PostgREST,f_veekogud_lahtuv_veekogu,jv_kalda_liigend,number,double precision,,Kalda liigendatus
EELIS/PostgREST,f_veekogud_lahtuv_veekogu,jv_veevahetus,number,double precision,,Veevahetus (korda aastas)
EELIS/PostgREST,f_veekogud_lahtuv_veekogu,jv_on_umbjarv,boolean,boolean,,On umbjärv
EELIS/PostgREST,f_veekogud_lahtuv_veekogu,jv_limn_tyyp,string,text,,Limnoloogiline tüüp
EELIS/PostgREST,f_veekogud_lahtuv_veekogu,jv_limn_tyyp_selg,string,text,,Limnoloogiline tüüp selgitus
EELIS/PostgREST,f_veekogud_lahtuv_veekogu,v_veevah_skaala,string,text,,Veevahetuse skaala (järv)
EELIS/PostgREST,f_veekogud_lahtuv_veekogu,v_veevah_skaala_selg,string,text,,Veevahetus skaala (järv) selgitus
EELIS/PostgREST,f_veekogud_lahtuv_veekogu,jv_labiv_id,integer,integer,,Läbivoolav veekogu
EELIS/PostgREST,f_veekogud_lahtuv_veekogu,jv_labiv_selg,string,text,,Läbivoolav veekogu nimi
EELIS/PostgREST,f_veekogud_lahtuv_veekogu,jv_labiv_kkr,string,text,,Läbivoolav veekogu kkr kood
EELIS/PostgREST,f_veekogud_lahtuv_veekogu,me_grupp_id,integer,integer,,Kuulub mereala juurde
EELIS/PostgREST,f_veekogud_lahtuv_veekogu,me_grupp_selg,string,text,,Mereala nimi
EELIS/PostgREST,f_veekogud_lahtuv_veekogu,me_grupp_kkr,string,text,,Mereala kkr kood
EELIS/PostgREST,f_veekogud_lahtuv_veekogu,al_tundlik_ala_id,integer,integer,,Asub olulisel allika- või karstialal
EELIS/PostgREST,f_veekogud_lahtuv_veekogu,tundlik_ala_selg,string,text,,Allika- või karstiala nimi
EELIS/PostgREST,f_veekogud_lahtuv_veekogu,tundlik_ala_kkr,string,text,,Allika- või karstiala kkr kood
EELIS/PostgREST,f_veekogud_lahtuv_veekogu,kesk_x,number,double precision,,Veekogu tsentroidi x-koordinaat
EELIS/PostgREST,f_veekogud_lahtuv_veekogu,kesk_y,number,double precision,,Veekogu tsentroidi y-koordinaat
EELIS/PostgREST,f_veekogud_lahtuv_veekogu,muut_staatus,string,text,,Menetlusfaas
EELIS/PostgREST,f_veekogud_lahtuv_veekogu,muut_staatus_selg,string,text,,Menetlusfaas selgitus
EELIS/PostgREST,f_veekogud_lahtuv_veekogu,muut_aeg,string,timestamp without time zone,,Viimase muutmise aeg
EELIS/PostgREST,f_veekogud_lahtuv_veekogu,ehak_tekst,string,text,,EHAK koondinfo
EELIS/PostgREST,f_veekogud_lahtuv_veekogu,ehak_kood1,string,text,,EHAK kood maakond
EELIS/PostgREST,f_veekogud_lahtuv_veekogu,ehak_kood2,string,text,,EHAK kood vald
EELIS/PostgREST,f_veekogud_lahtuv_veekogu,ehak_kood3,string,text,,EHAK alamtase
EELIS/PostgREST,f_veekogud_lkoht,id,integer,integer,,Leiukoha ID
EELIS/PostgREST,f_veekogud_lkoht,lnim_id,integer,integer,,Liik
EELIS/PostgREST,f_veekogud_lkoht,nimi,string,text,,Nimi
EELIS/PostgREST,f_veekogud_lkoht,tyyp,string,text,,Tüüp kood
EELIS/PostgREST,f_veekogud_lkoht,tyyp_selg,string,text,,Tüüp
EELIS/PostgREST,f_veekogud_lkoht,kuulub_id,integer,integer,,Kuulub
EELIS/PostgREST,f_veekogud_lkoht,tx_asukoht,string,text,,Asukohakirjeldus
EELIS/PostgREST,f_veekogud_lkoht,on_regobj,boolean,boolean,,On registriobjekt
EELIS/PostgREST,f_veekogud_lkoht,kkr_kood,string,text,,KKR kood
EELIS/PostgREST,f_veekogud_lkoht,tx_elupaik,string,text,,Elupaiga kirjeldus
EELIS/PostgREST,f_veekogud_lkoht,elup_kasutus,string,text,,Elupaiga kasutus kood
EELIS/PostgREST,f_veekogud_lkoht,elup_kasutus_selg,string,text,,Elupaiga kasutus
EELIS/PostgREST,f_veekogud_lkoht,elup_nat,string,text,,Elupaik (Natura) kood
EELIS/PostgREST,f_veekogud_lkoht,elup_nat_selg,string,text,,Elupaik (Natura)
EELIS/PostgREST,f_veekogud_lkoht,elup_paal,string,text,,Kasvukoht (Paal) kood
EELIS/PostgREST,f_veekogud_lkoht,elup_paal_selg,string,text,,Kasvukoht (Paal)
EELIS/PostgREST,f_veekogud_lkoht,ohud,string,text,,Ohutegurid
EELIS/PostgREST,f_veekogud_lkoht,ohud_aste,string,text,,Mõjutegurite ohu aste
EELIS/PostgREST,f_veekogud_lkoht,ohud_aste_selg,string,text,,Mõjutegurite ohu astme selgitus
EELIS/PostgREST,f_veekogud_lkoht,kasvamise_koht,string,text,,Kasvamise koht
EELIS/PostgREST,f_veekogud_lkoht,kasvamise_koht_selg,string,text,,Kasvamise koha selgitus
EELIS/PostgREST,f_veekogud_lkoht,koht_vesi,string,text,,Asukoha niiskus
EELIS/PostgREST,f_veekogud_lkoht,koht_vesi_selg,string,text,,Asukoha niiskus selgitus
EELIS/PostgREST,f_veekogud_lkoht,koht_valgus,string,text,,Asukoha valgustatus
EELIS/PostgREST,f_veekogud_lkoht,koht_valgus_selg,string,text,,Asukoha valgustatus selgitus
EELIS/PostgREST,f_veekogud_lkoht,koht_muld,string,text,,Asukoha mullastik
EELIS/PostgREST,f_veekogud_lkoht,koht_muld_selg,string,text,,Asukoha mullastik selgitus
EELIS/PostgREST,f_veekogud_lkoht,tx_biol_kirjeldus,string,text,,Bioloogiline kirjeldus
EELIS/PostgREST,f_veekogud_lkoht,on_voorliik_teavitus,boolean,boolean,,On saadetud teavitus võõrliigi kohta
EELIS/PostgREST,f_veekogud_lkoht,kesk_x,number,double precision,,x
EELIS/PostgREST,f_veekogud_lkoht,kesk_y,number,double precision,,y
EELIS/PostgREST,f_veekogud_lkoht,muut_aeg,string,timestamp without time zone,,Muutmise aeg
EELIS/PostgREST,f_veekogud_lkoht,keht_staatus,string,text,,Kehtivuse staatus
EELIS/PostgREST,f_veekogud_lkoht,lnim_estnimi,string,text,,Liigi nimi(eesti k.)
EELIS/PostgREST,f_veekogud_lkoht,lnim_ladnimi,string,text,,Liigi nimi(ladina k.)
EELIS/PostgREST,f_veekogud_lkoht,lnim_kaitsekategooria,integer,integer,,Liigi kaitsekategooria
EELIS/PostgREST,f_veekogud_lkoht,veekogu_id,integer,integer,,Veekogu ID  Note: This is a Foreign Key to `f_veekogud.id`.<fk table='f_veekogud' column='id'/>
EELIS/PostgREST,f_veekogud_mere_veekogu,id,integer,integer,,Veekogu id
EELIS/PostgREST,f_veekogud_mere_veekogu,kood,string,text,,Veekogu kood
EELIS/PostgREST,f_veekogud_mere_veekogu,tyyp,string,text,,Veekogu tüüp
EELIS/PostgREST,f_veekogud_mere_veekogu,tyyp_selg,string,text,,Veekogu tüüp selgitus
EELIS/PostgREST,f_veekogud_mere_veekogu,staatus,string,text,,Veekogu staatus
EELIS/PostgREST,f_veekogud_mere_veekogu,staatus_selg,string,text,,Veekogu staatus selgitus
EELIS/PostgREST,f_veekogud_mere_veekogu,keht_staatus,string,text,,Kehivuse staatus
EELIS/PostgREST,f_veekogud_mere_veekogu,nimi,string,text,,Veekogu nimi
EELIS/PostgREST,f_veekogud_mere_veekogu,kkr_kood,string,text,,KKR kood
EELIS/PostgREST,f_veekogud_mere_veekogu,muud_nimed,string,text,,Veekogu muud nimed
EELIS/PostgREST,f_veekogud_mere_veekogu,avalik_kasut,string,text,,Avalik kasutatavus
EELIS/PostgREST,f_veekogud_mere_veekogu,avalik_kasut_selg,string,text,,Avalik kasutatavus selgitus
EELIS/PostgREST,f_veekogud_mere_veekogu,vesikond_id,integer,integer,,Vesikond (VRD)
EELIS/PostgREST,f_veekogud_mere_veekogu,vesikond_selg,string,text,,Vesikond nimi
EELIS/PostgREST,f_veekogud_mere_veekogu,vesikond_kuulub_id,string,text,,Kuulub id(vesikond)
EELIS/PostgREST,f_veekogud_mere_veekogu,vesikond_kuulub_nimi,string,text,,Kuulub nimi (vesikond)
EELIS/PostgREST,f_veekogud_mere_veekogu,veekogu_id,integer,integer,,Veekogu ID  Note: This is a Foreign Key to `f_veekogud.id`.<fk table='f_veekogud' column='id'/>
EELIS/PostgREST,f_veekogud_mere_veekogu,on_pandivere_pv,boolean,boolean,,Asub nitraaditundlikul alal 
EELIS/PostgREST,f_veekogud_mere_veekogu,tx_lisainfo,string,text,,Lisainfo
EELIS/PostgREST,f_veekogud_mere_veekogu,valgla_suurus,string,text,,Valgala suurus 
EELIS/PostgREST,f_veekogud_mere_veekogu,valgla_suurus_selg,string,text,,Valgala suurus selgitus
EELIS/PostgREST,f_veekogud_mere_veekogu,valgla_pindala,number,double precision,,Valgala pindala
EELIS/PostgREST,f_veekogud_mere_veekogu,valgla_aasta,integer,integer,,Valgala aasta
EELIS/PostgREST,f_veekogud_mere_veekogu,vee_pindala,number,double precision,,Veepeegli pindala 
EELIS/PostgREST,f_veekogud_mere_veekogu,saarte_pindala,number,double precision,,Saarte pindala
EELIS/PostgREST,f_veekogud_mere_veekogu,saarte_arv,integer,integer,,Saarte arv
EELIS/PostgREST,f_veekogud_mere_veekogu,kesk_sygavus,number,double precision,,Keskmine sügavus
EELIS/PostgREST,f_veekogud_mere_veekogu,max_sygavus,number,double precision,,Maksimaalne sügavus
EELIS/PostgREST,f_veekogud_mere_veekogu,vrd_tyyp,string,text,,Veetüüp VRD
EELIS/PostgREST,f_veekogud_mere_veekogu,vrd_tyyp_selg,string,text,,Veetüüp VRD selgitus
EELIS/PostgREST,f_veekogud_mere_veekogu,tx_valgala,string,text,,Valgala kirjeldus
EELIS/PostgREST,f_veekogud_mere_veekogu,vv_latte_ehak_id,integer,integer,,Lätte EHAK
EELIS/PostgREST,f_veekogud_mere_veekogu,vv_latte_ehak_nimi,string,text,,Lätte EHAK nimi
EELIS/PostgREST,f_veekogud_mere_veekogu,vv_latte_tyyp,string,text,,Lätte tüüp
EELIS/PostgREST,f_veekogud_mere_veekogu,vv_latte_tyyp_selg,string,text,,Lätte tüüp selgitus
EELIS/PostgREST,f_veekogud_mere_veekogu,vv_latte_id,integer,integer,,Lätte veekogu
EELIS/PostgREST,f_veekogud_mere_veekogu,vv_latte_selg,string,text,,Lätte veekogu nimi
EELIS/PostgREST,f_veekogud_mere_veekogu,vv_latte_kkr,string,text,,Lätte veekogu kkr 
EELIS/PostgREST,f_veekogud_mere_veekogu,vv_latte_x,number,double precision,,Lätte X
EELIS/PostgREST,f_veekogud_mere_veekogu,vv_latte_y,number,double precision,,Lätte Y
EELIS/PostgREST,f_veekogud_mere_veekogu,vv_suub_ehak_id,integer,integer,,Suubla EHAK
EELIS/PostgREST,f_veekogud_mere_veekogu,vv_suub_ehak_selg,string,text,,Suubla EHAK nimi
EELIS/PostgREST,f_veekogud_mere_veekogu,vv_suub_tyyp,string,text,,Suubumise tüüp
EELIS/PostgREST,f_veekogud_mere_veekogu,vv_suub_tyyp_selg,string,text,,Suubub veekogusse
EELIS/PostgREST,f_veekogud_mere_veekogu,vv_suub_id,integer,integer,,
EELIS/PostgREST,f_veekogud_mere_veekogu,vv_suub_selg,string,text,,Suubub veekogusse nimi
EELIS/PostgREST,f_veekogud_mere_veekogu,vv_suub_kkr,string,text,,Suubub veekogusse kkr
EELIS/PostgREST,f_veekogud_mere_veekogu,vv_suub_x,number,double precision,,Suubla X
EELIS/PostgREST,f_veekogud_mere_veekogu,vv_suub_y,number,double precision,,Suubla Y
EELIS/PostgREST,f_veekogud_mere_veekogu,vv_suub_jark,integer,integer,,Suubumise järk
EELIS/PostgREST,f_veekogud_mere_veekogu,vv_suub_suudmest,number,double precision,,Suubumiskoha kaugus põhijõe suudmest (km)
EELIS/PostgREST,f_veekogud_mere_veekogu,vv_pikkus3,number,double precision,,Vooluveekogu põhitelje pikkus (km)
EELIS/PostgREST,f_veekogud_mere_veekogu,vv_tx_alg_kirj,string,text,,Lähtekoha kirjeldus
EELIS/PostgREST,f_veekogud_mere_veekogu,vv_tx_suub_kirj,string,text,,Suubumiskoha kirjeldus
EELIS/PostgREST,f_veekogud_mere_veekogu,jv_laius,number,double precision,,Järve laius (m)
EELIS/PostgREST,f_veekogud_mere_veekogu,jv_pikkus,number,double precision,,Järve pikkus (m)
EELIS/PostgREST,f_veekogud_mere_veekogu,jv_kaldaj,number,double precision,,Kaldajoone pikkus (m)
EELIS/PostgREST,f_veekogud_mere_veekogu,jv_maht,number,double precision,,Maht (tuh m³)
EELIS/PostgREST,f_veekogud_mere_veekogu,jv_kalda_liigend,number,double precision,,Kalda liigendatus
EELIS/PostgREST,f_veekogud_mere_veekogu,jv_veevahetus,number,double precision,,Veevahetus (korda aastas)
EELIS/PostgREST,f_veekogud_mere_veekogu,jv_on_umbjarv,boolean,boolean,,On umbjärv
EELIS/PostgREST,f_veekogud_mere_veekogu,jv_limn_tyyp,string,text,,Limnoloogiline tüüp
EELIS/PostgREST,f_veekogud_mere_veekogu,jv_limn_tyyp_selg,string,text,,Limnoloogiline tüüp selgitus
EELIS/PostgREST,f_veekogud_mere_veekogu,v_veevah_skaala,string,text,,Veevahetuse skaala (järv)
EELIS/PostgREST,f_veekogud_mere_veekogu,v_veevah_skaala_selg,string,text,,Veevahetus skaala (järv) selgitus
EELIS/PostgREST,f_veekogud_mere_veekogu,jv_labiv_id,integer,integer,,Läbivoolav veekogu
EELIS/PostgREST,f_veekogud_mere_veekogu,jv_labiv_selg,string,text,,Läbivoolav veekogu nimi
EELIS/PostgREST,f_veekogud_mere_veekogu,jv_labiv_kkr,string,text,,Läbivoolav veekogu kkr kood
EELIS/PostgREST,f_veekogud_mere_veekogu,me_grupp_id,integer,integer,,Kuulub mereala juurde
EELIS/PostgREST,f_veekogud_mere_veekogu,me_grupp_selg,string,text,,Mereala nimi
EELIS/PostgREST,f_veekogud_mere_veekogu,me_grupp_kkr,string,text,,Mereala kkr kood
EELIS/PostgREST,f_veekogud_mere_veekogu,al_tundlik_ala_id,integer,integer,,Asub olulisel allika- või karstialal
EELIS/PostgREST,f_veekogud_mere_veekogu,tundlik_ala_selg,string,text,,Allika- või karstiala nimi
EELIS/PostgREST,f_veekogud_mere_veekogu,tundlik_ala_kkr,string,text,,Allika- või karstiala kkr kood
EELIS/PostgREST,f_veekogud_mere_veekogu,kesk_x,number,double precision,,Veekogu tsentroidi x-koordinaat
EELIS/PostgREST,f_veekogud_mere_veekogu,kesk_y,number,double precision,,Veekogu tsentroidi y-koordinaat
EELIS/PostgREST,f_veekogud_mere_veekogu,muut_staatus,string,text,,Menetlusfaas
EELIS/PostgREST,f_veekogud_mere_veekogu,muut_staatus_selg,string,text,,Menetlusfaas selgitus
EELIS/PostgREST,f_veekogud_mere_veekogu,muut_aeg,string,timestamp without time zone,,Viimase muutmise aeg
EELIS/PostgREST,f_veekogud_mere_veekogu,ehak_tekst,string,text,,EHAK koondinfo
EELIS/PostgREST,f_veekogud_mere_veekogu,ehak_kood1,string,text,,EHAK kood maakond
EELIS/PostgREST,f_veekogud_mere_veekogu,ehak_kood2,string,text,,EHAK kood vald
EELIS/PostgREST,f_veekogud_mere_veekogu,ehak_kood3,string,text,,EHAK  alamtase
EELIS/PostgREST,f_veekogud_pais,id,integer,integer,,ID
EELIS/PostgREST,f_veekogud_pais,kood,string,text,,Kood
EELIS/PostgREST,f_veekogud_pais,keht_staatus,string,text,,Kehtivuse staatus
EELIS/PostgREST,f_veekogud_pais,staatus,string,text,,Staatus
EELIS/PostgREST,f_veekogud_pais,staatus_selg,string,text,,Staatuse selgitus
EELIS/PostgREST,f_veekogud_pais,veekogu_klass,string,text,,Veekogu klass
EELIS/PostgREST,f_veekogud_pais,klass_selg,string,text,,Veekogu klassi selgitus
EELIS/PostgREST,f_veekogud_pais,lopp_aasta,integer,integer,,Lõppaasta
EELIS/PostgREST,f_veekogud_pais,nimi,string,text,,Nimi
EELIS/PostgREST,f_veekogud_pais,ehak_id,integer,integer,,Kohanimi
EELIS/PostgREST,f_veekogud_pais,vooluveekogu_id,integer,integer,,Paisutav jõe ID
EELIS/PostgREST,f_veekogud_pais,paisutatav_jogi_nimi,string,text,,Paisutava jõe nimi
EELIS/PostgREST,f_veekogud_pais,paisutatav_jogi_kkr_kood,string,text,,Paisutava jõe KKR kood
EELIS/PostgREST,f_veekogud_pais,paisutatav_jogi_keht_staatus,string,text,,1
EELIS/PostgREST,f_veekogud_pais,jarv_id,integer,integer,,Paisjärv ID
EELIS/PostgREST,f_veekogud_pais,paisjarv_nimi,string,text,,Paisjärve nimi
EELIS/PostgREST,f_veekogud_pais,paisjarv_kkr_kood,string,text,,Paisjärve KKR kood
EELIS/PostgREST,f_veekogud_pais,paisjarv_keht_staatus,string,text,,Paisjärve kehtivuse staatus
EELIS/PostgREST,f_veekogud_pais,on_elupaikade_nimistus,boolean,boolean,,On kaitstavate elupaikade nimistus
EELIS/PostgREST,f_veekogud_pais,tx_kalapaas,string,text,,Kalapääsu kirjeldus
EELIS/PostgREST,f_veekogud_pais,kesk_x,number,double precision,,Paisu keskpunkti X-koordinaat
EELIS/PostgREST,f_veekogud_pais,kesk_y,number,double precision,,Paisu keskpunkti Y-koordinaat
EELIS/PostgREST,f_veekogud_pais,muut_aeg,string,timestamp without time zone,,Viimase muutmise aeg
EELIS/PostgREST,f_veekogud_pais,ehak_tekst,string,text,,EHAK koondinfo
EELIS/PostgREST,f_veekogud_pais,ehak_kood1,string,text,,EHAK kood maakond
EELIS/PostgREST,f_veekogud_pais,ehak_kood2,string,text,,EHAK kood vald
EELIS/PostgREST,f_veekogud_pais,ehak_kood3,string,text,,EHAK alamtase
EELIS/PostgREST,f_veekogud_pais,veekogu_id,integer,integer,,Veekogu ID  Note: This is a Foreign Key to `f_veekogud.id`.<fk table='f_veekogud' column='id'/>
EELIS/PostgREST,f_veekogud_parandobj,id,integer,integer,,Pärandobjekti ID
EELIS/PostgREST,f_veekogud_parandobj,tyyp,string,text,,Tüübi kood
EELIS/PostgREST,f_veekogud_parandobj,tyyp_nimetus,string,text,,Tüübi nimi
EELIS/PostgREST,f_veekogud_parandobj,kood,string,text,,Kood
EELIS/PostgREST,f_veekogud_parandobj,kaasnev_tyyp,string,text,,Kaasnevad objektid
EELIS/PostgREST,f_veekogud_parandobj,kaasnev_tyyp_selg,string,text,,Kaasnevad objektid - nimetused
EELIS/PostgREST,f_veekogud_parandobj,nimi,string,text,,Nimi
EELIS/PostgREST,f_veekogud_parandobj,seisund,string,text,,Seisund
EELIS/PostgREST,f_veekogud_parandobj,seisund_selg,string,text,,Seisundi nimetus
EELIS/PostgREST,f_veekogud_parandobj,ulatus,string,text,,Ulatus (m)
EELIS/PostgREST,f_veekogud_parandobj,kaartidel,string,text,,Objekt on kaartidel
EELIS/PostgREST,f_veekogud_parandobj,parandobj_kaartidel_selg,string,text,,Objekt on kaartidel selgitus
EELIS/PostgREST,f_veekogud_parandobj,invent_kp,string,timestamp without time zone,,Inventeerimise kuupäev
EELIS/PostgREST,f_veekogud_parandobj,tx_parimused,string,text,,Pärimused
EELIS/PostgREST,f_veekogud_parandobj,tx_markused,string,text,,Märkused
EELIS/PostgREST,f_veekogud_parandobj,tx_varasem_kirjeldus,string,text,,Varasemad kirjeldused
EELIS/PostgREST,f_veekogud_parandobj,muut_aeg,string,timestamp without time zone,,Viimase muutmise aeg
EELIS/PostgREST,f_veekogud_parandobj,keht_staatus,string,text,,Kehtivuse staatus
EELIS/PostgREST,f_veekogud_parandobj,staatus,string,text,,Staatus
EELIS/PostgREST,f_veekogud_parandobj,staatus_selg,string,text,,Staatus selgitus
EELIS/PostgREST,f_veekogud_parandobj,ehak_tekst,string,text,,EHAK koondinfo
EELIS/PostgREST,f_veekogud_parandobj,ehak_kood1,string,text,,EHAK kood maakond
EELIS/PostgREST,f_veekogud_parandobj,ehak_kood2,string,text,,EHAK kood vald
EELIS/PostgREST,f_veekogud_parandobj,ehak_kood3,string,text,,EHAK alamtase
EELIS/PostgREST,f_veekogud_parandobj,kesk_x,number,double precision,,Pärandobjekti  tsentroidi x-koordinaat LEST97
EELIS/PostgREST,f_veekogud_parandobj,kesk_y,number,double precision,,Pärandobjekti tsentroidi y-koordinaat LEST97
EELIS/PostgREST,f_veekogud_parandobj,veekogu_id,integer,integer,,Veekogu ID  Note: This is a Foreign Key to `f_veekogud.id`.<fk table='f_veekogud' column='id'/>
EELIS/PostgREST,f_veekogud_rahvala,id,integer,integer,,Rahv.ala ID
EELIS/PostgREST,f_veekogud_rahvala,kood,string,text,,Kood
EELIS/PostgREST,f_veekogud_rahvala,nimi,string,text,,Rahv.ala nimi
EELIS/PostgREST,f_veekogud_rahvala,tyyp,string,text,,Rahv.ala tüüp
EELIS/PostgREST,f_veekogud_rahvala,tyyp_selg,string,text,,Rahv.ala tüüp selgitus
EELIS/PostgREST,f_veekogud_rahvala,on_regobj,boolean,boolean,,On registriobjekt JAH/EI
EELIS/PostgREST,f_veekogud_rahvala,kkr_kood,string,text,,KKR kood
EELIS/PostgREST,f_veekogud_rahvala,koostamise_kp,string,timestamp without time zone,,Koostamise kp
EELIS/PostgREST,f_veekogud_rahvala,kinnitamise_kp,string,timestamp without time zone,,Kinnitamise kp
EELIS/PostgREST,f_veekogud_rahvala,tx_markused,string,text,,Märkused
EELIS/PostgREST,f_veekogud_rahvala,pindala_maa,number,double precision,,Maismaa pindala (ha)
EELIS/PostgREST,f_veekogud_rahvala,pindala_vesi,number,double precision,,Siseveekogude pindala (ha)
EELIS/PostgREST,f_veekogud_rahvala,pindala_meri,number,double precision,,Mereosa pindala (ha)
EELIS/PostgREST,f_veekogud_rahvala,spa_klassif_kp,string,timestamp without time zone,,SPA klassifitseerimise kuupäev
EELIS/PostgREST,f_veekogud_rahvala,sci_esit_kp,string,timestamp without time zone,,SCI esitamise kuupäev
EELIS/PostgREST,f_veekogud_rahvala,sci_kinnit_kp,string,timestamp without time zone,,SCI kinnitamise kuupäev
EELIS/PostgREST,f_veekogud_rahvala,sac_eri_kp,string,timestamp without time zone,,SAC määramise kuupäev
EELIS/PostgREST,f_veekogud_rahvala,kesk_x,number,double precision,,Rahv.ala tsentroidi x-koordinaat LEST97
EELIS/PostgREST,f_veekogud_rahvala,kesk_y,number,double precision,,Rahv.ala tsentroidi y-koordinaat LEST97
EELIS/PostgREST,f_veekogud_rahvala,muut_aeg,string,timestamp without time zone,,Viimase muutmise aeg
EELIS/PostgREST,f_veekogud_rahvala,keht_staatus,string,text,,Kehtivuse staatus
EELIS/PostgREST,f_veekogud_rahvala,staatus,string,text,,Staatus
EELIS/PostgREST,f_veekogud_rahvala,staatus_selg,string,text,,Staatus selgitus
EELIS/PostgREST,f_veekogud_rahvala,muut_staatus,string,text,,Muutmise staatus
EELIS/PostgREST,f_veekogud_rahvala,muut_staatus_selg,string,text,,Muutmise staatus selgitus
EELIS/PostgREST,f_veekogud_rahvala,ehak_tekst,string,text,,EHAK koondinfo
EELIS/PostgREST,f_veekogud_rahvala,ehak_kood1,string,text,,EHAK kood maakond
EELIS/PostgREST,f_veekogud_rahvala,ehak_kood2,string,text,,EHAK kood vald
EELIS/PostgREST,f_veekogud_rahvala,ehak_kood3,string,text,,EHAK alamtase
EELIS/PostgREST,f_veekogud_rahvala,veekogu_id,integer,integer,,Veekogu ID  Note: This is a Foreign Key to `f_veekogud.id`.<fk table='f_veekogud' column='id'/>
EELIS/PostgREST,f_veekogud_saar,id,integer,integer,,ID
EELIS/PostgREST,f_veekogud_saar,kkr_kood,string,text,,KKR kood
EELIS/PostgREST,f_veekogud_saar,kood,string,text,,Kood kood
EELIS/PostgREST,f_veekogud_saar,staatus,string,text,,Staatus
EELIS/PostgREST,f_veekogud_saar,staatus_selg,string,text,,Staatus selgitus
EELIS/PostgREST,f_veekogud_saar,keht_staatus,string,text,,Kehtivuse staatus
EELIS/PostgREST,f_veekogud_saar,liitunud_saarega_id,integer,integer,,Liitunud saarega
EELIS/PostgREST,f_veekogud_saar,nimi,string,text,,Nimi
EELIS/PostgREST,f_veekogud_saar,nimi_grupp,string,text,,Rühma nimi
EELIS/PostgREST,f_veekogud_saar,nimi_muud,string,text,,Muud nimed
EELIS/PostgREST,f_veekogud_saar,piirkondlik_kuuluvus,string,text,,Piirkondlik kuuluvus
EELIS/PostgREST,f_veekogud_saar,piirkondlik_kuuluvus_selg,string,text,,Piirkondlik kuuluvus selgitus
EELIS/PostgREST,f_veekogud_saar,kesk_korgus,number,double precision,,Keskmine kõrgus
EELIS/PostgREST,f_veekogud_saar,max_korgus,number,double precision,,Max kõrgus
EELIS/PostgREST,f_veekogud_saar,yld_pindala_poh,number,double precision,,"Pindala (ha, põhikaardilt)"
EELIS/PostgREST,f_veekogud_saar,yld_ymber_poh,number,double precision,,Ümbermõõt (põhikaardilt)
EELIS/PostgREST,f_veekogud_saar,tx_info,string,text,,Lisainfo
EELIS/PostgREST,f_veekogud_saar,kesk_x,number,double precision,,x
EELIS/PostgREST,f_veekogud_saar,kesk_y,number,double precision,,y
EELIS/PostgREST,f_veekogud_saar,muut_aeg,string,timestamp without time zone,,Viimase muutmise aeg
EELIS/PostgREST,f_veekogud_saar,ehak_tekst,string,text,,EHAK koondinfo
EELIS/PostgREST,f_veekogud_saar,ehak_kood1,string,text,,EHAK kood maakond
EELIS/PostgREST,f_veekogud_saar,ehak_kood2,string,text,,EHAK kood vald
EELIS/PostgREST,f_veekogud_saar,ehak_kood3,string,text,,EHAK alamtase
EELIS/PostgREST,f_veekogud_saar,veekogu_id,integer,integer,,Veekogu ID  Note: This is a Foreign Key to `f_veekogud.id`.<fk table='f_veekogud' column='id'/>
EELIS/PostgREST,f_veekogud_seirejaam,id,integer,integer,,Id
EELIS/PostgREST,f_veekogud_seirejaam,kood,string,text,,Muu kood
EELIS/PostgREST,f_veekogud_seirejaam,nimi,string,text,,Nimi
EELIS/PostgREST,f_veekogud_seirejaam,tyyp,string,text,,Tüüp
EELIS/PostgREST,f_veekogud_seirejaam,seirejaam_tyyp_selg,string,text,,Tüübi selgitus
EELIS/PostgREST,f_veekogud_seirejaam,staatus,string,text,,Staatus
EELIS/PostgREST,f_veekogud_seirejaam,staatus_selg,string,text,,Staatuse selgitus
EELIS/PostgREST,f_veekogud_seirejaam,keht_staatus,string,text,,Kehtivuse staatus
EELIS/PostgREST,f_veekogud_seirejaam,seisund,string,text,,Seirejaama seisund
EELIS/PostgREST,f_veekogud_seirejaam,seiretyyp,string,text,,Seire tüüp kood
EELIS/PostgREST,f_veekogud_seirejaam,seiretyyp_selg,string,text,,Seire tüüp
EELIS/PostgREST,f_veekogud_seirejaam,kkr_kood,string,text,,Registrikood
EELIS/PostgREST,f_veekogud_seirejaam,sj_tase,string,text,,Seirekoha tase lühend
EELIS/PostgREST,f_veekogud_seirejaam,sj_tase_nimi,string,text,,Seirekoha tase
EELIS/PostgREST,f_veekogud_seirejaam,kuulub_id,integer,integer,,Kuulub
EELIS/PostgREST,f_veekogud_seirejaam,asendatud_id,integer,integer,,Asendatud uue seirejaamaga
EELIS/PostgREST,f_veekogud_seirejaam,on_kitsendus,boolean,boolean,,On kitsendusi põhjustav
EELIS/PostgREST,f_veekogud_seirejaam,merepinnast,number,double precision,,Merepinnast (m)
EELIS/PostgREST,f_veekogud_seirejaam,utm_kood,string,text,,UTM ruudu kood
EELIS/PostgREST,f_veekogud_seirejaam,pindala,number,double precision,,Pindala (ha)
EELIS/PostgREST,f_veekogud_seirejaam,ehak_id,integer,integer,,Kohanimi
EELIS/PostgREST,f_veekogud_seirejaam,ala_id,integer,integer,,Kaitsealune ala või üksikobjekt ID
EELIS/PostgREST,f_veekogud_seirejaam,ala_nimi,string,text,,Kaitsealune ala või üksikobjekti nimi
EELIS/PostgREST,f_veekogud_seirejaam,ala_tyyp,string,text,,Kaitsealune ala või üksikobjekti tüüp
EELIS/PostgREST,f_veekogud_seirejaam,ala_tyyp_selg,string,text,,Kaitsealune ala või üksikobjekti tüübi selgitus
EELIS/PostgREST,f_veekogud_seirejaam,ala_kkr_kood,string,text,,Kaitsealune ala või üksikobjekti KKR kood
EELIS/PostgREST,f_veekogud_seirejaam,ala_staatus,string,text,,Kaitsealune ala või üksikobjekti staatus
EELIS/PostgREST,f_veekogud_seirejaam,lkoht_id,integer,integer,,Seiratava liigileiukoht ID
EELIS/PostgREST,f_veekogud_seirejaam,lkoht_nimi,string,text,,Seiratava liigileiukoha nimi
EELIS/PostgREST,f_veekogud_seirejaam,lkoht_tyyp,string,text,,Seiratava liigileiukoha tüüp
EELIS/PostgREST,f_veekogud_seirejaam,lkoht_tyyp_selg,string,text,,Seiratava liigileiukoha tüübi selgitus
EELIS/PostgREST,f_veekogud_seirejaam,lkoht_kkr_kood,string,text,,Seiratava liigileiukoha KKR kood
EELIS/PostgREST,f_veekogud_seirejaam,tundlik_ala_id,integer,integer,,Tundlik ala(karstiala) ID
EELIS/PostgREST,f_veekogud_seirejaam,tundlik_ala_nimi,string,text,,Tundlik ala (karstiala) nimi
EELIS/PostgREST,f_veekogud_seirejaam,tundlik_ala_tyyp,string,text,,Tundlik ala (karstiala) tüüp
EELIS/PostgREST,f_veekogud_seirejaam,tundlik_ala_tyyp_selg,string,text,,Tundlik ala (karstiala) tüübi selgitus
EELIS/PostgREST,f_veekogud_seirejaam,tundlik_ala_kkr_kood,string,text,,Tundlik ala (karstiala) KKR kood
EELIS/PostgREST,f_veekogud_seirejaam,tundlik_ala_keht_staatus,string,text,,Tundlik ala (karstiala) kehtivuse staatus
EELIS/PostgREST,f_veekogud_seirejaam,veekogu_id,integer,integer,,Veekogu ID  Note: This is a Foreign Key to `f_veekogud.id`.<fk table='f_veekogud' column='id'/>
EELIS/PostgREST,f_veekogud_seirejaam,veekogu_nimi,string,text,,Veekogu nimi
EELIS/PostgREST,f_veekogud_seirejaam,veekogu_tyyp,string,text,,Veekogu tüüp
EELIS/PostgREST,f_veekogud_seirejaam,veekogu_tyyp_selg,string,text,,Veekogu tüübi selgitus
EELIS/PostgREST,f_veekogud_seirejaam,veekogu_kkr_kood,string,text,,Veekogu KKR kood
EELIS/PostgREST,f_veekogud_seirejaam,veekogu_keht_staatus,string,text,,Veekogu kehtivuse staatus
EELIS/PostgREST,f_veekogud_seirejaam,veekogum_id,integer,integer,,Veekogum ID
EELIS/PostgREST,f_veekogud_seirejaam,veekogum_nimi,string,text,,Veekogumi nimi
EELIS/PostgREST,f_veekogud_seirejaam,veekogum_tyyp,string,text,,Kategooria
EELIS/PostgREST,f_veekogud_seirejaam,veekogum_tyyp_selg,string,text,,Kategooria selgitus
EELIS/PostgREST,f_veekogud_seirejaam,veekogum_keht_staatus,string,text,,Veekogumi kehtivuse staatus
EELIS/PostgREST,f_veekogud_seirejaam,suudmest,string,text,,Suudmest (km)
EELIS/PostgREST,f_veekogud_seirejaam,puurauk_id,integer,integer,,Puurauk ID
EELIS/PostgREST,f_veekogud_seirejaam,puurauk_nimi,string,text,,Puuraugu nimi
EELIS/PostgREST,f_veekogud_seirejaam,puurauk_kkr_kood,string,text,,Puuraugu KKR kood
EELIS/PostgREST,f_veekogud_seirejaam,puurauk_tyyp,string,text,,Puuraugu tüüp
EELIS/PostgREST,f_veekogud_seirejaam,puurauk_tyyp_selg,string,text,,Puuraugu tüübi selgitus
EELIS/PostgREST,f_veekogud_seirejaam,puurauk_keht_staatus,string,text,,Puuraugu kehtivuse staatus
EELIS/PostgREST,f_veekogud_seirejaam,saar_id,integer,integer,,Saar ID
EELIS/PostgREST,f_veekogud_seirejaam,saar_nimi,string,text,,Saare nimi
EELIS/PostgREST,f_veekogud_seirejaam,saar_tyyp,string,text,,Saare tüüp
EELIS/PostgREST,f_veekogud_seirejaam,saar_tyyp_selg,string,text,,Saare tüübi selgitus
EELIS/PostgREST,f_veekogud_seirejaam,saar_kkr_kood,string,text,,Saare KKR kood
EELIS/PostgREST,f_veekogud_seirejaam,saar_keht_staatus,string,text,,Saare kehtivuse staatus
EELIS/PostgREST,f_veekogud_seirejaam,jahiala_id,integer,integer,,Jahipiirkond ID
EELIS/PostgREST,f_veekogud_seirejaam,jahiala_nimi,string,text,,Jahipiirkonna nimi
EELIS/PostgREST,f_veekogud_seirejaam,jahiala_tyyp,string,text,,Jahipiirkonna tüüp
EELIS/PostgREST,f_veekogud_seirejaam,jahiala_tyyp_selg,string,text,,Jahipiirkonna tüübi selgitus
EELIS/PostgREST,f_veekogud_seirejaam,jahiala_kkr_kood,string,text,,Jahipiirkonna KKR kood
EELIS/PostgREST,f_veekogud_seirejaam,jahiala_keht_staatus,string,text,,Jahipiirkonna kehtivuse staatus
EELIS/PostgREST,f_veekogud_seirejaam,tx_asukoht,string,text,,Asukohakirjeldus
EELIS/PostgREST,f_veekogud_seirejaam,tx_markus,string,text,,Märkused
EELIS/PostgREST,f_veekogud_seirejaam,tx_arhiiv,string,text,,Arhiiv
EELIS/PostgREST,f_veekogud_seirejaam,alg_kpv,string,timestamp without time zone,,Kasutuse algus kp
EELIS/PostgREST,f_veekogud_seirejaam,lopp_kpv,string,timestamp without time zone,,Kasutuse lõpp kp
EELIS/PostgREST,f_veekogud_seirejaam,aastad,string,text,,Seireaastad
EELIS/PostgREST,f_veekogud_seirejaam,kesk_x,number,double precision,,Rahv.ala tsentroidi x-koordinaat LEST97
EELIS/PostgREST,f_veekogud_seirejaam,kesk_y,number,double precision,,Rahv.ala tsentroidi y-koordinaat LEST97
EELIS/PostgREST,f_veekogud_seirejaam,muut_aeg,string,timestamp without time zone,,Muutmise aeg
EELIS/PostgREST,f_veekogud_seirejaam,ehak_tekst,string,text,,EHAK koondinfo
EELIS/PostgREST,f_veekogud_seirejaam,ehak_kood1,string,text,,EHAK kood maakond
EELIS/PostgREST,f_veekogud_seirejaam,ehak_kood2,string,text,,EHAK kood vald
EELIS/PostgREST,f_veekogud_seirejaam,ehak_kood3,string,text,,EHAK alamtase
EELIS/PostgREST,f_veekogud_seirejaam,sr_programm_nimi,string,text,,Kehtiv seireprogramm
EELIS/PostgREST,f_veekogud_seirejaam,on_regobj,boolean,boolean,,on_regobj
EELIS/PostgREST,f_veekogud_seirejaam,on_salastatud,boolean,boolean,,on_salastatud
EELIS/PostgREST,f_veekogud_suubuv_veekogu,id,integer,integer,,Veekogu id
EELIS/PostgREST,f_veekogud_suubuv_veekogu,kood,string,text,,Veekogu kood
EELIS/PostgREST,f_veekogud_suubuv_veekogu,tyyp,string,text,,Veekogu tüüp
EELIS/PostgREST,f_veekogud_suubuv_veekogu,tyyp_selg,string,text,,Veekogu tüüp selgitus
EELIS/PostgREST,f_veekogud_suubuv_veekogu,staatus,string,text,,Veekogu staatus
EELIS/PostgREST,f_veekogud_suubuv_veekogu,staatus_selg,string,text,,Veekogu staatus selgitus
EELIS/PostgREST,f_veekogud_suubuv_veekogu,keht_staatus,string,text,,Kehivuse staatus
EELIS/PostgREST,f_veekogud_suubuv_veekogu,nimi,string,text,,Veekogu nimi
EELIS/PostgREST,f_veekogud_suubuv_veekogu,kkr_kood,string,text,,KKR kood
EELIS/PostgREST,f_veekogud_suubuv_veekogu,muud_nimed,string,text,,Veekogu muud nimed
EELIS/PostgREST,f_veekogud_suubuv_veekogu,avalik_kasut,string,text,,Avalik kasutatavus
EELIS/PostgREST,f_veekogud_suubuv_veekogu,avalik_kasut_selg,string,text,,Avalik kasutatavus selgitus
EELIS/PostgREST,f_veekogud_suubuv_veekogu,vesikond_id,integer,integer,,Vesikond (VRD)
EELIS/PostgREST,f_veekogud_suubuv_veekogu,vesikond_selg,string,text,,Vesikond nimi
EELIS/PostgREST,f_veekogud_suubuv_veekogu,vesikond_kuulub_id,string,text,,Kuulub id(vesikond)
EELIS/PostgREST,f_veekogud_suubuv_veekogu,vesikond_kuulub_nimi,string,text,,Kuulub nimi (vesikond)
EELIS/PostgREST,f_veekogud_suubuv_veekogu,veekogu_id,integer,integer,,Veekogu ID  Note: This is a Foreign Key to `f_veekogud.id`.<fk table='f_veekogud' column='id'/>
EELIS/PostgREST,f_veekogud_suubuv_veekogu,on_pandivere_pv,boolean,boolean,,Asub nitraaditundlikul alal 
EELIS/PostgREST,f_veekogud_suubuv_veekogu,tx_lisainfo,string,text,,Lisainfo
EELIS/PostgREST,f_veekogud_suubuv_veekogu,valgla_suurus,string,text,,Valgala suurus 
EELIS/PostgREST,f_veekogud_suubuv_veekogu,valgla_suurus_selg,string,text,,Valgala suurus selgitus
EELIS/PostgREST,f_veekogud_suubuv_veekogu,valgla_pindala,number,double precision,,Valgala pindala
EELIS/PostgREST,f_veekogud_suubuv_veekogu,valgla_aasta,integer,integer,,Valgala aasta
EELIS/PostgREST,f_veekogud_suubuv_veekogu,vee_pindala,number,double precision,,Veepeegli pindala 
EELIS/PostgREST,f_veekogud_suubuv_veekogu,saarte_pindala,number,double precision,,Saarte pindala
EELIS/PostgREST,f_veekogud_suubuv_veekogu,saarte_arv,integer,integer,,Saarte arv
EELIS/PostgREST,f_veekogud_suubuv_veekogu,kesk_sygavus,number,double precision,,Keskmine sügavus
EELIS/PostgREST,f_veekogud_suubuv_veekogu,max_sygavus,number,double precision,,Maksimaalne sügavus
EELIS/PostgREST,f_veekogud_suubuv_veekogu,vrd_tyyp,string,text,,Veetüüp VRD
EELIS/PostgREST,f_veekogud_suubuv_veekogu,vrd_tyyp_selg,string,text,,Veetüüp VRD selgitus
EELIS/PostgREST,f_veekogud_suubuv_veekogu,tx_valgala,string,text,,Valgala kirjeldus
EELIS/PostgREST,f_veekogud_suubuv_veekogu,vv_latte_ehak_id,integer,integer,,Lätte EHAK
EELIS/PostgREST,f_veekogud_suubuv_veekogu,vv_latte_ehak_nimi,string,text,,Lätte EHAK nimi
EELIS/PostgREST,f_veekogud_suubuv_veekogu,vv_latte_tyyp,string,text,,Lätte tüüp
EELIS/PostgREST,f_veekogud_suubuv_veekogu,vv_latte_tyyp_selg,string,text,,Lätte tüüp selgitus
EELIS/PostgREST,f_veekogud_suubuv_veekogu,vv_latte_id,integer,integer,,Lätte veekogu
EELIS/PostgREST,f_veekogud_suubuv_veekogu,vv_latte_selg,string,text,,Lätte veekogu nimi
EELIS/PostgREST,f_veekogud_suubuv_veekogu,vv_latte_kkr,string,text,,Lätte veekogu kkr 
EELIS/PostgREST,f_veekogud_suubuv_veekogu,vv_latte_x,number,double precision,,Lätte X
EELIS/PostgREST,f_veekogud_suubuv_veekogu,vv_latte_y,number,double precision,,Lätte Y
EELIS/PostgREST,f_veekogud_suubuv_veekogu,vv_suub_ehak_id,integer,integer,,Suubla EHAK
EELIS/PostgREST,f_veekogud_suubuv_veekogu,vv_suub_ehak_selg,string,text,,Suubla EHAK nimi
EELIS/PostgREST,f_veekogud_suubuv_veekogu,vv_suub_tyyp,string,text,,Suubumise tüüp
EELIS/PostgREST,f_veekogud_suubuv_veekogu,vv_suub_tyyp_selg,string,text,,Suubub veekogusse
EELIS/PostgREST,f_veekogud_suubuv_veekogu,vv_suub_id,integer,integer,,
EELIS/PostgREST,f_veekogud_suubuv_veekogu,vv_suub_selg,string,text,,Suubub veekogusse nimi
EELIS/PostgREST,f_veekogud_suubuv_veekogu,vv_suub_kkr,string,text,,Suubub veekogusse kkr
EELIS/PostgREST,f_veekogud_suubuv_veekogu,vv_suub_x,number,double precision,,Suubla X
EELIS/PostgREST,f_veekogud_suubuv_veekogu,vv_suub_y,number,double precision,,Suubla Y
EELIS/PostgREST,f_veekogud_suubuv_veekogu,vv_suub_jark,integer,integer,,Suubumise järk
EELIS/PostgREST,f_veekogud_suubuv_veekogu,vv_suub_suudmest,number,double precision,,Suubumiskoha kaugus põhijõe suudmest (km)
EELIS/PostgREST,f_veekogud_suubuv_veekogu,vv_pikkus3,number,double precision,,Vooluveekogu põhitelje pikkus (km)
EELIS/PostgREST,f_veekogud_suubuv_veekogu,vv_tx_alg_kirj,string,text,,Lähtekoha kirjeldus
EELIS/PostgREST,f_veekogud_suubuv_veekogu,vv_tx_suub_kirj,string,text,,Suubumiskoha kirjeldus
EELIS/PostgREST,f_veekogud_suubuv_veekogu,jv_laius,number,double precision,,Järve laius (m)
EELIS/PostgREST,f_veekogud_suubuv_veekogu,jv_pikkus,number,double precision,,Järve pikkus (m)
EELIS/PostgREST,f_veekogud_suubuv_veekogu,jv_kaldaj,number,double precision,,Kaldajoone pikkus (m)
EELIS/PostgREST,f_veekogud_suubuv_veekogu,jv_maht,number,double precision,,Maht (tuh m³)
EELIS/PostgREST,f_veekogud_suubuv_veekogu,jv_kalda_liigend,number,double precision,,Kalda liigendatus
EELIS/PostgREST,f_veekogud_suubuv_veekogu,jv_veevahetus,number,double precision,,Veevahetus (korda aastas)
EELIS/PostgREST,f_veekogud_suubuv_veekogu,jv_on_umbjarv,boolean,boolean,,On umbjärv
EELIS/PostgREST,f_veekogud_suubuv_veekogu,jv_limn_tyyp,string,text,,Limnoloogiline tüüp
EELIS/PostgREST,f_veekogud_suubuv_veekogu,jv_limn_tyyp_selg,string,text,,Limnoloogiline tüüp selgitus
EELIS/PostgREST,f_veekogud_suubuv_veekogu,v_veevah_skaala,string,text,,Veevahetuse skaala (järv)
EELIS/PostgREST,f_veekogud_suubuv_veekogu,v_veevah_skaala_selg,string,text,,Veevahetus skaala (järv) selgitus
EELIS/PostgREST,f_veekogud_suubuv_veekogu,jv_labiv_id,integer,integer,,Läbivoolav veekogu
EELIS/PostgREST,f_veekogud_suubuv_veekogu,jv_labiv_selg,string,text,,Läbivoolav veekogu nimi
EELIS/PostgREST,f_veekogud_suubuv_veekogu,jv_labiv_kkr,string,text,,Läbivoolav veekogu kkr kood
EELIS/PostgREST,f_veekogud_suubuv_veekogu,me_grupp_id,integer,integer,,Kuulub mereala juurde
EELIS/PostgREST,f_veekogud_suubuv_veekogu,me_grupp_selg,string,text,,Mereala nimi
EELIS/PostgREST,f_veekogud_suubuv_veekogu,me_grupp_kkr,string,text,,Mereala kkr kood
EELIS/PostgREST,f_veekogud_suubuv_veekogu,al_tundlik_ala_id,integer,integer,,Asub olulisel allika- või karstialal
EELIS/PostgREST,f_veekogud_suubuv_veekogu,tundlik_ala_selg,string,text,,Allika- või karstiala nimi
EELIS/PostgREST,f_veekogud_suubuv_veekogu,tundlik_ala_kkr,string,text,,Allika- või karstiala kkr kood
EELIS/PostgREST,f_veekogud_suubuv_veekogu,kesk_x,number,double precision,,Veekogu tsentroidi x-koordinaat
EELIS/PostgREST,f_veekogud_suubuv_veekogu,kesk_y,number,double precision,,Veekogu tsentroidi y-koordinaat
EELIS/PostgREST,f_veekogud_suubuv_veekogu,muut_staatus,string,text,,Menetlusfaas
EELIS/PostgREST,f_veekogud_suubuv_veekogu,muut_staatus_selg,string,text,,Menetlusfaas selgitus
EELIS/PostgREST,f_veekogud_suubuv_veekogu,muut_aeg,string,timestamp without time zone,,Viimase muutmise aeg
EELIS/PostgREST,f_veekogud_suubuv_veekogu,ehak_tekst,string,text,,EHAK koondinfo
EELIS/PostgREST,f_veekogud_suubuv_veekogu,ehak_kood1,string,text,,EHAK kood maakond
EELIS/PostgREST,f_veekogud_suubuv_veekogu,ehak_kood2,string,text,,EHAK kood vald
EELIS/PostgREST,f_veekogud_suubuv_veekogu,ehak_kood3,string,text,,EHAK alamtase
EELIS/PostgREST,f_veekogud_veehaare,id,integer,integer,,Id
EELIS/PostgREST,f_veekogud_veehaare,tyyp,string,text,,Tüüp
EELIS/PostgREST,f_veekogud_veehaare,tyyp_selg,string,text,,Tüüp selgitus
EELIS/PostgREST,f_veekogud_veehaare,nimi,string,text,,Nimi
EELIS/PostgREST,f_veekogud_veehaare,staatus,string,text,,Staatus
EELIS/PostgREST,f_veekogud_veehaare,staatus_selg,string,text,,Staatus selgitus
EELIS/PostgREST,f_veekogud_veehaare,keht_staatus,string,text,,Kehivuse staatus
EELIS/PostgREST,f_veekogud_veehaare,lopp_aasta,integer,integer,,Kasutuse lõppaasta
EELIS/PostgREST,f_veekogud_veehaare,ehak_id,integer,integer,,Kohanimi kood
EELIS/PostgREST,f_veekogud_veehaare,ehak_nimi,string,text,,Kohanimi
EELIS/PostgREST,f_veekogud_veehaare,kkr_kood,string,text,,KKR kood
EELIS/PostgREST,f_veekogud_veehaare,kood_grupp,string,text,,Grupi kood
EELIS/PostgREST,f_veekogud_veehaare,puhastamine,string,text,,Veetöötlus
EELIS/PostgREST,f_veekogud_veehaare,puhastamine_selg,string,text,,Veetöötlus selgitus
EELIS/PostgREST,f_veekogud_veehaare,veeliik,string,text,,Veeliik
EELIS/PostgREST,f_veekogud_veehaare,veeliik_selg,string,text,,Veeliik selgitus
EELIS/PostgREST,f_veekogud_veehaare,veekogu_id,integer,integer,,Veekogu  Note: This is a Foreign Key to `f_veekogud.id`.<fk table='f_veekogud' column='id'/>
EELIS/PostgREST,f_veekogud_veehaare,veekogu_selg,string,text,,Veekogu nimi
EELIS/PostgREST,f_veekogud_veehaare,veekogu_kkr_kood,string,text,,Veekogu KKR kood
EELIS/PostgREST,f_veekogud_veehaare,veekogu_tyyp_selg,string,text,,Veekogu tüübi selgitus
EELIS/PostgREST,f_veekogud_veehaare,veekogu_keht_staatus,string,text,,Veekogu Kehivuse staatus
EELIS/PostgREST,f_veekogud_veehaare,vesikond_id,integer,integer,,Vesikond
EELIS/PostgREST,f_veekogud_veehaare,vesikond_selg,string,text,,Vesikond nimi
EELIS/PostgREST,f_veekogud_veehaare,vesikond_kuulub_id,string,text,,Kuulub id (vesikond)
EELIS/PostgREST,f_veekogud_veehaare,vesikond_kuulub_nimi,string,text,,Kuulub nimi (vesikond)
EELIS/PostgREST,f_veekogud_veehaare,puhasti_id,integer,integer,,Puhasti
EELIS/PostgREST,f_veekogud_veehaare,puhasti_selg,string,text,,Puhasti nimi
EELIS/PostgREST,f_veekogud_veehaare,puhasti_kkr_kood,string,text,,Puhasti KKR kood
EELIS/PostgREST,f_veekogud_veehaare,puhasti_meetod,string,text,,Puhasti meetod
EELIS/PostgREST,f_veekogud_veehaare,kesk_x,number,double precision,,x
EELIS/PostgREST,f_veekogud_veehaare,kesk_y,number,double precision,,y
EELIS/PostgREST,f_veekogud_veehaare,muut_aeg,string,timestamp without time zone,,Viimase muutmise aeg
EELIS/PostgREST,f_veekogud_veehaare,haldaja_id,string,text,,Veevärgi haldaja ID
EELIS/PostgREST,f_veekogud_veehaare,haldaja_kood,string,text,,Haldaja ärireg kood
EELIS/PostgREST,f_veekogud_veehaare,haldaja_nimetus,string,text,,Haldja nimetus
EELIS/PostgREST,f_veekogud_veehaare,ehak_tekst,string,text,,EHAK koondinfo
EELIS/PostgREST,f_veekogud_veehaare,ehak_kood1,string,text,,EHAK kood maakond
EELIS/PostgREST,f_veekogud_veehaare,ehak_kood2,string,text,,EHAK kood vald
EELIS/PostgREST,f_veekogud_veehaare,ehak_kood3,string,text,,EHAK alamtase
EELIS/PostgREST,f_veekogud_veekogum_seis,id,integer,integer,,ID
EELIS/PostgREST,f_veekogud_veekogum_seis,vkm_id,integer,integer,,Veekogum
EELIS/PostgREST,f_veekogud_veekogum_seis,aasta,string,text,,Aasta
EELIS/PostgREST,f_veekogud_veekogum_seis,kood,string,text,,Kood
EELIS/PostgREST,f_veekogud_veekogum_seis,tyyp,string,text,,Tüüp
EELIS/PostgREST,f_veekogud_veekogum_seis,vkmseis_tyyp_selg,string,text,,Tüübi selgitus
EELIS/PostgREST,f_veekogud_veekogum_seis,staatus,string,text,,Eesmärgi saavutamine
EELIS/PostgREST,f_veekogud_veekogum_seis,vkmseis_staatus_selg,string,text,,Eesmärgi saavutamise selgitus
EELIS/PostgREST,f_veekogud_veekogum_seis,usaldus_kese,string,text,,KESE usaldusväärsus
EELIS/PostgREST,f_veekogud_veekogum_seis,vkmseis_usaldus_kese_selg,string,text,,KESE usaldusväärsuse selgitus
EELIS/PostgREST,f_veekogud_veekogum_seis,usaldus_ose,string,text,,ÖSE usaldusväärsus
EELIS/PostgREST,f_veekogud_veekogum_seis,vkmseis_usaldus_ose_selg,string,text,,ÖSE usaldusväärsuse selgitus
EELIS/PostgREST,f_veekogud_veekogum_seis,seis,string,text,,Koondhinnang
EELIS/PostgREST,f_veekogud_veekogum_seis,seis_selg,string,text,,Koondhinnangu selgitus
EELIS/PostgREST,f_veekogud_veekogum_seis,seis_ose,string,text,,ÖSE koondhinnang
EELIS/PostgREST,f_veekogud_veekogum_seis,seis_ose_selg,string,text,,ÖSE koondhinnangu selgitus
EELIS/PostgREST,f_veekogud_veekogum_seis,seis_kese,string,text,,KESE koondhinnang
EELIS/PostgREST,f_veekogud_veekogum_seis,seis_kese_selg,string,text,,KESE koondhinnangu selgitus
EELIS/PostgREST,f_veekogud_veekogum_seis,seis_hymo,string,text,,HÜMO koondhinnang
EELIS/PostgREST,f_veekogud_veekogum_seis,seis_hymo_selg,string,text,,HÜMO koondhinnangu selgitus
EELIS/PostgREST,f_veekogud_veekogum_seis,seis_hymo_reziim,string,text,,HÜMO hüdroloogiline režiim
EELIS/PostgREST,f_veekogud_veekogum_seis,seis_hymo_reziim_selg,string,text,,HÜMO hüdroloogiline režiimi selgitus
EELIS/PostgREST,f_veekogud_veekogum_seis,seis_hymo_tokestatus,string,text,,HÜMO voolusängi sidusus
EELIS/PostgREST,f_veekogud_veekogum_seis,seis_hymo_tokestatus_selg,string,text,,HÜMO voolusängi sidususe selgitus
EELIS/PostgREST,f_veekogud_veekogum_seis,seis_hymo_looklevus,string,text,,HÜMO morfoloogilised tingimused
EELIS/PostgREST,f_veekogud_veekogum_seis,seis_hymo_looklevus_selg,string,text,,HÜMO morfoloogilised tingimuste selgitused
EELIS/PostgREST,f_veekogud_veekogum_seis,seis_fyke,string,text,,FÜKE koondhinnang
EELIS/PostgREST,f_veekogud_veekogum_seis,seis_fyke_selg,string,text,,FÜKE koondhinnangu selgitus
EELIS/PostgREST,f_veekogud_veekogum_seis,seis_fyke_nyld,string,text,,FÜKE üldlämmastiku hinnang
EELIS/PostgREST,f_veekogud_veekogum_seis,seis_fyke_nyld_selg,string,text,,FÜKE üldlämmastiku hinnangu selgitus
EELIS/PostgREST,f_veekogud_veekogum_seis,seis_fyke_pyld,string,text,,FÜKE üldfosfori hinnang
EELIS/PostgREST,f_veekogud_veekogum_seis,seis_fyke_pyld_selg,string,text,,FÜKE üldfosfori hinnangu selgitus
EELIS/PostgREST,f_veekogud_veekogum_seis,seis_spets,string,text,,SPETS koondhinnang
EELIS/PostgREST,f_veekogud_veekogum_seis,seis_spets_selg,string,text,,SPETS koondhinnangu selgitus
EELIS/PostgREST,f_veekogud_veekogum_seis,seis_kala,string,text,,KALA koondhinnang
EELIS/PostgREST,f_veekogud_veekogum_seis,seis_kala_selg,string,text,,KALA koondhinnangu selgitus
EELIS/PostgREST,f_veekogud_veekogum_seis,seis_suse,string,text,,SUSE koondhinnang
EELIS/PostgREST,f_veekogud_veekogum_seis,seis_suse_selg,string,text,,SUSE koondhinnangu selgitus
EELIS/PostgREST,f_veekogud_veekogum_seis,seis_fybe,string,text,,FÜBE koondhinnang
EELIS/PostgREST,f_veekogud_veekogum_seis,seis_fybe_selg,string,text,,FÜBE koondhinnangu selgitus
EELIS/PostgREST,f_veekogud_veekogum_seis,seis_fypla,string,text,,FÜPLA koondhinnang
EELIS/PostgREST,f_veekogud_veekogum_seis,seis_fypla_selg,string,text,,FÜPLA koondhinnangu selgitus
EELIS/PostgREST,f_veekogud_veekogum_seis,seis_mafy,string,text,,MAFÜ koondhinnang
EELIS/PostgREST,f_veekogud_veekogum_seis,seis_mafy_selg,string,text,,MAFÜ koondhinnangu slegitus
EELIS/PostgREST,f_veekogud_veekogum_seis,seis_mafy_fybe,string,text,,MAFÜ+FÜBE koondhinnang
EELIS/PostgREST,f_veekogud_veekogum_seis,seis_mafy_fybe_selg,string,text,,MAFÜ+FÜBE koondhinnangu selgitus
EELIS/PostgREST,f_veekogud_veekogum_seis,ose_naitaja,string,text,,ÖSE mittehea näitaja
EELIS/PostgREST,f_veekogud_veekogum_seis,ose_naitaja_selg,string,text,,ÖSE mittehea näitaja selgitus
EELIS/PostgREST,f_veekogud_veekogum_seis,ose_pohjus,string,text,,ÖSE põhjus
EELIS/PostgREST,f_veekogud_veekogum_seis,ose_pohjus_selg,string,text,,ÖSE põhjuse selgitus
EELIS/PostgREST,f_veekogud_veekogum_seis,kese_naitaja,string,text,,KESE mittehea näitaja
EELIS/PostgREST,f_veekogud_veekogum_seis,kese_naitaja_selg,string,text,,KESE mittehea näitaja selgitus
EELIS/PostgREST,f_veekogud_veekogum_seis,kese_pohjus,string,text,,KESE põhjus
EELIS/PostgREST,f_veekogud_veekogum_seis,kese_pohjus_selg,string,text,,KESE põhjuse selgitus
EELIS/PostgREST,f_veekogud_veekogum_seis,fyke_nyld,number,numeric,,FÜKE üldlämmastik (mg/l)
EELIS/PostgREST,f_veekogud_veekogum_seis,fyke_pyld,number,numeric,,FÜKE üldfosfor (mg/l)
EELIS/PostgREST,f_veekogud_veekogum_seis,tx_lisainfo,string,text,,Lisainfo
EELIS/PostgREST,f_veekogud_veekogum_seis,keht_staatus,string,text,,Kehtivuse staatus
EELIS/PostgREST,f_veekogud_veekogum_seis,muut_staatus,string,text,,Menetlusfaas
EELIS/PostgREST,f_veekogud_veekogum_seis,vmkseis_muut_staatus_selg,string,text,,Menetlusfaasi selgitus
EELIS/PostgREST,f_veekogud_veekogum_seis,muut_aeg,string,timestamp without time zone,,Viimase muutmise aeg
EELIS/PostgREST,f_veekogud_veekogum_seis,veekogu_id,integer,integer,,Veekogu ID  Note: This is a Foreign Key to `f_veekogud.id`.<fk table='f_veekogud' column='id'/>
EELIS/PostgREST,f_veekogud_veelase,id,integer,integer,,Id
EELIS/PostgREST,f_veekogud_veelase,kood,string,text,,Kood
EELIS/PostgREST,f_veekogud_veelase,tyyp,string,text,,Tüüp
EELIS/PostgREST,f_veekogud_veelase,tyyp_selg,string,text,,Tüüp selgitus
EELIS/PostgREST,f_veekogud_veelase,nimi,string,text,,Nimi
EELIS/PostgREST,f_veekogud_veelase,staatus,string,text,,Staatus
EELIS/PostgREST,f_veekogud_veelase,staatus_selg,string,text,,Staatus selgitus
EELIS/PostgREST,f_veekogud_veelase,lopp_aasta,integer,integer,,Kasutuse lõppaasta
EELIS/PostgREST,f_veekogud_veelase,kkr_kood,string,text,,KKR kood
EELIS/PostgREST,f_veekogud_veelase,keht_staatus,string,text,,Kehtivuse staatus
EELIS/PostgREST,f_veekogud_veelase,ehak_id,integer,integer,,Kohanimi ID
EELIS/PostgREST,f_veekogud_veelase,ehak_nimi,string,text,,Kohanimi
EELIS/PostgREST,f_veekogud_veelase,veekogu_id,integer,integer,,Veekogu  Note: This is a Foreign Key to `f_veekogud.id`.<fk table='f_veekogud' column='id'/>
EELIS/PostgREST,f_veekogud_veelase,veekogu_selg,string,text,,veeogu nimi
EELIS/PostgREST,f_veekogud_veelase,veekogud_kkr_kood,string,text,,Veekogu KKR kood
EELIS/PostgREST,f_veekogud_veelase,reoveeala_id,integer,integer,,Reoveekogumisala
EELIS/PostgREST,f_veekogud_veelase,reoveeala_selg,string,text,,Reoveekogumisala nimi
EELIS/PostgREST,f_veekogud_veelase,reoveeala_kkr_kood,string,text,,Reoveekogumisala KKR kood
EELIS/PostgREST,f_veekogud_veelase,puhasti_id,integer,integer,,Puhasti
EELIS/PostgREST,f_veekogud_veelase,puhasti_selg,string,text,,Puhasti nimi
EELIS/PostgREST,f_veekogud_veelase,vesikond_id,integer,integer,,Vesikond
EELIS/PostgREST,f_veekogud_veelase,vesikond_selg,string,text,,Vesikond nimi
EELIS/PostgREST,f_veekogud_veelase,vesikond_kuulub_id,string,text,,Kuulub id(vesikond)
EELIS/PostgREST,f_veekogud_veelase,vesikond_kuulub_nimi,string,text,,Kuulub nimi (vesikond)
EELIS/PostgREST,f_veekogud_veelase,suudmest,integer,integer,,Kaugus suudmest m
EELIS/PostgREST,f_veekogud_veelase,vee_kood,string,text,,Vee tüübi kood
EELIS/PostgREST,f_veekogud_veelase,vee_kood_selg,string,text,,Vee tüübi kood selgitus
EELIS/PostgREST,f_veekogud_veelase,on_taaskasutatav,boolean,boolean,,On taaskasutatav
EELIS/PostgREST,f_veekogud_veelase,muut_aeg,string,timestamp without time zone,,Muutmise aeg
EELIS/PostgREST,f_veekogud_veelase,haldaja_id,string,text,,Veevärgi haldaja ID
EELIS/PostgREST,f_veekogud_veelase,haldaja_kood,string,text,,Haldaja ärireg kood
EELIS/PostgREST,f_veekogud_veelase,haldaja_selg,string,text,,Haldja nimetus
EELIS/PostgREST,f_veekogud_veelase,kesk_x,number,double precision,,x
EELIS/PostgREST,f_veekogud_veelase,kesk_y,number,double precision,,y
EELIS/PostgREST,f_veekogud_veelase,ehak_tekst,string,text,,EHAK koondinfo
EELIS/PostgREST,f_veekogud_veelase,ehak_kood1,string,text,,EHAK kood maakond
EELIS/PostgREST,f_veekogud_veelase,ehak_kood2,string,text,,EHAK kood vald
EELIS/PostgREST,f_veekogud_veelase,ehak_kood3,string,text,,EHAK alamtase
EELIS/PostgREST,f_veekogud_vesikond,vesikond_id,integer,integer,,Vesikond ID
EELIS/PostgREST,f_veekogud_vesikond,vesikond_id_text,string,text,,Vesikond ID (tekst)
EELIS/PostgREST,f_veekogud_vesikond,vesikond_kood_vrd,string,text,,Vesikond vrd kood
EELIS/PostgREST,f_veekogud_vesikond,vesikond_tyyp,string,text,,Vesikond tüüp
EELIS/PostgREST,f_veekogud_vesikond,vesikond_tyyp_selg,string,text,,Vesikond tüüp selgitus
EELIS/PostgREST,f_veekogud_vesikond,vesikond_nimi,string,text,,Vesikond nimi
EELIS/PostgREST,f_veekogud_vesikond,staatus,string,text,,Staatus
EELIS/PostgREST,f_veekogud_vesikond,keht_staatus,string,text,,Kehtivuse staatus
EELIS/PostgREST,f_veekogud_vesikond,kuulub_id,integer,integer,,Kuulub id (vesikond)
EELIS/PostgREST,f_veekogud_vesikond,kuulub_nimi,string,text,,Kuulub nimi (vesikond)
EELIS/PostgREST,f_veekogud_vesikond,vesikond_muut_aeg,string,timestamp without time zone,,Vesikond muutmise kp
EELIS/PostgREST,f_veekogud_vesikond,veekogu_id,integer,integer,,Veekogu ID  Note: This is a Foreign Key to `f_veekogud.id`.<fk table='f_veekogud' column='id'/>
EELIS/PostgREST,f_veekogud_vesikond,muut_staatus,string,text,,Muutmise staatus
EELIS/PostgREST,f_veekogud_vesikond,vesikond_pindala_km2,number,numeric,,Vesikonna pindala
EELIS/PostgREST,f_veekogud_vesiviljelus,vv_id,integer,integer,,Vesiviljelus ID
EELIS/PostgREST,f_veekogud_vesiviljelus,vv_kkr_kood,string,text,,Vesiviljelus KKR kood
EELIS/PostgREST,f_veekogud_vesiviljelus,fjisik_id,integer,integer,,Omanik
EELIS/PostgREST,f_veekogud_vesiviljelus,arirg_kood,string,text,,Ärireg kood
EELIS/PostgREST,f_veekogud_vesiviljelus,nimetus,string,text,,Nimetus
EELIS/PostgREST,f_veekogud_vesiviljelus,vv_tyyp,string,text,,Vesiviljeluse tüüp
EELIS/PostgREST,f_veekogud_vesiviljelus,vv_tyyp_selg,string,text,,Vesiviljeluse tüüp selgitus
EELIS/PostgREST,f_veekogud_vesiviljelus,tegevuse_alus,string,text,,Vesiviljeluse tegevuse alus
EELIS/PostgREST,f_veekogud_vesiviljelus,tegevuse_alus_selg,string,text,,Vesiviljeluse tegevuse alus selgitus
EELIS/PostgREST,f_veekogud_vesiviljelus,vv_staatus,string,text,,Vesiviljeluse staatus
EELIS/PostgREST,f_veekogud_vesiviljelus,vv_staatus_selg,string,text,,Vesiviljeluse staatus selgitus
EELIS/PostgREST,f_veekogud_vesiviljelus,vv_nimi,string,text,,Nimi (vesivilj.)
EELIS/PostgREST,f_veekogud_vesiviljelus,kultuur,string,text,,Vesiviljeluse kultuur
EELIS/PostgREST,f_veekogud_vesiviljelus,kultuur_selg,string,text,,Vesiviljeluse kultuur
EELIS/PostgREST,f_veekogud_vesiviljelus,veekogu_id,integer,integer,,Veekogu ID  Note: This is a Foreign Key to `f_veekogud.id`.<fk table='f_veekogud' column='id'/>
EELIS/PostgREST,f_veekogud_vesiviljelus,vv_muut_aeg,string,timestamp without time zone,,Muutmise aeg (vesivilj.)
EELIS/PostgREST,f_veekogud_vkg_veekogum,id,integer,integer,,Id
EELIS/PostgREST,f_veekogud_vkg_veekogum,kood,string,text,,Kood
EELIS/PostgREST,f_veekogud_vkg_veekogum,kood_cd,string,text,,EL kood
EELIS/PostgREST,f_veekogud_vkg_veekogum,nimi,string,text,,Nimi
EELIS/PostgREST,f_veekogud_vkg_veekogum,lyhend,string,text,,Lühinimi
EELIS/PostgREST,f_veekogud_vkg_veekogum,tyyp,string,text,,Kategooria
EELIS/PostgREST,f_veekogud_vkg_veekogum,tyyp_selg,string,text,,Kategooria selgitus
EELIS/PostgREST,f_veekogud_vkg_veekogum,alamkategooria,string,text,,Alamkategooria
EELIS/PostgREST,f_veekogud_vkg_veekogum,alamkategooria_selg,string,text,,Alamkategooria selgitus
EELIS/PostgREST,f_veekogud_vkg_veekogum,tmv_pohjus,string,text,,TMV määramise põhjendus
EELIS/PostgREST,f_veekogud_vkg_veekogum,tmv_pohjus_selg,string,text,,TMV määramise põhjendus selgitus
EELIS/PostgREST,f_veekogud_vkg_veekogum,tmv_muutused,string,text,,TMV põhjendus (füüsilised muutused)
EELIS/PostgREST,f_veekogud_vkg_veekogum,tmv_muutused_selg,string,text,,TMV põhjendus (füüsilised muutused) selgitus
EELIS/PostgREST,f_veekogud_vkg_veekogum,tx_tmv_info,string,text,,TMV info
EELIS/PostgREST,f_veekogud_vkg_veekogum,vee_tyyp,string,text,,Vee tüüp
EELIS/PostgREST,f_veekogud_vkg_veekogum,vee_tyyp_selg,string,text,,Vee tüüp selgitus
EELIS/PostgREST,f_veekogud_vkg_veekogum,interkalibr_tyyp,string,text,,Interkalibreerimise tüüp
EELIS/PostgREST,f_veekogud_vkg_veekogum,interkalibr_tyyp_selg,string,text,,Interkalibreerimise tüüp selgitus
EELIS/PostgREST,f_veekogud_vkg_veekogum,paiknevus,string,text,,Paiknevus
EELIS/PostgREST,f_veekogud_vkg_veekogum,paiknevus_selg,string,text,,Paiknevus selgitus
EELIS/PostgREST,f_veekogud_vkg_veekogum,staatus,string,text,,Staatus
EELIS/PostgREST,f_veekogud_vkg_veekogum,staatus_selg,string,text,,Staatus selgitus
EELIS/PostgREST,f_veekogud_vkg_veekogum,alg_kp,string,timestamp without time zone,,Alg kp
EELIS/PostgREST,f_veekogud_vkg_veekogum,lopp_kp,string,timestamp without time zone,,Lõpp kp
EELIS/PostgREST,f_veekogud_vkg_veekogum,muudatused,string,text,,Muudatused
EELIS/PostgREST,f_veekogud_vkg_veekogum,muudatused_selg,string,text,,Muudatused selgitus
EELIS/PostgREST,f_veekogud_vkg_veekogum,veekogu_id,integer,integer,,Veekogu ID  Note: This is a Foreign Key to `f_veekogud.id`.<fk table='f_veekogud' column='id'/>
EELIS/PostgREST,f_veekogud_vkg_veekogum,veekogu_nimi,string,text,,Veekogu nimi
EELIS/PostgREST,f_veekogud_vkg_veekogum,veekogu_kkr_kood,string,text,,Veekogu KKR kood
EELIS/PostgREST,f_veekogud_vkg_veekogum,veekogu_tyyp,string,text,,Veekogu tüüp
EELIS/PostgREST,f_veekogud_vkg_veekogum,veekogu_tyyp_selg,string,text,,Veekogu tüübi selgitus
EELIS/PostgREST,f_veekogud_vkg_veekogum,paisjarv_id,integer,integer,,Paisjärve ID
EELIS/PostgREST,f_veekogud_vkg_veekogum,paisjarv_nimi,string,text,,Paisjärve nimi
EELIS/PostgREST,f_veekogud_vkg_veekogum,paisjarv_kkr_kood,string,text,,Paisjärve KKR kood
EELIS/PostgREST,f_veekogud_vkg_veekogum,paisjarv_tyyp,string,text,,Paisjärve tüüp
EELIS/PostgREST,f_veekogud_vkg_veekogum,paisjarv_tyyp_selg,string,text,,Paisjärve tüübi selgitus
EELIS/PostgREST,f_veekogud_vkg_veekogum,veekogu_osa_nr,integer,integer,,Veekogu osa nr
EELIS/PostgREST,f_veekogud_vkg_veekogum,pikkus,number,double precision,,Pikkus (km)
EELIS/PostgREST,f_veekogud_vkg_veekogum,pindala,number,double precision,,Pindala (km²)
EELIS/PostgREST,f_veekogud_vkg_veekogum,kesk_x,number,double precision,,x
EELIS/PostgREST,f_veekogud_vkg_veekogum,kesk_y,number,double precision,,y
EELIS/PostgREST,f_veekogud_vkg_veekogum,keht_staatus,string,text,,kehivuse staatus
EELIS/PostgREST,f_veekogud_vkg_veekogum,muut_aeg,string,timestamp without time zone,,Muutmise aeg
EELIS/PostgREST,f_veekogud_yrg,id,integer,integer,,Ürglooduse objekti ID
EELIS/PostgREST,f_veekogud_yrg,nimi,string,text,,Nimi
EELIS/PostgREST,f_veekogud_yrg,tyyp,string,text,,Loodusobjekt kood
EELIS/PostgREST,f_veekogud_yrg,tyyp_selg,string,text,,Loodusobjekt
EELIS/PostgREST,f_veekogud_yrg,tx_asukoht,string,text,,Asukohakirjeldus
EELIS/PostgREST,f_veekogud_yrg,veekogu_id,integer,integer,,Asub veekogus (id)  Note: This is a Foreign Key to `f_veekogud.id`.<fk table='f_veekogud' column='id'/>
EELIS/PostgREST,f_veekogud_yrg,veekogu_nimi,string,text,,Veekogu nimi
EELIS/PostgREST,f_veekogud_yrg,veekogu_kkr,string,text,,Veekogu KKR
EELIS/PostgREST,f_veekogud_yrg,tx_kirjeldus,string,text,,Iseloomustus
EELIS/PostgREST,f_veekogud_yrg,tx_tahtsus,string,text,,Tähtsus
EELIS/PostgREST,f_veekogud_yrg,tx_seisund,string,text,,Seisund
EELIS/PostgREST,f_veekogud_yrg,tx_kaitse,string,text,,Kaitse 
EELIS/PostgREST,f_veekogud_yrg,tx_uuritus,string,text,,Uuritus
EELIS/PostgREST,f_veekogud_yrg,tx_kirjandus,string,text,,Kirjandus
EELIS/PostgREST,f_veekogud_yrg,tx_koostanud,string,text,,Koostanud
EELIS/PostgREST,f_veekogud_yrg,muut_aeg,string,timestamp without time zone,,Viimase muutmise aeg
EELIS/PostgREST,f_veekogud_yrg,keht_staatus,string,text,,Kehtivuse staatus
EELIS/PostgREST,f_veekogud_yrg,staatus,string,text,,Staatus
EELIS/PostgREST,f_veekogud_yrg,ehak_tekst,string,text,,EHAK koondinfo
EELIS/PostgREST,f_veekogud_yrg,ehak_kood1,string,text,,EHAK kood maakond
EELIS/PostgREST,f_veekogud_yrg,ehak_kood2,string,text,,EHAK kood vald
EELIS/PostgREST,f_veekogud_yrg,ehak_kood3,string,text,,EHAK alamtase
EELIS/PostgREST,f_veekogud_yrg,kesk_x,number,double precision,,Ürglooduse objekti tsentroidi x-koordinaat LEST97
EELIS/PostgREST,f_veekogud_yrg,kesk_y,number,double precision,,Ürglooduse objekti tsentroidi y-koordinaat LEST97
EELIS/PostgREST,f_veekogumi_seisundid,id,integer,integer,jah,ID  Note: This is a Primary Key.<pk/>
EELIS/PostgREST,f_veekogumi_seisundid,vkm_id,integer,integer,,Veekogum
EELIS/PostgREST,f_veekogumi_seisundid,vkm_nimi,string,text,,Veekogumi nimi
EELIS/PostgREST,f_veekogumi_seisundid,aasta,string,text,,Aasta
EELIS/PostgREST,f_veekogumi_seisundid,kood,string,text,,Kood
EELIS/PostgREST,f_veekogumi_seisundid,tyyp,string,text,,Tüüp
EELIS/PostgREST,f_veekogumi_seisundid,vkmseis_tyyp_selg,string,text,,Tüübi selgitus
EELIS/PostgREST,f_veekogumi_seisundid,staatus,string,text,,Eesmärgi saavutamine
EELIS/PostgREST,f_veekogumi_seisundid,vkmseis_staatus_selg,string,text,,Eesmärgi saavutamise selgitus
EELIS/PostgREST,f_veekogumi_seisundid,usaldus_kese,string,text,,KESE usaldusväärsus
EELIS/PostgREST,f_veekogumi_seisundid,vkmseis_usaldus_kese_selg,string,text,,KESE usaldusväärsuse selgitus
EELIS/PostgREST,f_veekogumi_seisundid,usaldus_ose,string,text,,ÖSE usaldusväärsus
EELIS/PostgREST,f_veekogumi_seisundid,vkmseis_usaldus_ose_selg,string,text,,ÖSE usaldusväärsuse selgitus
EELIS/PostgREST,f_veekogumi_seisundid,seis,string,text,,Koondhinnang
EELIS/PostgREST,f_veekogumi_seisundid,seis_selg,string,text,,Koondhinnangu selgitus
EELIS/PostgREST,f_veekogumi_seisundid,seis_ose,string,text,,ÖSE koondhinnang
EELIS/PostgREST,f_veekogumi_seisundid,seis_ose_selg,string,text,,ÖSE koondhinnangu selgitus
EELIS/PostgREST,f_veekogumi_seisundid,seis_kese,string,text,,KESE koondhinnang
EELIS/PostgREST,f_veekogumi_seisundid,seis_kese_selg,string,text,,KESE koondhinnangu selgitus
EELIS/PostgREST,f_veekogumi_seisundid,seis_hymo,string,text,,HÜMO koondhinnang
EELIS/PostgREST,f_veekogumi_seisundid,seis_hymo_selg,string,text,,HÜMO koondhinnangu selgitus
EELIS/PostgREST,f_veekogumi_seisundid,seis_hymo_reziim,string,text,,HÜMO hüdroloogiline režiim
EELIS/PostgREST,f_veekogumi_seisundid,seis_hymo_reziim_selg,string,text,,HÜMO hüdroloogiline režiimi selgitus
EELIS/PostgREST,f_veekogumi_seisundid,seis_hymo_tokestatus,string,text,,HÜMO voolusängi sidusus
EELIS/PostgREST,f_veekogumi_seisundid,seis_hymo_tokestatus_selg,string,text,,HÜMO voolusängi sidususe selgitus
EELIS/PostgREST,f_veekogumi_seisundid,seis_hymo_looklevus,string,text,,HÜMO morfoloogilised tingimused
EELIS/PostgREST,f_veekogumi_seisundid,seis_hymo_looklevus_selg,string,text,,HÜMO morfoloogilised tingimuste selgitused
EELIS/PostgREST,f_veekogumi_seisundid,seis_fyke,string,text,,FÜKE koondhinnang
EELIS/PostgREST,f_veekogumi_seisundid,seis_fyke_selg,string,text,,FÜKE koondhinnangu selgitus
EELIS/PostgREST,f_veekogumi_seisundid,seis_fyke_nyld,string,text,,FÜKE üldlämmastiku hinnang
EELIS/PostgREST,f_veekogumi_seisundid,seis_fyke_nyld_selg,string,text,,FÜKE üldlämmastiku hinnangu selgitus
EELIS/PostgREST,f_veekogumi_seisundid,seis_fyke_pyld,string,text,,FÜKE üldfosfori hinnang
EELIS/PostgREST,f_veekogumi_seisundid,seis_fyke_pyld_selg,string,text,,FÜKE üldfosfori hinnangu selgitus
EELIS/PostgREST,f_veekogumi_seisundid,seis_spets,string,text,,SPETS koondhinnang
EELIS/PostgREST,f_veekogumi_seisundid,seis_spets_selg,string,text,,SPETS koondhinnangu selgitus
EELIS/PostgREST,f_veekogumi_seisundid,seis_kala,string,text,,KALA koondhinnang
EELIS/PostgREST,f_veekogumi_seisundid,seis_kala_selg,string,text,,KALA koondhinnangu selgitus
EELIS/PostgREST,f_veekogumi_seisundid,seis_suse,string,text,,SUSE koondhinnang
EELIS/PostgREST,f_veekogumi_seisundid,seis_suse_selg,string,text,,SUSE koondhinnangu selgitus
EELIS/PostgREST,f_veekogumi_seisundid,seis_fybe,string,text,,FÜBE koondhinnang
EELIS/PostgREST,f_veekogumi_seisundid,seis_fybe_selg,string,text,,FÜBE koondhinnangu selgitus
EELIS/PostgREST,f_veekogumi_seisundid,seis_fypla,string,text,,FÜPLA koondhinnang
EELIS/PostgREST,f_veekogumi_seisundid,seis_fypla_selg,string,text,,FÜPLA koondhinnangu selgitus
EELIS/PostgREST,f_veekogumi_seisundid,seis_mafy,string,text,,MAFÜ koondhinnang
EELIS/PostgREST,f_veekogumi_seisundid,seis_mafy_selg,string,text,,MAFÜ koondhinnangu slegitus
EELIS/PostgREST,f_veekogumi_seisundid,seis_mafy_fybe,string,text,,MAFÜ+FÜBE koondhinnang
EELIS/PostgREST,f_veekogumi_seisundid,seis_mafy_fybe_selg,string,text,,MAFÜ+FÜBE koondhinnangu selgitus
EELIS/PostgREST,f_veekogumi_seisundid,ose_naitaja,string,text,,ÖSE mittehea näitaja
EELIS/PostgREST,f_veekogumi_seisundid,ose_naitaja_selg,string,text,,ÖSE mittehea näitaja selgitus
EELIS/PostgREST,f_veekogumi_seisundid,ose_pohjus,string,text,,ÖSE põhjus
EELIS/PostgREST,f_veekogumi_seisundid,ose_pohjus_selg,string,text,,ÖSE põhjuse selgitus
EELIS/PostgREST,f_veekogumi_seisundid,kese_naitaja,string,text,,KESE mittehea näitaja
EELIS/PostgREST,f_veekogumi_seisundid,kese_naitaja_selg,string,text,,KESE mittehea näitaja selgitus
EELIS/PostgREST,f_veekogumi_seisundid,kese_pohjus,string,text,,KESE põhjus
EELIS/PostgREST,f_veekogumi_seisundid,kese_pohjus_selg,string,text,,KESE põhjuse selgitus
EELIS/PostgREST,f_veekogumi_seisundid,fyke_nyld,number,numeric,,FÜKE üldlämmastik (mg/l)
EELIS/PostgREST,f_veekogumi_seisundid,fyke_pyld,number,numeric,,FÜKE üldfosfor (mg/l)
EELIS/PostgREST,f_veekogumi_seisundid,tx_lisainfo,string,text,,Lisainfo
EELIS/PostgREST,f_veekogumi_seisundid,keht_staatus,string,text,,Kehtivuse staatus
EELIS/PostgREST,f_veekogumi_seisundid,muut_staatus,string,text,,Menetlusfaas
EELIS/PostgREST,f_veekogumi_seisundid,vmkseis_muut_staatus_selg,string,text,,Menetlusfaasi selgitus
EELIS/PostgREST,f_veekogumi_seisundid,muut_aeg,string,timestamp without time zone,,Viimase muutmise aeg
EELIS/PostgREST,f_veekogumi_seisundid_kese_seirejaam,id,integer,integer,,Id
EELIS/PostgREST,f_veekogumi_seisundid_kese_seirejaam,kood,string,text,,Muu kood
EELIS/PostgREST,f_veekogumi_seisundid_kese_seirejaam,nimi,string,text,,Nimi
EELIS/PostgREST,f_veekogumi_seisundid_kese_seirejaam,tyyp,string,text,,Tüüp
EELIS/PostgREST,f_veekogumi_seisundid_kese_seirejaam,seirejaam_tyyp_selg,string,text,,Tüübi selgitus
EELIS/PostgREST,f_veekogumi_seisundid_kese_seirejaam,staatus,string,text,,Staatus
EELIS/PostgREST,f_veekogumi_seisundid_kese_seirejaam,staatus_selg,string,text,,Staatuse selgitus
EELIS/PostgREST,f_veekogumi_seisundid_kese_seirejaam,keht_staatus,string,text,,Kehtivuse staatus
EELIS/PostgREST,f_veekogumi_seisundid_kese_seirejaam,seisund,string,text,,Seirejaama seisund
EELIS/PostgREST,f_veekogumi_seisundid_kese_seirejaam,seiretyyp,string,text,,Seire tüüp kood
EELIS/PostgREST,f_veekogumi_seisundid_kese_seirejaam,seiretyyp_selg,string,text,,Seire tüüp
EELIS/PostgREST,f_veekogumi_seisundid_kese_seirejaam,kkr_kood,string,text,,Registrikood
EELIS/PostgREST,f_veekogumi_seisundid_kese_seirejaam,sj_tase,string,text,,Seirekoha tase lühend
EELIS/PostgREST,f_veekogumi_seisundid_kese_seirejaam,sj_tase_nimi,string,text,,Seirekoha tase
EELIS/PostgREST,f_veekogumi_seisundid_kese_seirejaam,kuulub_id,integer,integer,,Kuulub
EELIS/PostgREST,f_veekogumi_seisundid_kese_seirejaam,asendatud_id,integer,integer,,Asendatud uue seirejaamaga
EELIS/PostgREST,f_veekogumi_seisundid_kese_seirejaam,on_kitsendus,boolean,boolean,,On kitsendusi põhjustav
EELIS/PostgREST,f_veekogumi_seisundid_kese_seirejaam,merepinnast,number,double precision,,Merepinnast (m)
EELIS/PostgREST,f_veekogumi_seisundid_kese_seirejaam,utm_kood,string,text,,UTM ruudu kood
EELIS/PostgREST,f_veekogumi_seisundid_kese_seirejaam,pindala,number,double precision,,Pindala (ha)
EELIS/PostgREST,f_veekogumi_seisundid_kese_seirejaam,ehak_id,integer,integer,,Kohanimi
EELIS/PostgREST,f_veekogumi_seisundid_kese_seirejaam,ala_id,integer,integer,,Kaitsealune ala või üksikobjekt
EELIS/PostgREST,f_veekogumi_seisundid_kese_seirejaam,ala_nimi,string,text,,Kaitsealune ala või üksikobjekti nimi ID
EELIS/PostgREST,f_veekogumi_seisundid_kese_seirejaam,ala_tyyp,string,text,,Kaitsealune ala või üksikobjekti tüüp
EELIS/PostgREST,f_veekogumi_seisundid_kese_seirejaam,ala_tyyp_selg,string,text,,Kaitsealune ala või üksikobjekti tüübi selgitus
EELIS/PostgREST,f_veekogumi_seisundid_kese_seirejaam,ala_kkr_kood,string,text,,Kaitsealune ala või üksikobjekti KKR kood
EELIS/PostgREST,f_veekogumi_seisundid_kese_seirejaam,ala_staatus,string,text,,Kaitsealune ala või üksikobjekti staatus
EELIS/PostgREST,f_veekogumi_seisundid_kese_seirejaam,lkoht_id,integer,integer,,Seiratava liigileiukoht ID
EELIS/PostgREST,f_veekogumi_seisundid_kese_seirejaam,lkoht_nimi,string,text,,Seiratava liigileiukoha nimi
EELIS/PostgREST,f_veekogumi_seisundid_kese_seirejaam,lkoht_tyyp,string,text,,Seiratava liigileiukoha tüüp
EELIS/PostgREST,f_veekogumi_seisundid_kese_seirejaam,lkoht_tyyp_selg,string,text,,Seiratava liigileiukoha tüübi selgitus
EELIS/PostgREST,f_veekogumi_seisundid_kese_seirejaam,lkoht_kkr_kood,string,text,,Seiratava liigileiukoha KKR kood
EELIS/PostgREST,f_veekogumi_seisundid_kese_seirejaam,tundlik_ala_id,string,text,,Tundlik ala(karstiala) ID
EELIS/PostgREST,f_veekogumi_seisundid_kese_seirejaam,tundlik_ala_nimi,string,text,,Tundlik ala (karstiala) nimi
EELIS/PostgREST,f_veekogumi_seisundid_kese_seirejaam,tundlik_ala_tyyp,string,text,,Tundlik ala (karstiala) tüüp
EELIS/PostgREST,f_veekogumi_seisundid_kese_seirejaam,tundlik_ala_tyyp_selg,string,text,,Tundlik ala (karstiala) tüübi selgitus
EELIS/PostgREST,f_veekogumi_seisundid_kese_seirejaam,tundlik_ala_kkr_kood,string,text,,Tundlik ala (karstiala) KKR kood
EELIS/PostgREST,f_veekogumi_seisundid_kese_seirejaam,tundlik_ala_keht_staatus,string,text,,Tundlik ala (karstiala) kehtivuse staatus
EELIS/PostgREST,f_veekogumi_seisundid_kese_seirejaam,veekogu_id,string,text,,Veekogu ID
EELIS/PostgREST,f_veekogumi_seisundid_kese_seirejaam,veekogu_nimi,string,text,,Veekogu nimi
EELIS/PostgREST,f_veekogumi_seisundid_kese_seirejaam,veekogu_tyyp,string,text,,Veekogu tüüp
EELIS/PostgREST,f_veekogumi_seisundid_kese_seirejaam,veekogu_tyyp_selg,string,text,,Veekogu tüübi selgitus
EELIS/PostgREST,f_veekogumi_seisundid_kese_seirejaam,veekogu_kkr_kood,string,text,,Veekogu KKR kood
EELIS/PostgREST,f_veekogumi_seisundid_kese_seirejaam,veekogu_keht_staatus,string,text,,Veekogu kehtivuse staatus
EELIS/PostgREST,f_veekogumi_seisundid_kese_seirejaam,veekogum_id,string,text,,Veekogum ID
EELIS/PostgREST,f_veekogumi_seisundid_kese_seirejaam,veekogum_nimi,string,text,,Veekogumi nimi
EELIS/PostgREST,f_veekogumi_seisundid_kese_seirejaam,veekogum_tyyp,string,text,,Kategooria
EELIS/PostgREST,f_veekogumi_seisundid_kese_seirejaam,veekogum_tyyp_selg,string,text,,Kategooria selgitus
EELIS/PostgREST,f_veekogumi_seisundid_kese_seirejaam,veekogum_keht_staatus,string,text,,Veekogumi kehtivuse staatus
EELIS/PostgREST,f_veekogumi_seisundid_kese_seirejaam,suudmest,string,text,,Suudmest (km)
EELIS/PostgREST,f_veekogumi_seisundid_kese_seirejaam,puurauk_id,string,text,,Puurauk ID
EELIS/PostgREST,f_veekogumi_seisundid_kese_seirejaam,puurauk_nimi,string,text,,Puuraugu nimi
EELIS/PostgREST,f_veekogumi_seisundid_kese_seirejaam,puurauk_kkr_kood,string,text,,Puuraugu KKR kood
EELIS/PostgREST,f_veekogumi_seisundid_kese_seirejaam,puurauk_tyyp,string,text,,Puuraugu tüüp
EELIS/PostgREST,f_veekogumi_seisundid_kese_seirejaam,puurauk_tyyp_selg,string,text,,Puuraugu tüübi selgitus
EELIS/PostgREST,f_veekogumi_seisundid_kese_seirejaam,puurauk_keht_staatus,string,text,,Puuraugu kehtivuse staatus
EELIS/PostgREST,f_veekogumi_seisundid_kese_seirejaam,saar_id,string,text,,Saar ID
EELIS/PostgREST,f_veekogumi_seisundid_kese_seirejaam,saar_nimi,string,text,,Saare nimi
EELIS/PostgREST,f_veekogumi_seisundid_kese_seirejaam,saar_tyyp,string,text,,Saare tüüp
EELIS/PostgREST,f_veekogumi_seisundid_kese_seirejaam,saar_tyyp_selg,string,text,,Saare tüübi selgitus
EELIS/PostgREST,f_veekogumi_seisundid_kese_seirejaam,saar_kkr_kood,string,text,,Saare KKR kood
EELIS/PostgREST,f_veekogumi_seisundid_kese_seirejaam,saar_keht_staatus,string,text,,Saare kehtivuse staatus
EELIS/PostgREST,f_veekogumi_seisundid_kese_seirejaam,jahiala_id,string,text,,Jahipiirkond ID
EELIS/PostgREST,f_veekogumi_seisundid_kese_seirejaam,jahiala_nimi,string,text,,Jahipiirkonna nimi
EELIS/PostgREST,f_veekogumi_seisundid_kese_seirejaam,jahiala_tyyp,string,text,,Jahipiirkonna tüüp
EELIS/PostgREST,f_veekogumi_seisundid_kese_seirejaam,jahiala_tyyp_selg,string,text,,Jahipiirkonna tüübi selgitus
EELIS/PostgREST,f_veekogumi_seisundid_kese_seirejaam,jahiala_kkr_kood,string,text,,Jahipiirkonna KKR kood
EELIS/PostgREST,f_veekogumi_seisundid_kese_seirejaam,jahiala_keht_staatus,string,text,,Jahipiirkonna kehtivuse staatus
EELIS/PostgREST,f_veekogumi_seisundid_kese_seirejaam,tx_asukoht,string,text,,Asukohakirjeldus
EELIS/PostgREST,f_veekogumi_seisundid_kese_seirejaam,tx_markus,string,text,,Märkused
EELIS/PostgREST,f_veekogumi_seisundid_kese_seirejaam,tx_arhiiv,string,text,,Arhiiv
EELIS/PostgREST,f_veekogumi_seisundid_kese_seirejaam,alg_kpv,string,timestamp without time zone,,Kasutuse algus kp
EELIS/PostgREST,f_veekogumi_seisundid_kese_seirejaam,lopp_kpv,string,timestamp without time zone,,Kasutuse lõpp kp
EELIS/PostgREST,f_veekogumi_seisundid_kese_seirejaam,aastad,string,text,,Seireaastad
EELIS/PostgREST,f_veekogumi_seisundid_kese_seirejaam,kesk_x,number,double precision,,Rahv.ala tsentroidi x-koordinaat LEST97
EELIS/PostgREST,f_veekogumi_seisundid_kese_seirejaam,kesk_y,number,double precision,,Rahv.ala tsentroidi y-koordinaat LEST97
EELIS/PostgREST,f_veekogumi_seisundid_kese_seirejaam,muut_aeg,string,timestamp without time zone,,Muutmise aeg
EELIS/PostgREST,f_veekogumi_seisundid_kese_seirejaam,ehak_tekst,string,text,,EHAK koondinfo
EELIS/PostgREST,f_veekogumi_seisundid_kese_seirejaam,ehak_kood1,string,text,,EHAK kood maakond
EELIS/PostgREST,f_veekogumi_seisundid_kese_seirejaam,ehak_kood2,string,text,,EHAK kood vald
EELIS/PostgREST,f_veekogumi_seisundid_kese_seirejaam,ehak_kood3,string,text,,EHAK alamtase
EELIS/PostgREST,f_veekogumi_seisundid_kese_seirejaam,sr_programm_nimi,string,text,,Kehtiv seireprogramm
EELIS/PostgREST,f_veekogumi_seisundid_kese_seirejaam,on_regobj,boolean,boolean,,on_regobj
EELIS/PostgREST,f_veekogumi_seisundid_kese_seirejaam,on_salastatud,boolean,boolean,,on_salastatud
EELIS/PostgREST,f_veekogumi_seisundid_kese_seirejaam,veekogum_seis_id,integer,integer,,Veekogumi seisu ID  Note: This is a Foreign Key to `f_veekogumi_seisundid.id`.<fk table='f_veekogumi_seisundid' column='id'/>
EELIS/PostgREST,f_veekogumi_seisundid_ose_seirejaam,id,integer,integer,,Id
EELIS/PostgREST,f_veekogumi_seisundid_ose_seirejaam,kood,string,text,,Muu kood
EELIS/PostgREST,f_veekogumi_seisundid_ose_seirejaam,nimi,string,text,,Nimi
EELIS/PostgREST,f_veekogumi_seisundid_ose_seirejaam,tyyp,string,text,,Tüüp
EELIS/PostgREST,f_veekogumi_seisundid_ose_seirejaam,seirejaam_tyyp_selg,string,text,,Tüübi selgitus
EELIS/PostgREST,f_veekogumi_seisundid_ose_seirejaam,staatus,string,text,,Staatus
EELIS/PostgREST,f_veekogumi_seisundid_ose_seirejaam,staatus_selg,string,text,,Staatuse selgitus
EELIS/PostgREST,f_veekogumi_seisundid_ose_seirejaam,keht_staatus,string,text,,Kehtivuse staatus
EELIS/PostgREST,f_veekogumi_seisundid_ose_seirejaam,seisund,string,text,,Seirejaama seisund
EELIS/PostgREST,f_veekogumi_seisundid_ose_seirejaam,seiretyyp,string,text,,Seire tüüp kood
EELIS/PostgREST,f_veekogumi_seisundid_ose_seirejaam,seiretyyp_selg,string,text,,Seire tüüp
EELIS/PostgREST,f_veekogumi_seisundid_ose_seirejaam,kkr_kood,string,text,,Registrikood
EELIS/PostgREST,f_veekogumi_seisundid_ose_seirejaam,sj_tase,string,text,,Seirekoha tase lühend
EELIS/PostgREST,f_veekogumi_seisundid_ose_seirejaam,sj_tase_nimi,string,text,,Seirekoha tase
EELIS/PostgREST,f_veekogumi_seisundid_ose_seirejaam,kuulub_id,integer,integer,,Kuulub
EELIS/PostgREST,f_veekogumi_seisundid_ose_seirejaam,asendatud_id,integer,integer,,Asendatud uue seirejaamaga
EELIS/PostgREST,f_veekogumi_seisundid_ose_seirejaam,on_kitsendus,boolean,boolean,,On kitsendusi põhjustav
EELIS/PostgREST,f_veekogumi_seisundid_ose_seirejaam,merepinnast,number,double precision,,Merepinnast (m)
EELIS/PostgREST,f_veekogumi_seisundid_ose_seirejaam,utm_kood,string,text,,UTM ruudu kood
EELIS/PostgREST,f_veekogumi_seisundid_ose_seirejaam,pindala,number,double precision,,Pindala (ha)
EELIS/PostgREST,f_veekogumi_seisundid_ose_seirejaam,ehak_id,integer,integer,,Kohanimi
EELIS/PostgREST,f_veekogumi_seisundid_ose_seirejaam,ala_id,integer,integer,,Kaitsealune ala või üksikobjekt ID
EELIS/PostgREST,f_veekogumi_seisundid_ose_seirejaam,ala_nimi,string,text,,Kaitsealune ala või üksikobjekti nimi
EELIS/PostgREST,f_veekogumi_seisundid_ose_seirejaam,ala_tyyp,string,text,,Kaitsealune ala või üksikobjekti tüüp
EELIS/PostgREST,f_veekogumi_seisundid_ose_seirejaam,ala_tyyp_selg,string,text,,Kaitsealune ala või üksikobjekti tüübi selgitus
EELIS/PostgREST,f_veekogumi_seisundid_ose_seirejaam,ala_kkr_kood,string,text,,Kaitsealune ala või üksikobjekti KKR kood
EELIS/PostgREST,f_veekogumi_seisundid_ose_seirejaam,ala_staatus,string,text,,Kaitsealune ala või üksikobjekti staatus
EELIS/PostgREST,f_veekogumi_seisundid_ose_seirejaam,lkoht_id,integer,integer,,Seiratava liigileiukoht ID
EELIS/PostgREST,f_veekogumi_seisundid_ose_seirejaam,lkoht_nimi,string,text,,Seiratava liigileiukoha nimi
EELIS/PostgREST,f_veekogumi_seisundid_ose_seirejaam,lkoht_tyyp,string,text,,Seiratava liigileiukoha tüüp
EELIS/PostgREST,f_veekogumi_seisundid_ose_seirejaam,lkoht_tyyp_selg,string,text,,Seiratava liigileiukoha tüübi selgitus
EELIS/PostgREST,f_veekogumi_seisundid_ose_seirejaam,lkoht_kkr_kood,string,text,,Seiratava liigileiukoha KKR kood
EELIS/PostgREST,f_veekogumi_seisundid_ose_seirejaam,tundlik_ala_id,string,text,,Tundlik ala(karstiala) ID
EELIS/PostgREST,f_veekogumi_seisundid_ose_seirejaam,tundlik_ala_nimi,string,text,,Tundlik ala (karstiala) nimi
EELIS/PostgREST,f_veekogumi_seisundid_ose_seirejaam,tundlik_ala_tyyp,string,text,,Tundlik ala (karstiala) tüüp
EELIS/PostgREST,f_veekogumi_seisundid_ose_seirejaam,tundlik_ala_tyyp_selg,string,text,,Tundlik ala (karstiala) tüübi selgitus
EELIS/PostgREST,f_veekogumi_seisundid_ose_seirejaam,tundlik_ala_kkr_kood,string,text,,Tundlik ala (karstiala) KKR kood
EELIS/PostgREST,f_veekogumi_seisundid_ose_seirejaam,tundlik_ala_keht_staatus,string,text,,Tundlik ala (karstiala) kehtivuse staatus
EELIS/PostgREST,f_veekogumi_seisundid_ose_seirejaam,veekogu_id,string,text,,Veekogu ID
EELIS/PostgREST,f_veekogumi_seisundid_ose_seirejaam,veekogu_nimi,string,text,,Veekogu nimi
EELIS/PostgREST,f_veekogumi_seisundid_ose_seirejaam,veekogu_tyyp,string,text,,Veekogu tüüp
EELIS/PostgREST,f_veekogumi_seisundid_ose_seirejaam,veekogu_tyyp_selg,string,text,,Veekogu tüübi selgitus
EELIS/PostgREST,f_veekogumi_seisundid_ose_seirejaam,veekogu_kkr_kood,string,text,,Veekogu KKR kood
EELIS/PostgREST,f_veekogumi_seisundid_ose_seirejaam,veekogu_keht_staatus,string,text,,Veekogu kehtivuse staatus
EELIS/PostgREST,f_veekogumi_seisundid_ose_seirejaam,veekogum_id,string,text,,Veekogum ID
EELIS/PostgREST,f_veekogumi_seisundid_ose_seirejaam,veekogum_nimi,string,text,,Veekogumi nimi
EELIS/PostgREST,f_veekogumi_seisundid_ose_seirejaam,veekogum_tyyp,string,text,,Kategooria
EELIS/PostgREST,f_veekogumi_seisundid_ose_seirejaam,veekogum_tyyp_selg,string,text,,Kategooria selgitus
EELIS/PostgREST,f_veekogumi_seisundid_ose_seirejaam,veekogum_keht_staatus,string,text,,Veekogumi kehtivuse staatus
EELIS/PostgREST,f_veekogumi_seisundid_ose_seirejaam,suudmest,string,text,,Suudmest (km)
EELIS/PostgREST,f_veekogumi_seisundid_ose_seirejaam,puurauk_id,string,text,,Puurauk ID
EELIS/PostgREST,f_veekogumi_seisundid_ose_seirejaam,puurauk_nimi,string,text,,Puuraugu nimi
EELIS/PostgREST,f_veekogumi_seisundid_ose_seirejaam,puurauk_kkr_kood,string,text,,Puuraugu KKR kood
EELIS/PostgREST,f_veekogumi_seisundid_ose_seirejaam,puurauk_tyyp,string,text,,Puuraugu tüüp
EELIS/PostgREST,f_veekogumi_seisundid_ose_seirejaam,puurauk_tyyp_selg,string,text,,Puuraugu tüübi selgitus
EELIS/PostgREST,f_veekogumi_seisundid_ose_seirejaam,puurauk_keht_staatus,string,text,,Puuraugu kehtivuse staatus
EELIS/PostgREST,f_veekogumi_seisundid_ose_seirejaam,saar_id,string,text,,Saar ID
EELIS/PostgREST,f_veekogumi_seisundid_ose_seirejaam,saar_nimi,string,text,,Saare nimi
EELIS/PostgREST,f_veekogumi_seisundid_ose_seirejaam,saar_tyyp,string,text,,Saare tüüp
EELIS/PostgREST,f_veekogumi_seisundid_ose_seirejaam,saar_tyyp_selg,string,text,,Saare tüübi selgitus
EELIS/PostgREST,f_veekogumi_seisundid_ose_seirejaam,saar_kkr_kood,string,text,,Saare KKR kood
EELIS/PostgREST,f_veekogumi_seisundid_ose_seirejaam,saar_keht_staatus,string,text,,Saare kehtivuse staatus
EELIS/PostgREST,f_veekogumi_seisundid_ose_seirejaam,jahiala_id,string,text,,Jahipiirkond ID
EELIS/PostgREST,f_veekogumi_seisundid_ose_seirejaam,jahiala_nimi,string,text,,Jahipiirkonna nimi
EELIS/PostgREST,f_veekogumi_seisundid_ose_seirejaam,jahiala_tyyp,string,text,,Jahipiirkonna tüüp
EELIS/PostgREST,f_veekogumi_seisundid_ose_seirejaam,jahiala_tyyp_selg,string,text,,Jahipiirkonna tüübi selgitus
EELIS/PostgREST,f_veekogumi_seisundid_ose_seirejaam,jahiala_kkr_kood,string,text,,Jahipiirkonna KKR kood
EELIS/PostgREST,f_veekogumi_seisundid_ose_seirejaam,jahiala_keht_staatus,string,text,,Jahipiirkonna kehtivuse staatus
EELIS/PostgREST,f_veekogumi_seisundid_ose_seirejaam,tx_asukoht,string,text,,Asukohakirjeldus
EELIS/PostgREST,f_veekogumi_seisundid_ose_seirejaam,tx_markus,string,text,,Märkused
EELIS/PostgREST,f_veekogumi_seisundid_ose_seirejaam,tx_arhiiv,string,text,,Arhiiv
EELIS/PostgREST,f_veekogumi_seisundid_ose_seirejaam,alg_kpv,string,timestamp without time zone,,Kasutuse algus kp
EELIS/PostgREST,f_veekogumi_seisundid_ose_seirejaam,lopp_kpv,string,timestamp without time zone,,Kasutuse lõpp kp
EELIS/PostgREST,f_veekogumi_seisundid_ose_seirejaam,aastad,string,text,,Seireaastad
EELIS/PostgREST,f_veekogumi_seisundid_ose_seirejaam,kesk_x,number,double precision,,Rahv.ala tsentroidi x-koordinaat LEST97
EELIS/PostgREST,f_veekogumi_seisundid_ose_seirejaam,kesk_y,number,double precision,,Rahv.ala tsentroidi y-koordinaat LEST97
EELIS/PostgREST,f_veekogumi_seisundid_ose_seirejaam,muut_aeg,string,timestamp without time zone,,Muutmise aeg
EELIS/PostgREST,f_veekogumi_seisundid_ose_seirejaam,ehak_tekst,string,text,,EHAK koondinfo
EELIS/PostgREST,f_veekogumi_seisundid_ose_seirejaam,ehak_kood1,string,text,,EHAK kood maakond
EELIS/PostgREST,f_veekogumi_seisundid_ose_seirejaam,ehak_kood2,string,text,,EHAK kood vald
EELIS/PostgREST,f_veekogumi_seisundid_ose_seirejaam,ehak_kood3,string,text,,EHAK alamtase
EELIS/PostgREST,f_veekogumi_seisundid_ose_seirejaam,sr_programm_nimi,string,text,,Kehtiv seireprogramm
EELIS/PostgREST,f_veekogumi_seisundid_ose_seirejaam,on_regobj,boolean,boolean,,on_regobj
EELIS/PostgREST,f_veekogumi_seisundid_ose_seirejaam,on_salastatud,boolean,boolean,,on_salastatud
EELIS/PostgREST,f_veekogumi_seisundid_ose_seirejaam,veekogum_seis_id,integer,integer,,Veekogumi seisu ID  Note: This is a Foreign Key to `f_veekogumi_seisundid.id`.<fk table='f_veekogumi_seisundid' column='id'/>
EELIS/PostgREST,f_veekogumid,id,integer,integer,jah,Id  Note: This is a Primary Key.<pk/>
EELIS/PostgREST,f_veekogumid,kood,string,text,,Kood
EELIS/PostgREST,f_veekogumid,kood_cd,string,text,,EL kood
EELIS/PostgREST,f_veekogumid,nimi,string,text,,Nimi
EELIS/PostgREST,f_veekogumid,lyhend,string,text,,Lühinimi
EELIS/PostgREST,f_veekogumid,tyyp,string,text,,Kategooria
EELIS/PostgREST,f_veekogumid,tyyp_selg,string,text,,Kategooria selgitus
EELIS/PostgREST,f_veekogumid,alamkategooria,string,text,,Alamkategooria
EELIS/PostgREST,f_veekogumid,alamkategooria_selg,string,text,,Alamkategooria selgitus
EELIS/PostgREST,f_veekogumid,tmv_pohjus,string,text,,TMV määramise põhjendus
EELIS/PostgREST,f_veekogumid,tmv_pohjus_selg,string,text,,TMV määramise põhjendus selgitus
EELIS/PostgREST,f_veekogumid,tmv_muutused,string,text,,TMV põhjendus (füüsilised muutused)
EELIS/PostgREST,f_veekogumid,tmv_muutused_selg,string,text,,TMV põhjendus (füüsilised muutused) selgitus
EELIS/PostgREST,f_veekogumid,tx_tmv_info,string,text,,TMV info
EELIS/PostgREST,f_veekogumid,vee_tyyp,string,text,,Vee tüüp
EELIS/PostgREST,f_veekogumid,vee_tyyp_selg,string,text,,Vee tüüp selgitus
EELIS/PostgREST,f_veekogumid,interkalibr_tyyp,string,text,,Interkalibreerimise tüüp
EELIS/PostgREST,f_veekogumid,interkalibr_tyyp_selg,string,text,,Interkalibreerimise tüüp selgitus
EELIS/PostgREST,f_veekogumid,paiknevus,string,text,,Paiknevus
EELIS/PostgREST,f_veekogumid,paiknevus_selg,string,text,,Paiknevus selgitus
EELIS/PostgREST,f_veekogumid,staatus,string,text,,Staatus
EELIS/PostgREST,f_veekogumid,staatus_selg,string,text,,Staatus selgitus
EELIS/PostgREST,f_veekogumid,alg_kp,string,timestamp without time zone,,Alg kp
EELIS/PostgREST,f_veekogumid,lopp_kp,string,timestamp without time zone,,Lõpp kp
EELIS/PostgREST,f_veekogumid,muudatused,string,text,,Muudatused
EELIS/PostgREST,f_veekogumid,muudatused_selg,string,text,,Muudatused selgitus
EELIS/PostgREST,f_veekogumid,veekogu_id,integer,integer,,Veekogu
EELIS/PostgREST,f_veekogumid,veekogu_nimi,string,text,,Veekogu nimi
EELIS/PostgREST,f_veekogumid,veekogu_kkr_kood,string,text,,Veekogu KKR kood
EELIS/PostgREST,f_veekogumid,veekogu_tyyp,string,text,,Veekogu tüüp
EELIS/PostgREST,f_veekogumid,veekogu_tyyp_selg,string,text,,Veekogu tüübi selgitus
EELIS/PostgREST,f_veekogumid,veekogu_keht_staatus,string,text,,Veekogu kehtivuse staatus
EELIS/PostgREST,f_veekogumid,paisjarv_id,integer,integer,,Paisjärv
EELIS/PostgREST,f_veekogumid,paisjarv_nimi,string,text,,Paisjärve nimi
EELIS/PostgREST,f_veekogumid,paisjarv_kkr_kood,string,text,,Paisjärve KKR kood
EELIS/PostgREST,f_veekogumid,paisjarv_tyyp,string,text,,Paisjärve tüüp
EELIS/PostgREST,f_veekogumid,paisjarv_tyyp_selg,string,text,,Paisjärve tüübi selgitus
EELIS/PostgREST,f_veekogumid,paisjarv_keht_staatus,string,text,,Paisjärve kehtivuse staatus
EELIS/PostgREST,f_veekogumid,veekogu_osa_nr,integer,integer,,Veekogu osa nr
EELIS/PostgREST,f_veekogumid,pikkus,number,double precision,,Pikkus (km)
EELIS/PostgREST,f_veekogumid,pindala,number,double precision,,Pindala (km²)
EELIS/PostgREST,f_veekogumid,kesk_x,number,double precision,,Tsentroidi x-koordinaat LEST97
EELIS/PostgREST,f_veekogumid,kesk_y,number,double precision,,Tsentroidi y-koordinaat LEST97
EELIS/PostgREST,f_veekogumid,keht_staatus,string,text,,kehivuse staatus
EELIS/PostgREST,f_veekogumid,muut_aeg,string,timestamp without time zone,,Muutmise aeg
EELIS/PostgREST,f_veekogumid_eelnev,id,integer,integer,,Eelneva veekogumi id
EELIS/PostgREST,f_veekogumid_eelnev,kood,string,text,,Kood
EELIS/PostgREST,f_veekogumid_eelnev,kood_cd,string,text,,EL kood
EELIS/PostgREST,f_veekogumid_eelnev,nimi,string,text,,Nimi
EELIS/PostgREST,f_veekogumid_eelnev,lyhend,string,text,,Lühinimi
EELIS/PostgREST,f_veekogumid_eelnev,tyyp,string,text,,Kategooria
EELIS/PostgREST,f_veekogumid_eelnev,tyyp_selg,string,text,,Kategooria selgitus
EELIS/PostgREST,f_veekogumid_eelnev,alamkategooria,string,text,,Alamkategooria
EELIS/PostgREST,f_veekogumid_eelnev,alamkategooria_selg,string,text,,Alamkategooria selgitus
EELIS/PostgREST,f_veekogumid_eelnev,tmv_pohjus,string,text,,TMV määramise põhjendus
EELIS/PostgREST,f_veekogumid_eelnev,tmv_pohjus_selg,string,text,,TMV määramise põhjendus selgitus
EELIS/PostgREST,f_veekogumid_eelnev,tmv_muutused,string,text,,TMV põhjendus (füüsilised muutused)
EELIS/PostgREST,f_veekogumid_eelnev,tmv_muutused_selg,string,text,,TMV põhjendus (füüsilised muutused) selgitus
EELIS/PostgREST,f_veekogumid_eelnev,tx_tmv_info,string,text,,TMV info
EELIS/PostgREST,f_veekogumid_eelnev,veekogu_tyyp,string,text,,Veekogu tüüp
EELIS/PostgREST,f_veekogumid_eelnev,veekogu_tyyp_selg,string,text,,Veekogu tüüp selgitus
EELIS/PostgREST,f_veekogumid_eelnev,vee_tyyp,string,text,,Vee tüüp
EELIS/PostgREST,f_veekogumid_eelnev,vee_tyyp_selg,string,text,,Vee tüüp selgitus
EELIS/PostgREST,f_veekogumid_eelnev,interkalibr_tyyp,string,text,,Interkalibreerimise tüüp
EELIS/PostgREST,f_veekogumid_eelnev,interkalibr_tyyp_selg,string,text,,Interkalibreerimise tüüp selgitus
EELIS/PostgREST,f_veekogumid_eelnev,paiknevus,string,text,,Paiknevus
EELIS/PostgREST,f_veekogumid_eelnev,paiknevus_selg,string,text,,Paiknevus selgitus
EELIS/PostgREST,f_veekogumid_eelnev,staatus,string,text,,Staatus
EELIS/PostgREST,f_veekogumid_eelnev,staatus_selg,string,text,,Staatus selgitus
EELIS/PostgREST,f_veekogumid_eelnev,alg_kp,string,timestamp without time zone,,Alg kp
EELIS/PostgREST,f_veekogumid_eelnev,lopp_kp,string,timestamp without time zone,,Lõpp kp
EELIS/PostgREST,f_veekogumid_eelnev,muudatused,string,text,,Muudatused
EELIS/PostgREST,f_veekogumid_eelnev,muudatused_selg,string,text,,Muudatused selgitus
EELIS/PostgREST,f_veekogumid_eelnev,veekogu_id,integer,integer,,Veekogu
EELIS/PostgREST,f_veekogumid_eelnev,paisjarv_id,integer,integer,,Paisjärv
EELIS/PostgREST,f_veekogumid_eelnev,veekogu_osa_nr,integer,integer,,Veekogu osa nr
EELIS/PostgREST,f_veekogumid_eelnev,pikkus,number,double precision,,Pikkus (km)
EELIS/PostgREST,f_veekogumid_eelnev,pindala,number,double precision,,Pindala (km²)
EELIS/PostgREST,f_veekogumid_eelnev,kesk_x,number,double precision,,Tsentroidi x-koordinaat LEST97
EELIS/PostgREST,f_veekogumid_eelnev,kesk_y,number,double precision,,Tsentroidi y-koordinaat LEST97
EELIS/PostgREST,f_veekogumid_eelnev,keht_staatus,string,text,,kehivuse staatus
EELIS/PostgREST,f_veekogumid_eelnev,muut_aeg,string,timestamp without time zone,,Muutmise aeg
EELIS/PostgREST,f_veekogumid_eelnev,veekogum_id,integer,integer,,Veekogum ID  Note: This is a Foreign Key to `f_veekogumid.id`.<fk table='f_veekogumid' column='id'/>
EELIS/PostgREST,f_veekogumid_hks_koondseis,hks_koond_id,integer,integer,,EELIS ID
EELIS/PostgREST,f_veekogumid_hks_koondseis,hks_koond_kood,string,text,,Kood
EELIS/PostgREST,f_veekogumid_hks_koondseis,hks_koond_kuulub_id,integer,integer,,Kuulub EELIS ID
EELIS/PostgREST,f_veekogumid_hks_koondseis,hks_koond_kuulub_nimi,string,text,,Kuulub nimi
EELIS/PostgREST,f_veekogumid_hks_koondseis,hks_koond_tyyp,string,text,,HKS koondseisund tüüp
EELIS/PostgREST,f_veekogumid_hks_koondseis,hks_koond_selg,string,text,,Hindamisüksuse nimi ja -periood
EELIS/PostgREST,f_veekogumid_hks_koondseis,hks_koond_staatus,string,text,,Staatus kood
EELIS/PostgREST,f_veekogumid_hks_koondseis,hks_koond_staatus_selg,string,text,,Staatus selgitus
EELIS/PostgREST,f_veekogumid_hks_koondseis,periood,string,text,,Periood
EELIS/PostgREST,f_veekogumid_hks_koondseis,hks_koond_aasta,integer,integer,,Aasta
EELIS/PostgREST,f_veekogumid_hks_koondseis,veekogum_id,integer,integer,,Hindamisüksuse EELIS ID  Note: This is a Foreign Key to `f_veekogumid.id`.<fk table='f_veekogumid' column='id'/>
EELIS/PostgREST,f_veekogumid_hks_koondseis,veekogum_nimi,string,text,,Hindamisüksuse nimi
EELIS/PostgREST,f_veekogumid_hks_koondseis,veekogum_kood,string,text,,Hindamisüksuse kood
EELIS/PostgREST,f_veekogumid_hks_koondseis,veekogum_staatus,string,text,,Hindamisüksuse staatus kood
EELIS/PostgREST,f_veekogumid_hks_koondseis,veekogum_staatus_selg,string,text,,Hindamisüksuse staatus selgitus
EELIS/PostgREST,f_veekogumid_hks_koondseis,veekogum_tyyp,string,text,,Hindamisüksuse tüüp kood
EELIS/PostgREST,f_veekogumid_hks_koondseis,veekogum_tyyp_selg,string,text,,Hindamisüksuse tüüp selgitus
EELIS/PostgREST,f_veekogumid_hks_koondseis,seis_d01,string,text,,Seisund D1 kood
EELIS/PostgREST,f_veekogumid_hks_koondseis,seis_d01_selg,string,text,,Seisund D1  selgitus
EELIS/PostgREST,f_veekogumid_hks_koondseis,seis_d01c1,string,text,,Seisund D1C1 kood
EELIS/PostgREST,f_veekogumid_hks_koondseis,seis_d01c1_selg,string,text,,Seisund D1C1 selgitus
EELIS/PostgREST,f_veekogumid_hks_koondseis,seis_d01c2,string,text,,Seisund D1C2 kood
EELIS/PostgREST,f_veekogumid_hks_koondseis,seis_d01c2_selg,string,text,,Seisund D1C2 selgitus
EELIS/PostgREST,f_veekogumid_hks_koondseis,seis_d01c3,string,text,,Seisund D1C3 kood
EELIS/PostgREST,f_veekogumid_hks_koondseis,seis_d01c3_selg,string,text,,Seisund D1C3 selgitus
EELIS/PostgREST,f_veekogumid_hks_koondseis,seis_d01c4,string,text,,Seisund D1C4 kood
EELIS/PostgREST,f_veekogumid_hks_koondseis,seis_d01c4_selg,string,text,,Seisund D1C4 selgitus
EELIS/PostgREST,f_veekogumid_hks_koondseis,seis_d01c5,string,text,,Seisund D1C5 kood
EELIS/PostgREST,f_veekogumid_hks_koondseis,seis_d01c5_selg,string,text,,Seisund D1C5 selgitus
EELIS/PostgREST,f_veekogumid_hks_koondseis,seis_d01c6,string,text,,Seisund D1C6 kood
EELIS/PostgREST,f_veekogumid_hks_koondseis,seis_d01c6_selg,string,text,,Seisund D1C6 selgitus
EELIS/PostgREST,f_veekogumid_hks_koondseis,seis_d02,string,text,,Seisund D2 kood
EELIS/PostgREST,f_veekogumid_hks_koondseis,seis_d02_selg,string,text,,Seisund D2 selgitu
EELIS/PostgREST,f_veekogumid_hks_koondseis,seis_d02c1,string,text,,Seisund D2C1 kood
EELIS/PostgREST,f_veekogumid_hks_koondseis,seis_d02c1_selg,string,text,,Seisund D2C1 selgitus
EELIS/PostgREST,f_veekogumid_hks_koondseis,seis_d02c2,string,text,,Seisund D2C2 kood
EELIS/PostgREST,f_veekogumid_hks_koondseis,seis_d02c2_selg,string,text,,Seisund D2C2 selgitus
EELIS/PostgREST,f_veekogumid_hks_koondseis,seis_d02c3,string,text,,Seisund D2C3 kood
EELIS/PostgREST,f_veekogumid_hks_koondseis,seis_d02c3_selg,string,text,,Seisund D2C3 selgitus
EELIS/PostgREST,f_veekogumid_hks_koondseis,seis_d03,string,text,,Seisund D3 kood
EELIS/PostgREST,f_veekogumid_hks_koondseis,seis_d03_selg,string,text,,Seisund D3 selgitus
EELIS/PostgREST,f_veekogumid_hks_koondseis,seis_d03c1,string,text,,Seisund D3C1 kood
EELIS/PostgREST,f_veekogumid_hks_koondseis,seis_d03c1_selg,string,text,,Seisund D3C1 selgitus
EELIS/PostgREST,f_veekogumid_hks_koondseis,seis_d03c2,string,text,,Seisund D3C2 kood
EELIS/PostgREST,f_veekogumid_hks_koondseis,seis_d03c2_selg,string,text,,Seisund D3C2 selgitus
EELIS/PostgREST,f_veekogumid_hks_koondseis,seis_d03c3,string,text,,Seisund D3C3 kood
EELIS/PostgREST,f_veekogumid_hks_koondseis,seis_d03c3_selg,string,text,,Seisund D3C3 selgitus
EELIS/PostgREST,f_veekogumid_hks_koondseis,seis_d04,string,text,,Seisund D4 kood
EELIS/PostgREST,f_veekogumid_hks_koondseis,seis_d04_selg,string,text,,Seisund D4 selgitus
EELIS/PostgREST,f_veekogumid_hks_koondseis,seis_d04c1,string,text,,Seisund D4C1 kood
EELIS/PostgREST,f_veekogumid_hks_koondseis,seis_d04c1_selg,string,text,,Seisund D4C1 selgitus
EELIS/PostgREST,f_veekogumid_hks_koondseis,seis_d04c2,string,text,,Seisund D4C2 kood
EELIS/PostgREST,f_veekogumid_hks_koondseis,seis_d04c2_selg,string,text,,Seisund D4C2 selgitus
EELIS/PostgREST,f_veekogumid_hks_koondseis,seis_d04c3,string,text,,Seisund D4C3 kood
EELIS/PostgREST,f_veekogumid_hks_koondseis,seis_d04c3_selg,string,text,,Seisund D4C3 selgitus
EELIS/PostgREST,f_veekogumid_hks_koondseis,seis_d04c4,string,text,,Seisund D4C4 kood
EELIS/PostgREST,f_veekogumid_hks_koondseis,seis_d04c4_selg,string,text,,Seisund D4C4 selgitus
EELIS/PostgREST,f_veekogumid_hks_koondseis,seis_d05,string,text,,Seisund D5 kood
EELIS/PostgREST,f_veekogumid_hks_koondseis,seis_d05_selg,string,text,,Seisund D5 selgitus
EELIS/PostgREST,f_veekogumid_hks_koondseis,seis_d05c1,string,text,,Seisund D5C1 kood
EELIS/PostgREST,f_veekogumid_hks_koondseis,seis_d05c1_selg,string,text,,Seisund D5C1 selgitus
EELIS/PostgREST,f_veekogumid_hks_koondseis,seis_d05c2,string,text,,Seisund D5C2 kood
EELIS/PostgREST,f_veekogumid_hks_koondseis,seis_d05c2_selg,string,text,,Seisund D5C2 selgitus
EELIS/PostgREST,f_veekogumid_hks_koondseis,seis_d05c3,string,text,,Seisund D5C3 kood
EELIS/PostgREST,f_veekogumid_hks_koondseis,seis_d05c3_selg,string,text,,Seisund D5C3 selgitus
EELIS/PostgREST,f_veekogumid_hks_koondseis,seis_d05c4,string,text,,Seisund D5C4 kood
EELIS/PostgREST,f_veekogumid_hks_koondseis,seis_d05c4_selg,string,text,,Seisund D5C4 selgitus
EELIS/PostgREST,f_veekogumid_hks_koondseis,seis_d05c5,string,text,,Seisund D5C5 kood
EELIS/PostgREST,f_veekogumid_hks_koondseis,seis_d05c5_selg,string,text,,Seisund D5C5 selgitus
EELIS/PostgREST,f_veekogumid_hks_koondseis,seis_d05c6,string,text,,Seisund D5C6 kood
EELIS/PostgREST,f_veekogumid_hks_koondseis,seis_d05c6_selg,string,text,,Seisund D5C6 selgitus
EELIS/PostgREST,f_veekogumid_hks_koondseis,seis_d05c7,string,text,,Seisund D5C7 kood
EELIS/PostgREST,f_veekogumid_hks_koondseis,seis_d05c7_selg,string,text,,Seisund D5C7 selgitus
EELIS/PostgREST,f_veekogumid_hks_koondseis,seis_d05c8,string,text,,Seisund D5C8 kood
EELIS/PostgREST,f_veekogumid_hks_koondseis,seis_d05c8_selg,string,text,,Seisund D5C8 selgitus
EELIS/PostgREST,f_veekogumid_hks_koondseis,seis_d06,string,text,,Seisund D6 kood
EELIS/PostgREST,f_veekogumid_hks_koondseis,seis_d06_selg,string,text,,Seisund D6 selgitus
EELIS/PostgREST,f_veekogumid_hks_koondseis,seis_d06c1,string,text,,Seisund D6C1 kood
EELIS/PostgREST,f_veekogumid_hks_koondseis,seis_d06c1_selg,string,text,,Seisund D6C1 selgitus
EELIS/PostgREST,f_veekogumid_hks_koondseis,seis_d06c2,string,text,,Seisund D6C2 kood
EELIS/PostgREST,f_veekogumid_hks_koondseis,seis_d06c2_selg,string,text,,Seisund D6C2 selgitus
EELIS/PostgREST,f_veekogumid_hks_koondseis,seis_d06c3,string,text,,Seisund D6C3 kood
EELIS/PostgREST,f_veekogumid_hks_koondseis,seis_d06c3_selg,string,text,,Seisund D6C3 selgitus
EELIS/PostgREST,f_veekogumid_hks_koondseis,seis_d06c4,string,text,,Seisund D6C4 kood
EELIS/PostgREST,f_veekogumid_hks_koondseis,seis_d06c4_selg,string,text,,Seisund D6C4 selgitus
EELIS/PostgREST,f_veekogumid_hks_koondseis,seis_d06c5,string,text,,Seisund D6C5 kood
EELIS/PostgREST,f_veekogumid_hks_koondseis,seis_d06c5_selg,string,text,,Seisund D6C5 selgitus
EELIS/PostgREST,f_veekogumid_hks_koondseis,seis_d07,string,text,,Seisund D7 kood
EELIS/PostgREST,f_veekogumid_hks_koondseis,seis_d07_selg,string,text,,Seisund D7 selgitus
EELIS/PostgREST,f_veekogumid_hks_koondseis,seis_d07c1,string,text,,Seisund D7C1 kood
EELIS/PostgREST,f_veekogumid_hks_koondseis,seis_d07c1_selg,string,text,,Seisund D7C1 selgitus
EELIS/PostgREST,f_veekogumid_hks_koondseis,seis_d07c2,string,text,,Seisund D7C2 kood
EELIS/PostgREST,f_veekogumid_hks_koondseis,seis_d07c2_selg,string,text,,Seisund D7C2 selgitus
EELIS/PostgREST,f_veekogumid_hks_koondseis,seis_d08,string,text,,Seisund D8 kood
EELIS/PostgREST,f_veekogumid_hks_koondseis,seis_d08_selg,string,text,,Seisund D8 selgitus
EELIS/PostgREST,f_veekogumid_hks_koondseis,seis_d08c1,string,text,,Seisund D8C1 kood
EELIS/PostgREST,f_veekogumid_hks_koondseis,seis_d08c1_selg,string,text,,Seisund D8C1 selgitus
EELIS/PostgREST,f_veekogumid_hks_koondseis,seis_d08c2,string,text,,Seisund D8C2 kood
EELIS/PostgREST,f_veekogumid_hks_koondseis,seis_d08c2_selg,string,text,,Seisund D8C2 selgitus
EELIS/PostgREST,f_veekogumid_hks_koondseis,seis_d08c3,string,text,,Seisund D8C3 kood
EELIS/PostgREST,f_veekogumid_hks_koondseis,seis_d08c3_selg,string,text,,Seisund D8C3 selgitus
EELIS/PostgREST,f_veekogumid_hks_koondseis,seis_d08c4,string,text,,Seisund D8C4 kood
EELIS/PostgREST,f_veekogumid_hks_koondseis,seis_d08c4_selg,string,text,,Seisund D8C4 selgitus
EELIS/PostgREST,f_veekogumid_hks_koondseis,seis_d09,string,text,,Seisund D9 kood
EELIS/PostgREST,f_veekogumid_hks_koondseis,seis_d09_selg,string,text,,Seisund D9 selgitus
EELIS/PostgREST,f_veekogumid_hks_koondseis,seis_d09c1,string,text,,Seisund D9C1 kood
EELIS/PostgREST,f_veekogumid_hks_koondseis,seis_d09c1_selg,string,text,,Seisund D9C1 selgitus
EELIS/PostgREST,f_veekogumid_hks_koondseis,seis_d10,string,text,,Seisund D10 kood
EELIS/PostgREST,f_veekogumid_hks_koondseis,seis_d10_selg,string,text,,Seisund D10 selgitus
EELIS/PostgREST,f_veekogumid_hks_koondseis,seis_d10c1,string,text,,Seisund D10C1 kood
EELIS/PostgREST,f_veekogumid_hks_koondseis,seis_d10c1_selg,string,text,,Seisund D10C1 selgitus
EELIS/PostgREST,f_veekogumid_hks_koondseis,seis_d10c2,string,text,,Seisund D10C2 kood
EELIS/PostgREST,f_veekogumid_hks_koondseis,seis_d10c2_selg,string,text,,Seisund D10C2 selgitus
EELIS/PostgREST,f_veekogumid_hks_koondseis,seis_d10c3,string,text,,Seisund D10C3 kood
EELIS/PostgREST,f_veekogumid_hks_koondseis,seis_d10c3_selg,string,text,,Seisund D10C3 selgitus
EELIS/PostgREST,f_veekogumid_hks_koondseis,seis_d10c4,string,text,,Seisund D10C4 kood
EELIS/PostgREST,f_veekogumid_hks_koondseis,seis_d10c4_selg,string,text,,Seisund D10C4 selgitus
EELIS/PostgREST,f_veekogumid_hks_koondseis,seis_d11,string,text,,Seisund D11 kood
EELIS/PostgREST,f_veekogumid_hks_koondseis,seis_d11_selg,string,text,,Seisund D11 selgitus
EELIS/PostgREST,f_veekogumid_hks_koondseis,seis_d11c1,string,text,,Seisund D11C1 kood
EELIS/PostgREST,f_veekogumid_hks_koondseis,seis_d11c1_selg,string,text,,Seisund D11C1 selgitus
EELIS/PostgREST,f_veekogumid_hks_koondseis,seis_d11c2,string,text,,Seisund D11C2 kood
EELIS/PostgREST,f_veekogumid_hks_koondseis,seis_d11c2_selg,string,text,,Seisund D11C2 selgitus
EELIS/PostgREST,f_veekogumid_hks_koondseis,tx_info_d01,string,text,,InfoD1 
EELIS/PostgREST,f_veekogumid_hks_koondseis,tx_info_d02,string,text,,InfoD2
EELIS/PostgREST,f_veekogumid_hks_koondseis,tx_info_d03,string,text,,InfoD3
EELIS/PostgREST,f_veekogumid_hks_koondseis,tx_info_d04,string,text,,InfoD4
EELIS/PostgREST,f_veekogumid_hks_koondseis,tx_info_d05,string,text,,InfoD5
EELIS/PostgREST,f_veekogumid_hks_koondseis,tx_info_d06,string,text,,InfoD6
EELIS/PostgREST,f_veekogumid_hks_koondseis,tx_info_d07,string,text,,InfoD7
EELIS/PostgREST,f_veekogumid_hks_koondseis,tx_info_d08,string,text,,InfoD8
EELIS/PostgREST,f_veekogumid_hks_koondseis,tx_info_d09,string,text,,InfoD9
EELIS/PostgREST,f_veekogumid_hks_koondseis,tx_info_d10,string,text,,InfoD10
EELIS/PostgREST,f_veekogumid_hks_koondseis,tx_info_d11,string,text,,InfoD11
EELIS/PostgREST,f_veekogumid_hks_koondseis,tx_info,string,text,,Info
EELIS/PostgREST,f_veekogumid_hks_koondseis,tx_info_ing,string,text,,Info (inglise k)
EELIS/PostgREST,f_veekogumid_hks_koondseis,hks_koond_muut_aeg,string,timestamp without time zone,,Muutmise aeg
EELIS/PostgREST,f_veekogumid_hks_siht,hks_siht_id,integer,integer,,HKS siht EELIS ID
EELIS/PostgREST,f_veekogumid_hks_siht,hks_siht_tyyp,string,text,,HKS siht tüüp kood
EELIS/PostgREST,f_veekogumid_hks_siht,hks_siht_tyyp_selg,string,text,,HKS siht tüüp selgitus
EELIS/PostgREST,f_veekogumid_hks_siht,hks_siht_kuulub_id,integer,integer,,Kuulub ID (HKS siht)
EELIS/PostgREST,f_veekogumid_hks_siht,hks_kriteerium_id,integer,integer,,HKS kriteerium EELIS ID
EELIS/PostgREST,f_veekogumid_hks_siht,hks_sht_kood,string,text,,HKS siht kood
EELIS/PostgREST,f_veekogumid_hks_siht,hks_siht_nimi,string,text,,HKS siht nimi
EELIS/PostgREST,f_veekogumid_hks_siht,hks_siht_tx_markused,string,text,,Märkused (HKS siht)
EELIS/PostgREST,f_veekogumid_hks_siht,yhik,string,text,,Ühik
EELIS/PostgREST,f_veekogumid_hks_siht,yhik_selg,string,text,,Ühik selgitus
EELIS/PostgREST,f_veekogumid_hks_siht,hks_siht_staatus,string,text,,HKS siht staatus
EELIS/PostgREST,f_veekogumid_hks_siht,hks_siht_staatus_selg,string,text,,HKS siht staatus selgitus
EELIS/PostgREST,f_veekogumid_hks_siht,baas_aasta,integer,integer,,Baastaseme aasta
EELIS/PostgREST,f_veekogumid_hks_siht,baas_nait,number,double precision,,Baasnäit
EELIS/PostgREST,f_veekogumid_hks_siht,baas_trend,number,double precision,,Baasaasta trend
EELIS/PostgREST,f_veekogumid_hks_siht,tx_baas,string,text,,Baastaseme kirjeldus
EELIS/PostgREST,f_veekogumid_hks_siht,tx_baas_ing,string,text,,Baastaseme kirjeldus (inglise k)
EELIS/PostgREST,f_veekogumid_hks_siht,siht_aasta,integer,integer,,Siht aasta
EELIS/PostgREST,f_veekogumid_hks_siht,siht_nait,number,double precision,,Siht väärtus (näit)
EELIS/PostgREST,f_veekogumid_hks_siht,siht_trend,string,text,,Siht-trend kood
EELIS/PostgREST,f_veekogumid_hks_siht,siht_trend_selg,string,text,,Siht-trend selgitus
EELIS/PostgREST,f_veekogumid_hks_siht,tx_siht,string,text,,Sihi kirjeldus
EELIS/PostgREST,f_veekogumid_hks_siht,tx_siht_ing,string,text,,Sihi kirjeldus (inglise k)
EELIS/PostgREST,f_veekogumid_hks_siht,seis_aasta,integer,integer,,Mõõdetud aasta
EELIS/PostgREST,f_veekogumid_hks_siht,seis_nait,number,double precision,,Mõõdetud näit
EELIS/PostgREST,f_veekogumid_hks_siht,seis_trend,string,text,,Mõõdetud trend kood
EELIS/PostgREST,f_veekogumid_hks_siht,seis_trend_selg,string,text,,Mõõdetud trend selgitus
EELIS/PostgREST,f_veekogumid_hks_siht,tx_seis,string,text,,Teadaoleva/mõõdetud seisu kirjeldus
EELIS/PostgREST,f_veekogumid_hks_siht,tx_seis_ing,string,text,,Teadaoleva/mõõdetud seisu kirjeldus (inglise k)
EELIS/PostgREST,f_veekogumid_hks_siht,parand_aasta,integer,integer,,Korrigeeritud (edasilükatud) tähtaeg
EELIS/PostgREST,f_veekogumid_hks_siht,parand_nait,number,double precision,,Korrigeeritud näit
EELIS/PostgREST,f_veekogumid_hks_siht,parand_trend,string,text,,Korrigeeritud siht-trend
EELIS/PostgREST,f_veekogumid_hks_siht,tx_parand,string,text,,Sihi korrigeerimise põhjendused
EELIS/PostgREST,f_veekogumid_hks_siht,tx_parand_ing,string,text,,Sihi korrigeerimise põhjendused (inglise k.)
EELIS/PostgREST,f_veekogumid_hks_siht,hks_siht_muut_aeg,string,timestamp without time zone,,Muutmise aeg (HKS siht)
EELIS/PostgREST,f_veekogumid_hks_siht,hks_siht_veekogum_id,integer,integer,,Hindamisüksuse EELIS ID  Note: This is a Foreign Key to `f_veekogumid.id`.<fk table='f_veekogumid' column='id'/>
EELIS/PostgREST,f_veekogumid_hks_siht,veekogum_nimi,string,text,,Hindamisüksuse nimi
EELIS/PostgREST,f_veekogumid_hks_siht,veekogum_kood,string,text,,Hindamisüksuse kood
EELIS/PostgREST,f_veekogumid_hks_siht,veekogum_staatus,string,text,,Hindamisüksuse staatus
EELIS/PostgREST,f_veekogumid_hks_siht,veekogum_staatus_selg,string,text,,Hindamisüksuse staatus selgitus
EELIS/PostgREST,f_veekogumid_hks_siht,veekogum_kood_cd,string,text,,Hindamisüksuse EL Kood
EELIS/PostgREST,f_veekogumid_hks_siht,veekogum_tyyp,string,text,,Hindamisüksuse tüüp
EELIS/PostgREST,f_veekogumid_hks_siht,veekogum_tyyp_selg,string,text,,Hindamisüksuse tüüp selgitus
EELIS/PostgREST,f_veekogumid_jargnev,id,integer,integer,,Järgneva veekogumi id
EELIS/PostgREST,f_veekogumid_jargnev,kood,string,text,,Kood
EELIS/PostgREST,f_veekogumid_jargnev,kood_cd,string,text,,EL kood
EELIS/PostgREST,f_veekogumid_jargnev,nimi,string,text,,Nimi
EELIS/PostgREST,f_veekogumid_jargnev,lyhend,string,text,,Lühinimi
EELIS/PostgREST,f_veekogumid_jargnev,tyyp,string,text,,Kategooria
EELIS/PostgREST,f_veekogumid_jargnev,tyyp_selg,string,text,,Kategooria selgitus
EELIS/PostgREST,f_veekogumid_jargnev,alamkategooria,string,text,,Alamkategooria
EELIS/PostgREST,f_veekogumid_jargnev,alamkategooria_selg,string,text,,Alamkategooria selgitus
EELIS/PostgREST,f_veekogumid_jargnev,tmv_pohjus,string,text,,TMV määramise põhjendus
EELIS/PostgREST,f_veekogumid_jargnev,tmv_pohjus_selg,string,text,,TMV määramise põhjendus selgitus
EELIS/PostgREST,f_veekogumid_jargnev,tmv_muutused,string,text,,TMV põhjendus (füüsilised muutused)
EELIS/PostgREST,f_veekogumid_jargnev,tmv_muutused_selg,string,text,,TMV põhjendus (füüsilised muutused) selgitus
EELIS/PostgREST,f_veekogumid_jargnev,tx_tmv_info,string,text,,TMV info
EELIS/PostgREST,f_veekogumid_jargnev,veekogu_tyyp,string,text,,Veekogu tüüp
EELIS/PostgREST,f_veekogumid_jargnev,veekogu_tyyp_selg,string,text,,Veekogu tüüp selgitus
EELIS/PostgREST,f_veekogumid_jargnev,vee_tyyp,string,text,,Vee tüüp
EELIS/PostgREST,f_veekogumid_jargnev,vee_tyyp_selg,string,text,,Vee tüüp selgitus
EELIS/PostgREST,f_veekogumid_jargnev,interkalibr_tyyp,string,text,,Interkalibreerimise tüüp
EELIS/PostgREST,f_veekogumid_jargnev,interkalibr_tyyp_selg,string,text,,Interkalibreerimise tüüp selgitus
EELIS/PostgREST,f_veekogumid_jargnev,paiknevus,string,text,,Paiknevus
EELIS/PostgREST,f_veekogumid_jargnev,paiknevus_selg,string,text,,Paiknevus selgitus
EELIS/PostgREST,f_veekogumid_jargnev,staatus,string,text,,Staatus
EELIS/PostgREST,f_veekogumid_jargnev,staatus_selg,string,text,,Staatus selgitus
EELIS/PostgREST,f_veekogumid_jargnev,alg_kp,string,timestamp without time zone,,Alg kp
EELIS/PostgREST,f_veekogumid_jargnev,lopp_kp,string,timestamp without time zone,,Lõpp kp
EELIS/PostgREST,f_veekogumid_jargnev,muudatused,string,text,,Muudatused
EELIS/PostgREST,f_veekogumid_jargnev,muudatused_selg,string,text,,Muudatused selgitus
EELIS/PostgREST,f_veekogumid_jargnev,veekogu_id,integer,integer,,Veekogu
EELIS/PostgREST,f_veekogumid_jargnev,paisjarv_id,integer,integer,,Paisjärv
EELIS/PostgREST,f_veekogumid_jargnev,veekogu_osa_nr,integer,integer,,Veekogu osa nr
EELIS/PostgREST,f_veekogumid_jargnev,pikkus,number,double precision,,Pikkus (km)
EELIS/PostgREST,f_veekogumid_jargnev,pindala,number,double precision,,Pindala (km²)
EELIS/PostgREST,f_veekogumid_jargnev,kesk_x,number,double precision,,Tsentroidi x-koordinaat LEST97
EELIS/PostgREST,f_veekogumid_jargnev,kesk_y,number,double precision,,Tsentroidi y-koordinaat LEST97
EELIS/PostgREST,f_veekogumid_jargnev,keht_staatus,string,text,,kehivuse staatus
EELIS/PostgREST,f_veekogumid_jargnev,muut_aeg,string,timestamp without time zone,,Muutmise aeg
EELIS/PostgREST,f_veekogumid_jargnev,veekogum_id,integer,integer,,Veekogum ID  Note: This is a Foreign Key to `f_veekogumid.id`.<fk table='f_veekogumid' column='id'/>
EELIS/PostgREST,f_veekogumid_jvv_veekogu,id,integer,integer,,Veekogu id
EELIS/PostgREST,f_veekogumid_jvv_veekogu,kood,string,text,,Veekogu kood
EELIS/PostgREST,f_veekogumid_jvv_veekogu,tyyp,string,text,,Veekogu tüüp
EELIS/PostgREST,f_veekogumid_jvv_veekogu,tyyp_selg,string,text,,Veekogu tüüp selgitus
EELIS/PostgREST,f_veekogumid_jvv_veekogu,staatus,string,text,,Veekogu staatus
EELIS/PostgREST,f_veekogumid_jvv_veekogu,staatus_selg,string,text,,Veekogu staatus selgitus
EELIS/PostgREST,f_veekogumid_jvv_veekogu,keht_staatus,string,text,,Kehivuse staatus
EELIS/PostgREST,f_veekogumid_jvv_veekogu,nimi,string,text,,Veekogu nimi
EELIS/PostgREST,f_veekogumid_jvv_veekogu,kkr_kood,string,text,,KKR kood
EELIS/PostgREST,f_veekogumid_jvv_veekogu,muud_nimed,string,text,,Veekogu muud nimed
EELIS/PostgREST,f_veekogumid_jvv_veekogu,avalik_kasut,string,text,,Avalik kasutatavus
EELIS/PostgREST,f_veekogumid_jvv_veekogu,avalik_kasut_selg,string,text,,Avalik kasutatavus selgitus
EELIS/PostgREST,f_veekogumid_jvv_veekogu,vesikond_id,integer,integer,,Vesikond (VRD)
EELIS/PostgREST,f_veekogumid_jvv_veekogu,vesikond_selg,string,text,,Vesikond nimi
EELIS/PostgREST,f_veekogumid_jvv_veekogu,vesikond_kuulub_id,string,text,,Kuulub id(vesikond)
EELIS/PostgREST,f_veekogumid_jvv_veekogu,vesikond_kuulub_nimi,string,text,,Kuulub nimi (vesikond)
EELIS/PostgREST,f_veekogumid_jvv_veekogu,on_pandivere_pv,boolean,boolean,,Asub nitraaditundlikul alal
EELIS/PostgREST,f_veekogumid_jvv_veekogu,tx_lisainfo,string,text,,Lisainfo
EELIS/PostgREST,f_veekogumid_jvv_veekogu,valgla_suurus,string,text,,Valgala suurus
EELIS/PostgREST,f_veekogumid_jvv_veekogu,valgla_suurus_selg,string,text,,Valgala suurus selgitus
EELIS/PostgREST,f_veekogumid_jvv_veekogu,valgla_pindala,number,double precision,,Valgala pindala
EELIS/PostgREST,f_veekogumid_jvv_veekogu,valgla_aasta,integer,integer,,Valgala aasta
EELIS/PostgREST,f_veekogumid_jvv_veekogu,vee_pindala,number,double precision,,Veepeegli pindala
EELIS/PostgREST,f_veekogumid_jvv_veekogu,saarte_pindala,number,double precision,,Saarte pindala
EELIS/PostgREST,f_veekogumid_jvv_veekogu,saarte_arv,integer,integer,,Saarte arv
EELIS/PostgREST,f_veekogumid_jvv_veekogu,kesk_sygavus,number,double precision,,Keskmine sügavus
EELIS/PostgREST,f_veekogumid_jvv_veekogu,max_sygavus,number,double precision,,Maksimaalne sügavus
EELIS/PostgREST,f_veekogumid_jvv_veekogu,vrd_tyyp,string,text,,Veetüüp VRD
EELIS/PostgREST,f_veekogumid_jvv_veekogu,vrd_tyyp_selg,string,text,,Veetüüp VRD selgitus
EELIS/PostgREST,f_veekogumid_jvv_veekogu,tx_valgala,string,text,,Valgala kirjeldus
EELIS/PostgREST,f_veekogumid_jvv_veekogu,vv_latte_ehak_id,integer,integer,,Lätte EHAK
EELIS/PostgREST,f_veekogumid_jvv_veekogu,vv_latte_ehak_nimi,string,text,,Lätte EHAK nimi
EELIS/PostgREST,f_veekogumid_jvv_veekogu,vv_latte_tyyp,string,text,,Lätte tüüp
EELIS/PostgREST,f_veekogumid_jvv_veekogu,vv_latte_tyyp_selg,string,text,,Lätte tüüp selgitus
EELIS/PostgREST,f_veekogumid_jvv_veekogu,vv_latte_id,integer,integer,,Lätte veekogu
EELIS/PostgREST,f_veekogumid_jvv_veekogu,vv_latte_selg,string,text,,Lätte veekogu nimi
EELIS/PostgREST,f_veekogumid_jvv_veekogu,vv_latte_kkr,string,text,,Lätte veekogu kkr
EELIS/PostgREST,f_veekogumid_jvv_veekogu,vv_latte_x,number,double precision,,Lätte X
EELIS/PostgREST,f_veekogumid_jvv_veekogu,vv_latte_y,number,double precision,,Lätte Y
EELIS/PostgREST,f_veekogumid_jvv_veekogu,vv_suub_ehak_id,integer,integer,,Suubla EHAK
EELIS/PostgREST,f_veekogumid_jvv_veekogu,vv_suub_ehak_selg,string,text,,Suubla EHAK nimi
EELIS/PostgREST,f_veekogumid_jvv_veekogu,vv_suub_tyyp,string,text,,Suubumise tüüp
EELIS/PostgREST,f_veekogumid_jvv_veekogu,vv_suub_tyyp_selg,string,text,,Suubumise tüüp selgitus
EELIS/PostgREST,f_veekogumid_jvv_veekogu,vv_suub_id,integer,integer,,Suubub veekogusse
EELIS/PostgREST,f_veekogumid_jvv_veekogu,vv_suub_selg,string,text,,Suubub veekogusse nimi
EELIS/PostgREST,f_veekogumid_jvv_veekogu,vv_suub_kkr,string,text,,Suubub veekogusse kkr
EELIS/PostgREST,f_veekogumid_jvv_veekogu,vv_suub_x,number,double precision,,Suubla X
EELIS/PostgREST,f_veekogumid_jvv_veekogu,vv_suub_y,number,double precision,,Suubla Y
EELIS/PostgREST,f_veekogumid_jvv_veekogu,vv_suub_jark,integer,integer,,Suubumise järk
EELIS/PostgREST,f_veekogumid_jvv_veekogu,vv_suub_suudmest,number,double precision,,Suubumiskoha kaugus põhijõe suudmest (km)
EELIS/PostgREST,f_veekogumid_jvv_veekogu,vv_pikkus3,number,double precision,,Vooluveekogu põhitelje pikkus (km)
EELIS/PostgREST,f_veekogumid_jvv_veekogu,vv_tx_alg_kirj,string,text,,Lähtekoha kirjeldus
EELIS/PostgREST,f_veekogumid_jvv_veekogu,vv_tx_suub_kirj,string,text,,Suubumiskoha kirjeldus
EELIS/PostgREST,f_veekogumid_jvv_veekogu,jv_laius,number,double precision,,Järve laius (m)
EELIS/PostgREST,f_veekogumid_jvv_veekogu,jv_pikkus,number,double precision,,Järve pikkus (m)
EELIS/PostgREST,f_veekogumid_jvv_veekogu,jv_kaldaj,number,double precision,,Kaldajoone pikkus (m)
EELIS/PostgREST,f_veekogumid_jvv_veekogu,jv_maht,number,double precision,,Maht (tuh m³)
EELIS/PostgREST,f_veekogumid_jvv_veekogu,jv_kalda_liigend,number,double precision,,Kalda liigendatus
EELIS/PostgREST,f_veekogumid_jvv_veekogu,jv_veevahetus,number,double precision,,Veevahetus (korda aastas)
EELIS/PostgREST,f_veekogumid_jvv_veekogu,jv_on_umbjarv,boolean,boolean,,On umbjärv
EELIS/PostgREST,f_veekogumid_jvv_veekogu,jv_limn_tyyp,string,text,,Limnoloogiline tüüp
EELIS/PostgREST,f_veekogumid_jvv_veekogu,jv_limn_tyyp_selg,string,text,,Limnoloogiline tüüp selgitus
EELIS/PostgREST,f_veekogumid_jvv_veekogu,jv_veevah_skaala,string,text,,Veevahetuse skaala (järv)
EELIS/PostgREST,f_veekogumid_jvv_veekogu,jv_veevah_skaala_selg,string,text,,Veevahetus skaala (järv) selgitus
EELIS/PostgREST,f_veekogumid_jvv_veekogu,jv_labiv_id,integer,integer,,Läbivoolav veekogu
EELIS/PostgREST,f_veekogumid_jvv_veekogu,jv_labiv_selg,string,text,,Läbivoolav veekogu nimi
EELIS/PostgREST,f_veekogumid_jvv_veekogu,jv_labiv_kkr,string,text,,Läbivoolav veekogu kkr kood
EELIS/PostgREST,f_veekogumid_jvv_veekogu,me_grupp_id,integer,integer,,Kuulub mereala juurde
EELIS/PostgREST,f_veekogumid_jvv_veekogu,me_grupp_selg,string,text,,Mereala nimi
EELIS/PostgREST,f_veekogumid_jvv_veekogu,me_grupp_kkr,string,text,,Mereala kkr kood
EELIS/PostgREST,f_veekogumid_jvv_veekogu,al_tundlik_ala_id,integer,integer,,Asub olulisel allika- või karstialal
EELIS/PostgREST,f_veekogumid_jvv_veekogu,tundlik_ala_selg,string,text,,Allika- või karstiala nimi
EELIS/PostgREST,f_veekogumid_jvv_veekogu,tundlik_ala_kkr,string,text,,Allika- või karstiala kkr kood
EELIS/PostgREST,f_veekogumid_jvv_veekogu,kesk_x,number,double precision,,Veekogu tsentroidi x-koordinaat
EELIS/PostgREST,f_veekogumid_jvv_veekogu,kesk_y,number,double precision,,Veekogu tsentroidi y-koordinaat
EELIS/PostgREST,f_veekogumid_jvv_veekogu,muut_staatus,string,text,,Menetlusfaas
EELIS/PostgREST,f_veekogumid_jvv_veekogu,muut_staatus_selg,string,text,,Menetlusfaas selgitus
EELIS/PostgREST,f_veekogumid_jvv_veekogu,muut_aeg,string,timestamp without time zone,,Viimase muutmise aeg
EELIS/PostgREST,f_veekogumid_jvv_veekogu,ehak_tekst,string,text,,EHAK koondinfo
EELIS/PostgREST,f_veekogumid_jvv_veekogu,ehak_kood1,string,text,,EHAK kood maakond
EELIS/PostgREST,f_veekogumid_jvv_veekogu,ehak_kood2,string,text,,EHAK kood vald
EELIS/PostgREST,f_veekogumid_jvv_veekogu,ehak_kood3,string,text,,EHAK alamtase
EELIS/PostgREST,f_veekogumid_jvv_veekogu,veekogum_id,integer,integer,,Veekogum ID  Note: This is a Foreign Key to `f_veekogumid.id`.<fk table='f_veekogumid' column='id'/>
EELIS/PostgREST,f_veekogumid_kandealus,kand_id,integer,integer,,Kandealus ID
EELIS/PostgREST,f_veekogumid_kandealus,kand_kood,string,text,,Kandealus kood
EELIS/PostgREST,f_veekogumid_kandealus,kand_tyyp,string,text,,Kandealus tüüp
EELIS/PostgREST,f_veekogumid_kandealus,kand_tyyp_selg,string,text,,Kandealus tüüp selgitus
EELIS/PostgREST,f_veekogumid_kandealus,kand_nimi,string,text,,Kandealus nimi
EELIS/PostgREST,f_veekogumid_kandealus,kand_obj_tyyp,string,text,,Objekti tüüp (kandealus)
EELIS/PostgREST,f_veekogumid_kandealus,kand_obj_tyyp_selg,string,text,,Objekti tüüp selgitus (kandealus)
EELIS/PostgREST,f_veekogumid_kandealus,kand_kpv,string,timestamp without time zone,,Kandealus kuupäev
EELIS/PostgREST,f_veekogumid_kandealus,kand_alusdok_id,integer,integer,,Alusdokumendi ID 
EELIS/PostgREST,f_veekogumid_kandealus,kand_alusdok_nimi,string,text,,Alusdokumendi nimi
EELIS/PostgREST,f_veekogumid_kandealus,kand_alusdok_alg_kehtib,string,timestamp without time zone,,Alusdokumendi kehtib alates kuupäev
EELIS/PostgREST,f_veekogumid_kandealus,kand_aruanne_id,integer,integer,,Aruanne
EELIS/PostgREST,f_veekogumid_kandealus,kand_aruanne_nimi,string,text,,Aruande nimi
EELIS/PostgREST,f_veekogumid_kandealus,kand_aruanne_aasta,integer,integer,,Aruande aasta
EELIS/PostgREST,f_veekogumid_kandealus,kand_esitamise_viis,string,text,,Esitamise viis
EELIS/PostgREST,f_veekogumid_kandealus,kand_esit_viis_selg,string,text,,Esitamise viis selgitus
EELIS/PostgREST,f_veekogumid_kandealus,kand_dok_kpv,string,timestamp without time zone,,Kandealus dokumendi kuupäev
EELIS/PostgREST,f_veekogumid_kandealus,kand_tx_lisainfo,string,text,,Lisainfo (kandealus)
EELIS/PostgREST,f_veekogumid_kandealus,kand_muut_aeg,string,timestamp without time zone,,Viimase muutmise aeg (kandealus)
EELIS/PostgREST,f_veekogumid_kandealus,veekogum_id,integer,integer,,Veekogum ID  Note: This is a Foreign Key to `f_veekogumid.id`.<fk table='f_veekogumid' column='id'/>
EELIS/PostgREST,f_veekogumid_kirjandus,kirj_seose_id,integer,integer,,Kirjandus seose ID
EELIS/PostgREST,f_veekogumid_kirjandus,kirj_id,integer,integer,,Kirjandus ID
EELIS/PostgREST,f_veekogumid_kirjandus,tyyp,string,text,,Tüüp
EELIS/PostgREST,f_veekogumid_kirjandus,kirjandus_tyyp_selg,string,text,,Kirjandus tüübi selgitus
EELIS/PostgREST,f_veekogumid_kirjandus,kuulub_id,integer,integer,,Kuulub
EELIS/PostgREST,f_veekogumid_kirjandus,kirj_nimi_sari,string,text,,Sarja nimi
EELIS/PostgREST,f_veekogumid_kirjandus,kirj_nimi,string,text,,Teose nimi
EELIS/PostgREST,f_veekogumid_kirjandus,kirj_artikkel,string,text,,Artikkel
EELIS/PostgREST,f_veekogumid_kirjandus,kirj_tx_viide,string,text,,Kirjanduse viide
EELIS/PostgREST,f_veekogumid_kirjandus,kirj_autor,string,text,,Teose autor
EELIS/PostgREST,f_veekogumid_kirjandus,kirj_fjisik_nimi,string,text,,Autori ees- ja perekonnanimi
EELIS/PostgREST,f_veekogumid_kirjandus,kirj_fjisik_nimetus,string,text,,Nimetus
EELIS/PostgREST,f_veekogumid_kirjandus,valjaandja,string,text,,Teose väljaandja
EELIS/PostgREST,f_veekogumid_kirjandus,valjaandja_id,integer,integer,,Teose väljaandja ID
EELIS/PostgREST,f_veekogumid_kirjandus,aeg_kp,string,timestamp without time zone,,Avaldamise kuupäev (kirjandus)
EELIS/PostgREST,f_veekogumid_kirjandus,kirj_aeg_aasta,integer,integer,,Avaldamise aasta (kirjandus)
EELIS/PostgREST,f_veekogumid_kirjandus,aeg_kuu,integer,integer,,Avaldamise kuu (kirjandus)
EELIS/PostgREST,f_veekogumid_kirjandus,teema,string,text,,Kirjanduse teemad
EELIS/PostgREST,f_veekogumid_kirjandus,url,string,text,,Kirjanduse link
EELIS/PostgREST,f_veekogumid_kirjandus,tx_kirjeldus,string,text,,Teose kirjeldus
EELIS/PostgREST,f_veekogumid_kirjandus,tx_litsents,string,text,,Teose litsents
EELIS/PostgREST,f_veekogumid_kirjandus,sisu_tyyp,string,text,,Sisu tüüp
EELIS/PostgREST,f_veekogumid_kirjandus,sisu_tyyp_selg,string,text,,Sisu tüübi selgitus
EELIS/PostgREST,f_veekogumid_kirjandus,tx_sisu,string,text,,Kirjanduse sisu
EELIS/PostgREST,f_veekogumid_kirjandus,kirj_muut_aeg,string,timestamp without time zone,,Viimase muutmise aeg (kirjandus)
EELIS/PostgREST,f_veekogumid_kirjandus,veekogum_id,integer,integer,,Veekogum ID  Note: This is a Foreign Key to `f_veekogumid.id`.<fk table='f_veekogumid' column='id'/>
EELIS/PostgREST,f_veekogumid_koormus,koormus_id,integer,integer,,Koormus ID
EELIS/PostgREST,f_veekogumid_koormus,koormus_kood,string,text,,Kood (koormus)
EELIS/PostgREST,f_veekogumid_koormus,koormus_nimi,string,text,,Nimi (koormus)
EELIS/PostgREST,f_veekogumid_koormus,koormus_tyyp,string,text,,Koormus tüüp
EELIS/PostgREST,f_veekogumid_koormus,koormus_tyyp_selg,string,text,,Koormus tüüp selgitus
EELIS/PostgREST,f_veekogumid_koormus,hinnang_moju,string,text,,Koormuse hinnangu mõju
EELIS/PostgREST,f_veekogumid_koormus,hinnang_moju_selg,string,text,,Koormuse hinnangu mõju selgitus
EELIS/PostgREST,f_veekogumid_koormus,koormus_veekogum_id,integer,integer,,Veekogum ID (koormus)  Note: This is a Foreign Key to `f_veekogumid.id`.<fk table='f_veekogumid' column='id'/>
EELIS/PostgREST,f_veekogumid_koormus,naitaja,string,text,,Koormuse näitaja
EELIS/PostgREST,f_veekogumid_koormus,naitaja_selg,string,text,,Koormuse näitja selgitus
EELIS/PostgREST,f_veekogumid_koormus,olulisus,string,text,,Olulisus
EELIS/PostgREST,f_veekogumid_koormus,olulisus_selg,string,text,,Olulisus selgitus
EELIS/PostgREST,f_veekogumid_koormus,pohjus,string,text,,Põhjus
EELIS/PostgREST,f_veekogumid_koormus,pohjus_selg,string,text,,Põhjus selgitus
EELIS/PostgREST,f_veekogumid_koormus,koormus_staatus,string,text,,Koormus staatus
EELIS/PostgREST,f_veekogumid_koormus,koormus_staatus_selg,string,text,,Koormus staatus selgitus
EELIS/PostgREST,f_veekogumid_koormus,koormus_alg_aasta,integer,integer,,Algus aasta (koormus)
EELIS/PostgREST,f_veekogumid_koormus,koormus_lopp_aasta,integer,integer,,Lõpp aasta (koormus)
EELIS/PostgREST,f_veekogumid_koormus,koormus_tx_meede,string,text,,Meede (koormus)
EELIS/PostgREST,f_veekogumid_koormus,koormus_tx_lisainfo,string,text,,Lisainfo (koormus)
EELIS/PostgREST,f_veekogumid_koormus,koormus_obj_tyyp,string,text,,Objekti tüüp (koormus)
EELIS/PostgREST,f_veekogumid_koormus,koormus_obj_id,integer,integer,,Obekti ID (koormus)
EELIS/PostgREST,f_veekogumid_koormus,koormus_ly,integer,integer,,Koormus (loomühikut)
EELIS/PostgREST,f_veekogumid_koormus,koormus_min_ha,number,numeric,,Põllumaa (ha min)
EELIS/PostgREST,f_veekogumid_koormus,koormus_max_ha,number,numeric,,Põllumaa (ha max)
EELIS/PostgREST,f_veekogumid_koormus,tx_hajureostus,string,text,,Hajureostuse kirjeldus
EELIS/PostgREST,f_veekogumid_koormus,koormus_muut_aeg,string,timestamp without time zone,,Muutmise aeg (koormus)
EELIS/PostgREST,f_veekogumid_naitaja,vkmn_id,integer,integer,,VKM naitaja ID
EELIS/PostgREST,f_veekogumid_naitaja,veekogum_id,integer,integer,,Veekogum ID  Note: This is a Foreign Key to `f_veekogumid.id`.<fk table='f_veekogumid' column='id'/>
EELIS/PostgREST,f_veekogumid_naitaja,aasta,integer,integer,,VKM näitaja aasta
EELIS/PostgREST,f_veekogumid_naitaja,vkmn_tyyp,string,text,,VKM näitaja tüüp
EELIS/PostgREST,f_veekogumid_naitaja,vkmn_tyyp_selg,string,text,,VKM näitaja tüüp selgitus
EELIS/PostgREST,f_veekogumid_naitaja,vkmn_staatus,string,text,,VKM näitaja staatus
EELIS/PostgREST,f_veekogumid_naitaja,vkmn_staatus_selg,string,text,,VKM näitaja staatus selgitus
EELIS/PostgREST,f_veekogumid_naitaja,exemption,string,text,,VKM nätaja erandid
EELIS/PostgREST,f_veekogumid_naitaja,exemption_selg,string,text,,VKM nätaja erandid selgitus
EELIS/PostgREST,f_veekogumid_naitaja,vkm_naitaja_koormus,string,text,,VKM näitaja koormus
EELIS/PostgREST,f_veekogumid_naitaja,vkmn_tx_lisainfo,string,text,,VKM näitaja lisainfo
EELIS/PostgREST,f_veekogumid_naitaja,vkmn_muut_aeg,string,timestamp without time zone,,VKM näitaja viimase muutmise aeg
EELIS/PostgREST,f_veekogumid_pais,id,integer,integer,,ID
EELIS/PostgREST,f_veekogumid_pais,kood,string,text,,Kood
EELIS/PostgREST,f_veekogumid_pais,keht_staatus,string,text,,Kehtivuse staatus
EELIS/PostgREST,f_veekogumid_pais,staatus,string,text,,Staatus
EELIS/PostgREST,f_veekogumid_pais,staatus_selg,string,text,,Staatuse selgitus
EELIS/PostgREST,f_veekogumid_pais,veekogu_klass,string,text,,Veekogu klass
EELIS/PostgREST,f_veekogumid_pais,klass_selg,string,text,,Veekogu klassi selgitus
EELIS/PostgREST,f_veekogumid_pais,lopp_aasta,integer,integer,,Lõppaasta
EELIS/PostgREST,f_veekogumid_pais,nimi,string,text,,Nimi
EELIS/PostgREST,f_veekogumid_pais,ehak_id,integer,integer,,Kohanimi
EELIS/PostgREST,f_veekogumid_pais,vooluveekogu_id,integer,integer,,Paisutav jõe ID
EELIS/PostgREST,f_veekogumid_pais,paisutatav_jogi_nimi,string,text,,Paisutava jõe nimi
EELIS/PostgREST,f_veekogumid_pais,paisutatav_jogi_kkr_kood,string,text,,Paisutava jõe KKR kood
EELIS/PostgREST,f_veekogumid_pais,paisutatav_jogi_keht_staatus,string,text,,Paisutava jõe kehtivuse staatus
EELIS/PostgREST,f_veekogumid_pais,jarv_id,integer,integer,,Paisjärv ID
EELIS/PostgREST,f_veekogumid_pais,paisjarv_nimi,string,text,,Paisjärve nimi
EELIS/PostgREST,f_veekogumid_pais,paisjarv_kkr_kood,string,text,,Paisjärve KKR kood
EELIS/PostgREST,f_veekogumid_pais,paisjarv_keht_staatus,string,text,,Paisjärve kehtivuse staatus
EELIS/PostgREST,f_veekogumid_pais,on_elupaikade_nimistus,boolean,boolean,,On kaitstavate elupaikade nimistus
EELIS/PostgREST,f_veekogumid_pais,tx_kalapaas,string,text,,Kalapääsu kirjeldus
EELIS/PostgREST,f_veekogumid_pais,kesk_x,number,double precision,,Paisu keskpunkti X-koordinaat
EELIS/PostgREST,f_veekogumid_pais,kesk_y,number,double precision,,Paisu keskpunkti Y-koordinaat
EELIS/PostgREST,f_veekogumid_pais,muut_aeg,string,timestamp without time zone,,Viimase muutmise aeg
EELIS/PostgREST,f_veekogumid_pais,ehak_tekst,string,text,,EHAK koondinfo
EELIS/PostgREST,f_veekogumid_pais,ehak_kood1,string,text,,EHAK kood maakond
EELIS/PostgREST,f_veekogumid_pais,ehak_kood2,string,text,,EHAK kood vald
EELIS/PostgREST,f_veekogumid_pais,ehak_kood3,string,text,,EHAK alamtase
EELIS/PostgREST,f_veekogumid_pais,veekogum_id,integer,integer,,Veekogum ID  Note: This is a Foreign Key to `f_veekogumid.id`.<fk table='f_veekogumid' column='id'/>
EELIS/PostgREST,f_veekogumid_pohjaveekogum,id,integer,integer,,Id
EELIS/PostgREST,f_veekogumid_pohjaveekogum,keht_staatus,string,text,,Kehtivuse staatus
EELIS/PostgREST,f_veekogumid_pohjaveekogum,kood,string,text,,Kood
EELIS/PostgREST,f_veekogumid_pohjaveekogum,kood_eu,string,text,,EU kood
EELIS/PostgREST,f_veekogumid_pohjaveekogum,kood_maarus,string,text,,Kood määruses
EELIS/PostgREST,f_veekogumid_pohjaveekogum,veekompleks_id,integer,integer,,Veekompleks
EELIS/PostgREST,f_veekogumid_pohjaveekogum,veekompleks_nimi,string,text,,Veekompleks nimi
EELIS/PostgREST,f_veekogumid_pohjaveekogum,veekompleks_tyyp,string,text,,Veekompleks tüüp
EELIS/PostgREST,f_veekogumid_pohjaveekogum,veekompleks_kood,string,text,,Veekompleks kood
EELIS/PostgREST,f_veekogumid_pohjaveekogum,vesikond_id,integer,integer,,Vesikond
EELIS/PostgREST,f_veekogumid_pohjaveekogum,vesikond_selg,string,text,,Vesikond nimi
EELIS/PostgREST,f_veekogumid_pohjaveekogum,vesikond_kuulub_id,string,text,,Kuulub id (vesikond)
EELIS/PostgREST,f_veekogumid_pohjaveekogum,vesikond_kuulub_nimi,string,text,,Kuulub nimi (vesikond)
EELIS/PostgREST,f_veekogumid_pohjaveekogum,vesikond_kood_vrd,string,text,,Vesikond vrd kood
EELIS/PostgREST,f_veekogumid_pohjaveekogum,geol_ehitus,string,text,,Geoloogiline ehitus
EELIS/PostgREST,f_veekogumid_pohjaveekogum,geol_ehitus_selg,string,text,,Geoloogiline ehitus selgitus
EELIS/PostgREST,f_veekogumid_pohjaveekogum,nimi,string,text,,Nimi
EELIS/PostgREST,f_veekogumid_pohjaveekogum,nimi_lyhend,string,text,,Nime lühend
EELIS/PostgREST,f_veekogumid_pohjaveekogum,nimi_eng,string,text,,Nimi inglise k.
EELIS/PostgREST,f_veekogumid_pohjaveekogum,indeks,string,text,,Indeks
EELIS/PostgREST,f_veekogumid_pohjaveekogum,paiknevus,string,text,,Paiknevus
EELIS/PostgREST,f_veekogumid_pohjaveekogum,paiknevus_selg,string,text,,Paiknevus selgitus
EELIS/PostgREST,f_veekogumid_pohjaveekogum,aasta,integer,integer,,Aasta
EELIS/PostgREST,f_veekogumid_pohjaveekogum,alg_kp,string,timestamp without time zone,,Koodi kasutuse alg kp
EELIS/PostgREST,f_veekogumid_pohjaveekogum,lopp_kp,string,timestamp without time zone,,Koodi kasutuse lõpp kp
EELIS/PostgREST,f_veekogumid_pohjaveekogum,kesk_x,number,double precision,,Tsentroidi x-koordinaat LEST97
EELIS/PostgREST,f_veekogumid_pohjaveekogum,kesk_y,number,double precision,,Tsentroidi y-koordinaat LEST97
EELIS/PostgREST,f_veekogumid_pohjaveekogum,muut_aeg,string,timestamp without time zone,,Muutmise aeg
EELIS/PostgREST,f_veekogumid_pohjaveekogum,veekogum_id,integer,integer,,Veekogum ID  Note: This is a Foreign Key to `f_veekogumid.id`.<fk table='f_veekogumid' column='id'/>
EELIS/PostgREST,f_veekogumid_veehaare,id,integer,integer,,Id
EELIS/PostgREST,f_veekogumid_veehaare,tyyp,string,text,,Tüüp
EELIS/PostgREST,f_veekogumid_veehaare,tyyp_selg,string,text,,Tüüp selgitus
EELIS/PostgREST,f_veekogumid_veehaare,nimi,string,text,,Nimi
EELIS/PostgREST,f_veekogumid_veehaare,staatus,string,text,,Staatus
EELIS/PostgREST,f_veekogumid_veehaare,staatus_selg,string,text,,Staatus selgitus
EELIS/PostgREST,f_veekogumid_veehaare,keht_staatus,string,text,,Kehivuse staatus
EELIS/PostgREST,f_veekogumid_veehaare,lopp_aasta,integer,integer,,Kasutuse lõppaasta
EELIS/PostgREST,f_veekogumid_veehaare,ehak_id,integer,integer,,Kohanimi kood
EELIS/PostgREST,f_veekogumid_veehaare,ehak_nimi,string,text,,Kohanimi
EELIS/PostgREST,f_veekogumid_veehaare,kkr_kood,string,text,,KKR kood
EELIS/PostgREST,f_veekogumid_veehaare,kood_grupp,string,text,,Grupi kood
EELIS/PostgREST,f_veekogumid_veehaare,puhastamine,string,text,,Veetöötlus
EELIS/PostgREST,f_veekogumid_veehaare,puhastamine_selg,string,text,,Veetöötlus selgitus
EELIS/PostgREST,f_veekogumid_veehaare,veeliik,string,text,,Veeliik
EELIS/PostgREST,f_veekogumid_veehaare,veeliik_selg,string,text,,Veeliik selgitus
EELIS/PostgREST,f_veekogumid_veehaare,veekogu_id,integer,integer,,Veekogu
EELIS/PostgREST,f_veekogumid_veehaare,veekogu_selg,string,text,,Veekogu nimi
EELIS/PostgREST,f_veekogumid_veehaare,veekogu_kkr_kood,string,text,,Veekogu KKR kood
EELIS/PostgREST,f_veekogumid_veehaare,veekogu_tyyp_selg,string,text,,Veekogu tüüp selgitus
EELIS/PostgREST,f_veekogumid_veehaare,veekogu_keht_staatus,string,text,,Veekogu Kehivuse staatus
EELIS/PostgREST,f_veekogumid_veehaare,vesikond_id,integer,integer,,Vesikond
EELIS/PostgREST,f_veekogumid_veehaare,vesikond_selg,string,text,,Vesikond nimi
EELIS/PostgREST,f_veekogumid_veehaare,vesikond_kuulub_id,string,text,,Kuulub id (vesikond)
EELIS/PostgREST,f_veekogumid_veehaare,vesikond_kuulub_nimi,string,text,,Kuulub nimi (vesikond)
EELIS/PostgREST,f_veekogumid_veehaare,puhasti_id,integer,integer,,Puhasti
EELIS/PostgREST,f_veekogumid_veehaare,puhasti_selg,string,text,,Puhasti nimi
EELIS/PostgREST,f_veekogumid_veehaare,puhasti_kkr_kood,string,text,,Puhasti KKR kood
EELIS/PostgREST,f_veekogumid_veehaare,puhasti_meetod,string,text,,Puhasti meetod
EELIS/PostgREST,f_veekogumid_veehaare,kesk_x,number,double precision,,Tsentroidi x-koordinaat LEST97
EELIS/PostgREST,f_veekogumid_veehaare,kesk_y,number,double precision,,Tsentroidi y-koordinaat LEST97
EELIS/PostgREST,f_veekogumid_veehaare,muut_aeg,string,timestamp without time zone,,Viimase muutmise aeg
EELIS/PostgREST,f_veekogumid_veehaare,haldaja_id,string,text,,Veevärgi haldaja ID
EELIS/PostgREST,f_veekogumid_veehaare,haldaja_kood,string,text,,Haldaja ärireg kood
EELIS/PostgREST,f_veekogumid_veehaare,haldaja_nimetus,string,text,,Haldja nimetus
EELIS/PostgREST,f_veekogumid_veehaare,ehak_tekst,string,text,,EHAK koondinfo
EELIS/PostgREST,f_veekogumid_veehaare,ehak_kood1,string,text,,EHAK kood maakond
EELIS/PostgREST,f_veekogumid_veehaare,ehak_kood2,string,text,,EHAK kood vald
EELIS/PostgREST,f_veekogumid_veehaare,ehak_kood3,string,text,,EHAK alamtase
EELIS/PostgREST,f_veekogumid_veehaare,veekogum_id,integer,integer,,Veekogum ID  Note: This is a Foreign Key to `f_veekogumid.id`.<fk table='f_veekogumid' column='id'/>
EELIS/PostgREST,f_veekogumid_veekogu,id,integer,integer,,Veekogu id
EELIS/PostgREST,f_veekogumid_veekogu,kood,string,text,,Veekogu kood
EELIS/PostgREST,f_veekogumid_veekogu,tyyp,string,text,,Veekogu tüüp
EELIS/PostgREST,f_veekogumid_veekogu,tyyp_selg,string,text,,Veekogu tüüp selgitus
EELIS/PostgREST,f_veekogumid_veekogu,staatus,string,text,,Veekogu staatus
EELIS/PostgREST,f_veekogumid_veekogu,staatus_selg,string,text,,Veekogu staatus selgitus
EELIS/PostgREST,f_veekogumid_veekogu,keht_staatus,string,text,,Kehivuse staatus
EELIS/PostgREST,f_veekogumid_veekogu,nimi,string,text,,Veekogu nimi
EELIS/PostgREST,f_veekogumid_veekogu,kkr_kood,string,text,,KKR kood
EELIS/PostgREST,f_veekogumid_veekogu,muud_nimed,string,text,,Veekogu muud nimed
EELIS/PostgREST,f_veekogumid_veekogu,avalik_kasut,string,text,,Avalik kasutatavus
EELIS/PostgREST,f_veekogumid_veekogu,avalik_kasut_selg,string,text,,Avalik kasutatavus selgitus
EELIS/PostgREST,f_veekogumid_veekogu,vesikond_id,integer,integer,,Vesikond (VRD)
EELIS/PostgREST,f_veekogumid_veekogu,vesikond_selg,string,text,,Vesikond nimi
EELIS/PostgREST,f_veekogumid_veekogu,vesikond_kuulub_id,string,text,,Kuulub id(vesikond)
EELIS/PostgREST,f_veekogumid_veekogu,vesikond_kuulub_nimi,string,text,,Kuulub nimi (vesikond)
EELIS/PostgREST,f_veekogumid_veekogu,on_pandivere_pv,boolean,boolean,,Asub nitraaditundlikul alal
EELIS/PostgREST,f_veekogumid_veekogu,tx_lisainfo,string,text,,Lisainfo
EELIS/PostgREST,f_veekogumid_veekogu,valgla_suurus,string,text,,Valgala suurus
EELIS/PostgREST,f_veekogumid_veekogu,valgla_suurus_selg,string,text,,Valgala suurus selgitus
EELIS/PostgREST,f_veekogumid_veekogu,valgla_pindala,number,double precision,,Valgala pindala
EELIS/PostgREST,f_veekogumid_veekogu,valgla_aasta,integer,integer,,Valgala aasta
EELIS/PostgREST,f_veekogumid_veekogu,vee_pindala,number,double precision,,Veepeegli pindala
EELIS/PostgREST,f_veekogumid_veekogu,saarte_pindala,number,double precision,,Saarte pindala
EELIS/PostgREST,f_veekogumid_veekogu,saarte_arv,integer,integer,,Saarte arv
EELIS/PostgREST,f_veekogumid_veekogu,kesk_sygavus,number,double precision,,Keskmine sügavus
EELIS/PostgREST,f_veekogumid_veekogu,max_sygavus,number,double precision,,Maksimaalne sügavus
EELIS/PostgREST,f_veekogumid_veekogu,vrd_tyyp,string,text,,Veetüüp VRD
EELIS/PostgREST,f_veekogumid_veekogu,vrd_tyyp_selg,string,text,,Veetüüp VRD selgitus
EELIS/PostgREST,f_veekogumid_veekogu,tx_valgala,string,text,,Valgala kirjeldus
EELIS/PostgREST,f_veekogumid_veekogu,vv_latte_ehak_id,integer,integer,,Lätte EHAK
EELIS/PostgREST,f_veekogumid_veekogu,vv_latte_ehak_nimi,string,text,,Lätte EHAK nimi
EELIS/PostgREST,f_veekogumid_veekogu,vv_latte_tyyp,string,text,,Lätte tüüp
EELIS/PostgREST,f_veekogumid_veekogu,vv_latte_tyyp_selg,string,text,,Lätte tüüp selgitus
EELIS/PostgREST,f_veekogumid_veekogu,vv_latte_id,integer,integer,,Lätte veekogu
EELIS/PostgREST,f_veekogumid_veekogu,vv_latte_selg,string,text,,Lätte veekogu nimi
EELIS/PostgREST,f_veekogumid_veekogu,vv_latte_kkr,string,text,,Lätte veekogu kkr
EELIS/PostgREST,f_veekogumid_veekogu,vv_latte_x,number,double precision,,Lätte X
EELIS/PostgREST,f_veekogumid_veekogu,vv_latte_y,number,double precision,,Lätte Y
EELIS/PostgREST,f_veekogumid_veekogu,vv_suub_ehak_id,integer,integer,,Suubla EHAK
EELIS/PostgREST,f_veekogumid_veekogu,vv_suub_ehak_selg,string,text,,Suubla EHAK nimi
EELIS/PostgREST,f_veekogumid_veekogu,vv_suub_tyyp,string,text,,Suubumise tüüp
EELIS/PostgREST,f_veekogumid_veekogu,vv_suub_tyyp_selg,string,text,,Suubumise tüüp selgitus
EELIS/PostgREST,f_veekogumid_veekogu,vv_suub_id,integer,integer,,Suubub veekogusse
EELIS/PostgREST,f_veekogumid_veekogu,vv_suub_selg,string,text,,Suubub veekogusse nimi
EELIS/PostgREST,f_veekogumid_veekogu,vv_suub_kkr,string,text,,Suubub veekogusse kkr
EELIS/PostgREST,f_veekogumid_veekogu,vv_suub_x,number,double precision,,Suubla X
EELIS/PostgREST,f_veekogumid_veekogu,vv_suub_y,number,double precision,,Suubla Y
EELIS/PostgREST,f_veekogumid_veekogu,vv_suub_jark,integer,integer,,Suubumise järk
EELIS/PostgREST,f_veekogumid_veekogu,vv_suub_suudmest,number,double precision,,Suubumiskoha kaugus põhijõe suudmest (km)
EELIS/PostgREST,f_veekogumid_veekogu,vv_pikkus3,number,double precision,,Vooluveekogu põhitelje pikkus (km)
EELIS/PostgREST,f_veekogumid_veekogu,vv_tx_alg_kirj,string,text,,Lähtekoha kirjeldus
EELIS/PostgREST,f_veekogumid_veekogu,vv_tx_suub_kirj,string,text,,Suubumiskoha kirjeldus
EELIS/PostgREST,f_veekogumid_veekogu,jv_laius,number,double precision,,Järve laius (m)
EELIS/PostgREST,f_veekogumid_veekogu,jv_pikkus,number,double precision,,Järve pikkus (m)
EELIS/PostgREST,f_veekogumid_veekogu,jv_kaldaj,number,double precision,,Kaldajoone pikkus (m)
EELIS/PostgREST,f_veekogumid_veekogu,jv_maht,number,double precision,,Maht (tuh m³)
EELIS/PostgREST,f_veekogumid_veekogu,jv_kalda_liigend,number,double precision,,Kalda liigendatus
EELIS/PostgREST,f_veekogumid_veekogu,jv_veevahetus,number,double precision,,Veevahetus (korda aastas)
EELIS/PostgREST,f_veekogumid_veekogu,jv_on_umbjarv,boolean,boolean,,On umbjärv
EELIS/PostgREST,f_veekogumid_veekogu,jv_limn_tyyp,string,text,,Limnoloogiline tüüp
EELIS/PostgREST,f_veekogumid_veekogu,jv_limn_tyyp_selg,string,text,,Limnoloogiline tüüp selgitus
EELIS/PostgREST,f_veekogumid_veekogu,jv_veevah_skaala,string,text,,Veevahetuse skaala (järv)
EELIS/PostgREST,f_veekogumid_veekogu,jv_veevah_skaala_selg,string,text,,Veevahetus skaala (järv) selgitus
EELIS/PostgREST,f_veekogumid_veekogu,jv_labiv_id,integer,integer,,Läbivoolav veekogu
EELIS/PostgREST,f_veekogumid_veekogu,jv_labiv_selg,string,text,,Läbivoolav veekogu nimi
EELIS/PostgREST,f_veekogumid_veekogu,jv_labiv_kkr,string,text,,Läbivoolav veekogu kkr kood
EELIS/PostgREST,f_veekogumid_veekogu,me_grupp_id,integer,integer,,Kuulub mereala juurde
EELIS/PostgREST,f_veekogumid_veekogu,me_grupp_selg,string,text,,Mereala nimi
EELIS/PostgREST,f_veekogumid_veekogu,me_grupp_kkr,string,text,,Mereala kkr kood
EELIS/PostgREST,f_veekogumid_veekogu,al_tundlik_ala_id,integer,integer,,Asub olulisel allika- või karstialal
EELIS/PostgREST,f_veekogumid_veekogu,tundlik_ala_selg,string,text,,Allika- või karstiala nimi
EELIS/PostgREST,f_veekogumid_veekogu,tundlik_ala_kkr,string,text,,Allika- või karstiala kkr kood
EELIS/PostgREST,f_veekogumid_veekogu,kesk_x,number,double precision,,Veekogu tsentroidi x-koordinaat
EELIS/PostgREST,f_veekogumid_veekogu,kesk_y,number,double precision,,Veekogu tsentroidi y-koordinaat
EELIS/PostgREST,f_veekogumid_veekogu,muut_staatus,string,text,,Menetlusfaas
EELIS/PostgREST,f_veekogumid_veekogu,muut_staatus_selg,string,text,,Menetlusfaas selgitus
EELIS/PostgREST,f_veekogumid_veekogu,muut_aeg,string,timestamp without time zone,,Viimase muutmise aeg
EELIS/PostgREST,f_veekogumid_veekogu,ehak_tekst,string,text,,EHAK koondinfo
EELIS/PostgREST,f_veekogumid_veekogu,ehak_kood1,string,text,,EHAK kood maakond
EELIS/PostgREST,f_veekogumid_veekogu,ehak_kood2,string,text,,EHAK kood vald
EELIS/PostgREST,f_veekogumid_veekogu,ehak_kood3,string,text,,EHAK alamtase
EELIS/PostgREST,f_veekogumid_veekogu,veekogum_id,integer,integer,,Veekogum ID  Note: This is a Foreign Key to `f_veekogumid.id`.<fk table='f_veekogumid' column='id'/>
EELIS/PostgREST,f_veekogumid_veekogum_seis,id,integer,integer,,ID
EELIS/PostgREST,f_veekogumid_veekogum_seis,vkm_id,integer,integer,,Veekogum  Note: This is a Foreign Key to `f_veekogumid.id`.<fk table='f_veekogumid' column='id'/>
EELIS/PostgREST,f_veekogumid_veekogum_seis,aasta,string,text,,Aasta
EELIS/PostgREST,f_veekogumid_veekogum_seis,kood,string,text,,Kood
EELIS/PostgREST,f_veekogumid_veekogum_seis,tyyp,string,text,,Tüüp
EELIS/PostgREST,f_veekogumid_veekogum_seis,vkmseis_tyyp_selg,string,text,,Tüübi selgitus
EELIS/PostgREST,f_veekogumid_veekogum_seis,staatus,string,text,,Eesmärgi saavutamine
EELIS/PostgREST,f_veekogumid_veekogum_seis,vkmseis_staatus_selg,string,text,,Eesmärgi saavutamise selgitus
EELIS/PostgREST,f_veekogumid_veekogum_seis,usaldus_kese,string,text,,KESE usaldusväärsus
EELIS/PostgREST,f_veekogumid_veekogum_seis,vkmseis_usaldus_kese_selg,string,text,,KESE usaldusväärsuse selgitus
EELIS/PostgREST,f_veekogumid_veekogum_seis,usaldus_ose,string,text,,ÖSE usaldusväärsus
EELIS/PostgREST,f_veekogumid_veekogum_seis,vkmseis_usaldus_ose_selg,string,text,,ÖSE usaldusväärsuse selgitus
EELIS/PostgREST,f_veekogumid_veekogum_seis,seis,string,text,,Koondhinnang
EELIS/PostgREST,f_veekogumid_veekogum_seis,seis_selg,string,text,,Koondhinnangu selgitus
EELIS/PostgREST,f_veekogumid_veekogum_seis,seis_ose,string,text,,ÖSE koondhinnang
EELIS/PostgREST,f_veekogumid_veekogum_seis,seis_ose_selg,string,text,,ÖSE koondhinnangu selgitus
EELIS/PostgREST,f_veekogumid_veekogum_seis,seis_kese,string,text,,KESE koondhinnang
EELIS/PostgREST,f_veekogumid_veekogum_seis,seis_kese_selg,string,text,,KESE koondhinnangu selgitus
EELIS/PostgREST,f_veekogumid_veekogum_seis,seis_hymo,string,text,,HÜMO koondhinnang
EELIS/PostgREST,f_veekogumid_veekogum_seis,seis_hymo_selg,string,text,,HÜMO koondhinnangu selgitus
EELIS/PostgREST,f_veekogumid_veekogum_seis,seis_hymo_reziim,string,text,,HÜMO hüdroloogiline režiim
EELIS/PostgREST,f_veekogumid_veekogum_seis,seis_hymo_reziim_selg,string,text,,HÜMO hüdroloogiline režiimi selgitus
EELIS/PostgREST,f_veekogumid_veekogum_seis,seis_hymo_tokestatus,string,text,,HÜMO voolusängi sidusus
EELIS/PostgREST,f_veekogumid_veekogum_seis,seis_hymo_tokestatus_selg,string,text,,HÜMO voolusängi sidususe selgitus
EELIS/PostgREST,f_veekogumid_veekogum_seis,seis_hymo_looklevus,string,text,,HÜMO morfoloogilised tingimused
EELIS/PostgREST,f_veekogumid_veekogum_seis,seis_hymo_looklevus_selg,string,text,,HÜMO morfoloogilised tingimuste selgitused
EELIS/PostgREST,f_veekogumid_veekogum_seis,seis_fyke,string,text,,FÜKE koondhinnang
EELIS/PostgREST,f_veekogumid_veekogum_seis,seis_fyke_selg,string,text,,FÜKE koondhinnangu selgitus
EELIS/PostgREST,f_veekogumid_veekogum_seis,seis_fyke_nyld,string,text,,FÜKE üldlämmastiku hinnang
EELIS/PostgREST,f_veekogumid_veekogum_seis,seis_fyke_nyld_selg,string,text,,FÜKE üldlämmastiku hinnangu selgitus
EELIS/PostgREST,f_veekogumid_veekogum_seis,seis_fyke_pyld,string,text,,FÜKE üldfosfori hinnang
EELIS/PostgREST,f_veekogumid_veekogum_seis,seis_fyke_pyld_selg,string,text,,FÜKE üldfosfori hinnangu selgitus
EELIS/PostgREST,f_veekogumid_veekogum_seis,seis_spets,string,text,,SPETS koondhinnang
EELIS/PostgREST,f_veekogumid_veekogum_seis,seis_spets_selg,string,text,,SPETS koondhinnangu selgitus
EELIS/PostgREST,f_veekogumid_veekogum_seis,seis_kala,string,text,,KALA koondhinnang
EELIS/PostgREST,f_veekogumid_veekogum_seis,seis_kala_selg,string,text,,KALA koondhinnangu selgitus
EELIS/PostgREST,f_veekogumid_veekogum_seis,seis_suse,string,text,,SUSE koondhinnang
EELIS/PostgREST,f_veekogumid_veekogum_seis,seis_suse_selg,string,text,,SUSE koondhinnangu selgitus
EELIS/PostgREST,f_veekogumid_veekogum_seis,seis_fybe,string,text,,FÜBE koondhinnang
EELIS/PostgREST,f_veekogumid_veekogum_seis,seis_fybe_selg,string,text,,FÜBE koondhinnangu selgitus
EELIS/PostgREST,f_veekogumid_veekogum_seis,seis_fypla,string,text,,FÜPLA koondhinnang
EELIS/PostgREST,f_veekogumid_veekogum_seis,seis_fypla_selg,string,text,,FÜPLA koondhinnangu selgitus
EELIS/PostgREST,f_veekogumid_veekogum_seis,seis_mafy,string,text,,MAFÜ koondhinnang
EELIS/PostgREST,f_veekogumid_veekogum_seis,seis_mafy_selg,string,text,,MAFÜ koondhinnangu slegitus
EELIS/PostgREST,f_veekogumid_veekogum_seis,seis_mafy_fybe,string,text,,MAFÜ+FÜBE koondhinnang
EELIS/PostgREST,f_veekogumid_veekogum_seis,seis_mafy_fybe_selg,string,text,,MAFÜ+FÜBE koondhinnangu selgitus
EELIS/PostgREST,f_veekogumid_veekogum_seis,ose_naitaja,string,text,,ÖSE mittehea näitaja
EELIS/PostgREST,f_veekogumid_veekogum_seis,ose_naitaja_selg,string,text,,ÖSE mittehea näitaja selgitus
EELIS/PostgREST,f_veekogumid_veekogum_seis,ose_pohjus,string,text,,ÖSE põhjus
EELIS/PostgREST,f_veekogumid_veekogum_seis,ose_pohjus_selg,string,text,,ÖSE põhjuse selgitus
EELIS/PostgREST,f_veekogumid_veekogum_seis,kese_naitaja,string,text,,KESE mittehea näitaja
EELIS/PostgREST,f_veekogumid_veekogum_seis,kese_naitaja_selg,string,text,,KESE mittehea näitaja selgitus
EELIS/PostgREST,f_veekogumid_veekogum_seis,kese_pohjus,string,text,,KESE põhjus
EELIS/PostgREST,f_veekogumid_veekogum_seis,kese_pohjus_selg,string,text,,KESE põhjuse selgitus
EELIS/PostgREST,f_veekogumid_veekogum_seis,fyke_nyld,number,numeric,,FÜKE üldlämmastik (mg/l)
EELIS/PostgREST,f_veekogumid_veekogum_seis,fyke_pyld,number,numeric,,FÜKE üldfosfor (mg/l)
EELIS/PostgREST,f_veekogumid_veekogum_seis,tx_lisainfo,string,text,,Lisainfo
EELIS/PostgREST,f_veekogumid_veekogum_seis,keht_staatus,string,text,,Kehtivuse staatus
EELIS/PostgREST,f_veekogumid_veekogum_seis,muut_staatus,string,text,,Menetlusfaas
EELIS/PostgREST,f_veekogumid_veekogum_seis,vmkseis_muut_staatus_selg,string,text,,Menetlusfaasi selgitus
EELIS/PostgREST,f_veekogumid_veekogum_seis,muut_aeg,string,timestamp without time zone,,Viimase muutmise aeg
EELIS/PostgREST,f_veekogumid_veelase,id,integer,integer,,Id
EELIS/PostgREST,f_veekogumid_veelase,kood,string,text,,Kood
EELIS/PostgREST,f_veekogumid_veelase,tyyp,string,text,,Tüüp
EELIS/PostgREST,f_veekogumid_veelase,tyyp_selg,string,text,,Tüüp selgitus
EELIS/PostgREST,f_veekogumid_veelase,nimi,string,text,,Nimi
EELIS/PostgREST,f_veekogumid_veelase,staatus,string,text,,Staatus
EELIS/PostgREST,f_veekogumid_veelase,staatus_selg,string,text,,Staatus selgitus
EELIS/PostgREST,f_veekogumid_veelase,lopp_aasta,integer,integer,,Kasutuse lõppaasta
EELIS/PostgREST,f_veekogumid_veelase,kkr_kood,string,text,,KKR kood
EELIS/PostgREST,f_veekogumid_veelase,keht_staatus,string,text,,Kehtivuse staatus
EELIS/PostgREST,f_veekogumid_veelase,ehak_id,integer,integer,,Kohanimi ID
EELIS/PostgREST,f_veekogumid_veelase,ehak_nimi,string,text,,Kohanimi
EELIS/PostgREST,f_veekogumid_veelase,veekogu_id,integer,integer,,Veekogu
EELIS/PostgREST,f_veekogumid_veelase,veekogu_selg,string,text,,veeogu nimi
EELIS/PostgREST,f_veekogumid_veelase,veekogud_kkr_kood,string,text,,Veekogu KKR kood
EELIS/PostgREST,f_veekogumid_veelase,reoveeala_id,integer,integer,,Reoveekogumisala
EELIS/PostgREST,f_veekogumid_veelase,reoveeala_selg,string,text,,Reoveekogumisala nimi
EELIS/PostgREST,f_veekogumid_veelase,reoveeala_kkr_kood,string,text,,Reoveekogumisala KKR kood
EELIS/PostgREST,f_veekogumid_veelase,puhasti_id,integer,integer,,Puhasti
EELIS/PostgREST,f_veekogumid_veelase,puhasti_selg,string,text,,Puhasti nimi
EELIS/PostgREST,f_veekogumid_veelase,vesikond_id,integer,integer,,Vesikond
EELIS/PostgREST,f_veekogumid_veelase,vesikond_selg,string,text,,Vesikond nimi
EELIS/PostgREST,f_veekogumid_veelase,vesikond_kuulub_id,string,text,,Kuulub id(vesikond)
EELIS/PostgREST,f_veekogumid_veelase,vesikond_kuulub_nimi,string,text,,Kuulub nimi (vesikond)
EELIS/PostgREST,f_veekogumid_veelase,suudmest,integer,integer,,Kaugus suudmest m
EELIS/PostgREST,f_veekogumid_veelase,vee_kood,string,text,,Vee tüübi kood
EELIS/PostgREST,f_veekogumid_veelase,vee_kood_selg,string,text,,Vee tüübi kood selgitus
EELIS/PostgREST,f_veekogumid_veelase,on_taaskasutatav,boolean,boolean,,On taaskasutatav
EELIS/PostgREST,f_veekogumid_veelase,muut_aeg,string,timestamp without time zone,,Muutmise aeg
EELIS/PostgREST,f_veekogumid_veelase,haldaja_id,string,text,,Veevärgi haldaja ID
EELIS/PostgREST,f_veekogumid_veelase,haldaja_kood,string,text,,Haldaja ärireg kood
EELIS/PostgREST,f_veekogumid_veelase,haldaja_selg,string,text,,Haldja nimetus
EELIS/PostgREST,f_veekogumid_veelase,kesk_x,number,double precision,,Tsentroidi x-koordinaat LEST97
EELIS/PostgREST,f_veekogumid_veelase,kesk_y,number,double precision,,Tsentroidi y-koordinaat LEST97
EELIS/PostgREST,f_veekogumid_veelase,ehak_tekst,string,text,,EHAK koondinfo
EELIS/PostgREST,f_veekogumid_veelase,ehak_kood1,string,text,,EHAK kood maakond
EELIS/PostgREST,f_veekogumid_veelase,ehak_kood2,string,text,,EHAK kood vald
EELIS/PostgREST,f_veekogumid_veelase,ehak_kood3,string,text,,EHAK alamtase
EELIS/PostgREST,f_veekogumid_veelase,veekogum_id,integer,integer,,Veekogum ID  Note: This is a Foreign Key to `f_veekogumid.id`.<fk table='f_veekogumid' column='id'/>
EELIS/PostgREST,f_veekogumid_vesikond,vesikond_id,integer,integer,,Vesikond ID
EELIS/PostgREST,f_veekogumid_vesikond,vesikond_id_text,string,text,,Vesikond ID (tekst)
EELIS/PostgREST,f_veekogumid_vesikond,vesikond_kood_vrd,string,text,,Vesikond vrd kood
EELIS/PostgREST,f_veekogumid_vesikond,vesikond_tyyp,string,text,,Vesikond tüüp
EELIS/PostgREST,f_veekogumid_vesikond,vesikond_tyyp_selg,string,text,,Vesikond tüüp selgitus
EELIS/PostgREST,f_veekogumid_vesikond,vesikond_nimi,string,text,,Vesikond nimi
EELIS/PostgREST,f_veekogumid_vesikond,staatus,string,text,,Staatus
EELIS/PostgREST,f_veekogumid_vesikond,keht_staatus,string,text,,Kehtivuse staatus
EELIS/PostgREST,f_veekogumid_vesikond,kuulub_id,integer,integer,,Kuulub id (vesikond)
EELIS/PostgREST,f_veekogumid_vesikond,kuulub_nimi,string,text,,Kuulub nimi (vesikond)
EELIS/PostgREST,f_veekogumid_vesikond,vesikond_muut_aeg,string,timestamp without time zone,,Vesikond muutmise kp
EELIS/PostgREST,f_veekogumid_vesikond,veekogum_id,integer,integer,,Vesikond veekogum_id  Note: This is a Foreign Key to `f_veekogumid.id`.<fk table='f_veekogumid' column='id'/>
EELIS/PostgREST,f_veekogumid_vesikond,muut_staatus,string,text,,Muutmise staatus
EELIS/PostgREST,f_veekogumid_vesikond,vesikond_pindala_km2,number,numeric,,Vesikonna pindala
EELIS/PostgREST,f_veekogumid_vesiviljelus,vv_id,integer,integer,,Vesiviljelus ID
EELIS/PostgREST,f_veekogumid_vesiviljelus,vv_kkr_kood,string,text,,Vesiviljelus KKR kood
EELIS/PostgREST,f_veekogumid_vesiviljelus,fjisik_id,integer,integer,,Omanik
EELIS/PostgREST,f_veekogumid_vesiviljelus,arirg_kood,string,text,,ärireg kood
EELIS/PostgREST,f_veekogumid_vesiviljelus,nimetus,string,text,,Nimetus
EELIS/PostgREST,f_veekogumid_vesiviljelus,vv_tyyp,string,text,,Vesiviljeluse tüüp
EELIS/PostgREST,f_veekogumid_vesiviljelus,vv_tyyp_selg,string,text,,Vesiviljeluse tüüp selgitus
EELIS/PostgREST,f_veekogumid_vesiviljelus,tegevuse_alus,string,text,,Vesiviljeluse tegevuse alus
EELIS/PostgREST,f_veekogumid_vesiviljelus,tegevuse_alus_selg,string,text,,Vesiviljeluse tegevuse alus selgitus
EELIS/PostgREST,f_veekogumid_vesiviljelus,vv_staatus,string,text,,Vesiviljeluse staatus
EELIS/PostgREST,f_veekogumid_vesiviljelus,vv_staatus_selg,string,text,,Vesiviljeluse staatus selgitus
EELIS/PostgREST,f_veekogumid_vesiviljelus,vv_nimi,string,text,,Nimi (vesivilj.)
EELIS/PostgREST,f_veekogumid_vesiviljelus,kultuur,string,text,,Vesiviljeluse kultuur
EELIS/PostgREST,f_veekogumid_vesiviljelus,kultuur_selg,string,text,,Vesiviljeluse kultuur
EELIS/PostgREST,f_veekogumid_vesiviljelus,veekogu_id,integer,integer,,Veekogu ID
EELIS/PostgREST,f_veekogumid_vesiviljelus,veehaare_id,integer,integer,,Veehaare ID
EELIS/PostgREST,f_veekogumid_vesiviljelus,veelase_id,integer,integer,,Veelase ID
EELIS/PostgREST,f_veekogumid_vesiviljelus,pais_id,integer,integer,,Pais ID
EELIS/PostgREST,f_veekogumid_vesiviljelus,vv_muut_aeg,string,timestamp without time zone,,Muutmise aeg (vesivilj.)
EELIS/PostgREST,f_veekogumid_vesiviljelus,veekogum_id,integer,integer,,Veekogum ID  Note: This is a Foreign Key to `f_veekogumid.id`.<fk table='f_veekogumid' column='id'/>
EELIS/PostgREST,f_veelaskmed,id,integer,integer,jah,Id  Note: This is a Primary Key.<pk/>
EELIS/PostgREST,f_veelaskmed,kood,string,text,,Kood
EELIS/PostgREST,f_veelaskmed,tyyp,string,text,,Tüüp
EELIS/PostgREST,f_veelaskmed,tyyp_selg,string,text,,Tüüp selgitus
EELIS/PostgREST,f_veelaskmed,nimi,string,text,,Nimi
EELIS/PostgREST,f_veelaskmed,staatus,string,text,,Staatus
EELIS/PostgREST,f_veelaskmed,staatus_selg,string,text,,Staatus selgitus
EELIS/PostgREST,f_veelaskmed,lopp_aasta,integer,integer,,Kasutuse lõppaasta
EELIS/PostgREST,f_veelaskmed,kkr_kood,string,text,,KKR kood
EELIS/PostgREST,f_veelaskmed,keht_staatus,string,text,,Kehtivuse staatus
EELIS/PostgREST,f_veelaskmed,ehak_id,integer,integer,,Kohanimi ID
EELIS/PostgREST,f_veelaskmed,ehak_nimi,string,text,,Kohanimi
EELIS/PostgREST,f_veelaskmed,veekogu_id,integer,integer,,Veekogu
EELIS/PostgREST,f_veelaskmed,veekogu_selg,string,text,,veeogu nimi
EELIS/PostgREST,f_veelaskmed,veekogud_kkr_kood,string,text,,Veekogu KKR kood
EELIS/PostgREST,f_veelaskmed,reoveeala_id,integer,integer,,Reoveekogumisala
EELIS/PostgREST,f_veelaskmed,reoveeala_selg,string,text,,Reoveekogumisala nimi
EELIS/PostgREST,f_veelaskmed,reoveeala_kkr_kood,string,text,,Reoveekogumisala KKR kood
EELIS/PostgREST,f_veelaskmed,puhasti_id,integer,integer,,Puhasti
EELIS/PostgREST,f_veelaskmed,puhasti_selg,string,text,,Puhasti nimi
EELIS/PostgREST,f_veelaskmed,puhasti_kkr_kood,string,text,,Puhasti KKR kood
EELIS/PostgREST,f_veelaskmed,vesikond_id,integer,integer,,Vesikond
EELIS/PostgREST,f_veelaskmed,vesikond_selg,string,text,,Vesikond nimi
EELIS/PostgREST,f_veelaskmed,vesikond_kuulub_id,string,text,,Kuulub id(vesikond)
EELIS/PostgREST,f_veelaskmed,vesikond_kuulub_nimi,string,text,,Kuulub nimi (vesikond)
EELIS/PostgREST,f_veelaskmed,suudmest,integer,integer,,Kaugus suudmest m
EELIS/PostgREST,f_veelaskmed,vee_kood,string,text,,Vee tüübi kood
EELIS/PostgREST,f_veelaskmed,vee_kood_selg,string,text,,Vee tüübi kood selgitus
EELIS/PostgREST,f_veelaskmed,on_taaskasutatav,boolean,boolean,,On taaskasutatav
EELIS/PostgREST,f_veelaskmed,muut_aeg,string,timestamp without time zone,,Muutmise aeg
EELIS/PostgREST,f_veelaskmed,veevark_id,integer,integer,,Veevärgi ID
EELIS/PostgREST,f_veelaskmed,haldaja_id,string,text,,Veevärgi haldaja ID
EELIS/PostgREST,f_veelaskmed,haldaja_kood,string,text,,Haldaja ärireg kood
EELIS/PostgREST,f_veelaskmed,haldaja_selg,string,text,,Haldja nimetus
EELIS/PostgREST,f_veelaskmed,kesk_x,number,double precision,,Tsentroidi x-koordinaat LEST97
EELIS/PostgREST,f_veelaskmed,kesk_y,number,double precision,,Tsentroidi y-koordinaat LEST97
EELIS/PostgREST,f_veelaskmed,ehak_kood1,string,text,,EHAK kood maakond
EELIS/PostgREST,f_veelaskmed,ehak_kood2,string,text,,EHAK kood vald
EELIS/PostgREST,f_veelaskmed,ehak_kood3,string,text,,EHAK alamtase
EELIS/PostgREST,f_veelaskmed_ehak,id,integer,integer,,EHAK ID
EELIS/PostgREST,f_veelaskmed_ehak,ehak_kood,string,text,,EHAK kood
EELIS/PostgREST,f_veelaskmed_ehak,ehak_nimi,string,text,,EHAK nimi
EELIS/PostgREST,f_veelaskmed_ehak,ehak_rnimi,string,text,,EHAK rööpnimi
EELIS/PostgREST,f_veelaskmed_ehak,vald,string,text,,Vald nimi
EELIS/PostgREST,f_veelaskmed_ehak,maa,string,text,,Maakond nimi
EELIS/PostgREST,f_veelaskmed_ehak,tyyp,string,text,,EHAK tase
EELIS/PostgREST,f_veelaskmed_ehak,ehak_tyyp_selg,string,text,,EHAK tase selgitus
EELIS/PostgREST,f_veelaskmed_ehak,ehak_parent,string,text,,EHAK kõrgema taseme kood
EELIS/PostgREST,f_veelaskmed_ehak,ehak_muut_aeg,string,timestamp without time zone,,Viimase muudatuse aeg (EHAK)
EELIS/PostgREST,f_veelaskmed_ehak,veelase_id,integer,integer,,Veelase ID  Note: This is a Foreign Key to `f_veelaskmed.id`.<fk table='f_veelaskmed' column='id'/>
EELIS/PostgREST,f_veelaskmed_kandealus,kand_id,integer,integer,,Kandealus ID
EELIS/PostgREST,f_veelaskmed_kandealus,kand_kood,string,text,,Kandealus kood
EELIS/PostgREST,f_veelaskmed_kandealus,kand_tyyp,string,text,,Kandealus tüüp
EELIS/PostgREST,f_veelaskmed_kandealus,kand_tyyp_selg,string,text,,Kandealus tüüp selgitus
EELIS/PostgREST,f_veelaskmed_kandealus,kand_nimi,string,text,,Kandealus nimi
EELIS/PostgREST,f_veelaskmed_kandealus,kand_obj_tyyp,string,text,,Objekti tüüp (kandealus)
EELIS/PostgREST,f_veelaskmed_kandealus,kand_obj_tyyp_selg,string,text,,Objekti tüüp selgitus (kandealus)
EELIS/PostgREST,f_veelaskmed_kandealus,kand_kpv,string,timestamp without time zone,,Kandealus kuupäev
EELIS/PostgREST,f_veelaskmed_kandealus,kand_alusdok_id,integer,integer,,Alusdokumendi ID 
EELIS/PostgREST,f_veelaskmed_kandealus,kand_alusdok_nimi,string,text,,Alusdokumendi nimi
EELIS/PostgREST,f_veelaskmed_kandealus,kand_alusdok_alg_kehtib,string,timestamp without time zone,,Alusdokumendi kehtib alates kuupäev
EELIS/PostgREST,f_veelaskmed_kandealus,kand_aruanne_id,integer,integer,,Aruanne
EELIS/PostgREST,f_veelaskmed_kandealus,kand_aruanne_nimi,string,text,,Aruande nimi
EELIS/PostgREST,f_veelaskmed_kandealus,kand_aruanne_aasta,integer,integer,,Aruande aasta
EELIS/PostgREST,f_veelaskmed_kandealus,kand_esitamise_viis,string,text,,Esitamise viis
EELIS/PostgREST,f_veelaskmed_kandealus,kand_esit_viis_selg,string,text,,Esitamise viis selgitus
EELIS/PostgREST,f_veelaskmed_kandealus,kand_dok_kpv,string,timestamp without time zone,,Kandealus dokumendi kuupäev
EELIS/PostgREST,f_veelaskmed_kandealus,kand_tx_lisainfo,string,text,,Lisainfo (kandealus)
EELIS/PostgREST,f_veelaskmed_kandealus,kand_muut_aeg,string,timestamp without time zone,,Viimase muutmise aeg (kandealus)
EELIS/PostgREST,f_veelaskmed_kandealus,veelase_id,integer,integer,,Veelase ID  Note: This is a Foreign Key to `f_veelaskmed.id`.<fk table='f_veelaskmed' column='id'/>
EELIS/PostgREST,f_veelaskmed_veekogum,id,integer,integer,,Id
EELIS/PostgREST,f_veelaskmed_veekogum,kood,string,text,,Kood
EELIS/PostgREST,f_veelaskmed_veekogum,kood_cd,string,text,,EL kood
EELIS/PostgREST,f_veelaskmed_veekogum,nimi,string,text,,Nimi
EELIS/PostgREST,f_veelaskmed_veekogum,lyhend,string,text,,Lühinimi
EELIS/PostgREST,f_veelaskmed_veekogum,tyyp,string,text,,Kategooria
EELIS/PostgREST,f_veelaskmed_veekogum,tyyp_selg,string,text,,Kategooria selgitus
EELIS/PostgREST,f_veelaskmed_veekogum,alamkategooria,string,text,,Alamkategooria
EELIS/PostgREST,f_veelaskmed_veekogum,alamkategooria_selg,string,text,,Alamkategooria selgitus
EELIS/PostgREST,f_veelaskmed_veekogum,tmv_pohjus,string,text,,TMV määramise põhjendus
EELIS/PostgREST,f_veelaskmed_veekogum,tmv_pohjus_selg,string,text,,TMV määramise põhjendus selgitus
EELIS/PostgREST,f_veelaskmed_veekogum,tmv_muutused,string,text,,TMV põhjendus (füüsilised muutused)
EELIS/PostgREST,f_veelaskmed_veekogum,tmv_muutused_selg,string,text,,TMV põhjendus (füüsilised muutused) selgitus
EELIS/PostgREST,f_veelaskmed_veekogum,tx_tmv_info,string,text,,TMV info
EELIS/PostgREST,f_veelaskmed_veekogum,vee_tyyp,string,text,,Vee tüüp
EELIS/PostgREST,f_veelaskmed_veekogum,vee_tyyp_selg,string,text,,Vee tüüp selgitus
EELIS/PostgREST,f_veelaskmed_veekogum,interkalibr_tyyp,string,text,,Interkalibreerimise tüüp
EELIS/PostgREST,f_veelaskmed_veekogum,interkalibr_tyyp_selg,string,text,,Interkalibreerimise tüüp selgitus
EELIS/PostgREST,f_veelaskmed_veekogum,paiknevus,string,text,,Paiknevus
EELIS/PostgREST,f_veelaskmed_veekogum,paiknevus_selg,string,text,,Paiknevus selgitus
EELIS/PostgREST,f_veelaskmed_veekogum,staatus,string,text,,Staatus
EELIS/PostgREST,f_veelaskmed_veekogum,staatus_selg,string,text,,Staatus selgitus
EELIS/PostgREST,f_veelaskmed_veekogum,alg_kp,string,timestamp without time zone,,Alg kp
EELIS/PostgREST,f_veelaskmed_veekogum,lopp_kp,string,timestamp without time zone,,Lõpp kp
EELIS/PostgREST,f_veelaskmed_veekogum,muudatused,string,text,,Muudatused
EELIS/PostgREST,f_veelaskmed_veekogum,muudatused_selg,string,text,,Muudatused selgitus
EELIS/PostgREST,f_veelaskmed_veekogum,veekogu_id,integer,integer,,Veekogu
EELIS/PostgREST,f_veelaskmed_veekogum,veekogu_nimi,string,text,,Veekogu nimi
EELIS/PostgREST,f_veelaskmed_veekogum,veekogu_kkr_kood,string,text,,Veekogu KKR kood
EELIS/PostgREST,f_veelaskmed_veekogum,veekogu_tyyp,string,text,,Veekogu tüüp
EELIS/PostgREST,f_veelaskmed_veekogum,veekogu_tyyp_selg,string,text,,Veekogu tüübi selgitus
EELIS/PostgREST,f_veelaskmed_veekogum,veekogu_keht_staatus,string,text,,Veekogu kehtivuse staatus
EELIS/PostgREST,f_veelaskmed_veekogum,paisjarv_id,integer,integer,,Paisjärv
EELIS/PostgREST,f_veelaskmed_veekogum,paisjarv_nimi,string,text,,Paisjärve nimi
EELIS/PostgREST,f_veelaskmed_veekogum,paisjarv_kkr_kood,string,text,,Paisjärve KKR kood
EELIS/PostgREST,f_veelaskmed_veekogum,paisjarv_tyyp,string,text,,Paisjärve tüüp
EELIS/PostgREST,f_veelaskmed_veekogum,paisjarv_tyyp_selg,string,text,,Paisjärve tüübi selgitus
EELIS/PostgREST,f_veelaskmed_veekogum,paisjarv_keht_staatus,string,text,,Paisjärve kehtivuse staatus
EELIS/PostgREST,f_veelaskmed_veekogum,veekogu_osa_nr,integer,integer,,Veekogu osa nr
EELIS/PostgREST,f_veelaskmed_veekogum,pikkus,number,double precision,,Pikkus (km)
EELIS/PostgREST,f_veelaskmed_veekogum,pindala,number,double precision,,Pindala (km²)
EELIS/PostgREST,f_veelaskmed_veekogum,kesk_x,number,double precision,,x
EELIS/PostgREST,f_veelaskmed_veekogum,kesk_y,number,double precision,,y
EELIS/PostgREST,f_veelaskmed_veekogum,keht_staatus,string,text,,kehivuse staatus
EELIS/PostgREST,f_veelaskmed_veekogum,muut_aeg,string,timestamp without time zone,,Muutmise aeg
EELIS/PostgREST,f_veelaskmed_veekogum,veelase_id,integer,integer,,Veelase ID  Note: This is a Foreign Key to `f_veelaskmed.id`.<fk table='f_veelaskmed' column='id'/>
EELIS/PostgREST,f_veelaskmed_veekogum_seis,id,integer,integer,,ID
EELIS/PostgREST,f_veelaskmed_veekogum_seis,vkm_id,integer,integer,,Veekogum ID
EELIS/PostgREST,f_veelaskmed_veekogum_seis,aasta,string,text,,Aasta
EELIS/PostgREST,f_veelaskmed_veekogum_seis,kood,string,text,,Kood
EELIS/PostgREST,f_veelaskmed_veekogum_seis,tyyp,string,text,,Tüüp
EELIS/PostgREST,f_veelaskmed_veekogum_seis,vkmseis_tyyp_selg,string,text,,Tüübi selgitus
EELIS/PostgREST,f_veelaskmed_veekogum_seis,staatus,string,text,,Eesmärgi saavutamine
EELIS/PostgREST,f_veelaskmed_veekogum_seis,vkmseis_staatus_selg,string,text,,Eesmärgi saavutamise selgitus
EELIS/PostgREST,f_veelaskmed_veekogum_seis,usaldus_kese,string,text,,KESE usaldusväärsus
EELIS/PostgREST,f_veelaskmed_veekogum_seis,vkmseis_usaldus_kese_selg,string,text,,KESE usaldusväärsuse selgitus
EELIS/PostgREST,f_veelaskmed_veekogum_seis,usaldus_ose,string,text,,ÖSE usaldusväärsus
EELIS/PostgREST,f_veelaskmed_veekogum_seis,vkmseis_usaldus_ose_selg,string,text,,ÖSE usaldusväärsuse selgitus
EELIS/PostgREST,f_veelaskmed_veekogum_seis,seis,string,text,,Koondhinnang
EELIS/PostgREST,f_veelaskmed_veekogum_seis,seis_selg,string,text,,Koondhinnangu selgitus
EELIS/PostgREST,f_veelaskmed_veekogum_seis,seis_ose,string,text,,ÖSE koondhinnang
EELIS/PostgREST,f_veelaskmed_veekogum_seis,seis_ose_selg,string,text,,ÖSE koondhinnangu selgitus
EELIS/PostgREST,f_veelaskmed_veekogum_seis,seis_kese,string,text,,KESE koondhinnang
EELIS/PostgREST,f_veelaskmed_veekogum_seis,seis_kese_selg,string,text,,KESE koondhinnangu selgitus
EELIS/PostgREST,f_veelaskmed_veekogum_seis,seis_hymo,string,text,,HÜMO koondhinnang
EELIS/PostgREST,f_veelaskmed_veekogum_seis,seis_hymo_selg,string,text,,HÜMO koondhinnangu selgitus
EELIS/PostgREST,f_veelaskmed_veekogum_seis,seis_hymo_reziim,string,text,,HÜMO hüdroloogiline režiim
EELIS/PostgREST,f_veelaskmed_veekogum_seis,seis_hymo_reziim_selg,string,text,,HÜMO hüdroloogiline režiimi selgitus
EELIS/PostgREST,f_veelaskmed_veekogum_seis,seis_hymo_tokestatus,string,text,,HÜMO voolusängi sidusus
EELIS/PostgREST,f_veelaskmed_veekogum_seis,seis_hymo_tokestatus_selg,string,text,,HÜMO voolusängi sidususe selgitus
EELIS/PostgREST,f_veelaskmed_veekogum_seis,seis_hymo_looklevus,string,text,,HÜMO morfoloogilised tingimused
EELIS/PostgREST,f_veelaskmed_veekogum_seis,seis_hymo_looklevus_selg,string,text,,HÜMO morfoloogilised tingimuste selgitused
EELIS/PostgREST,f_veelaskmed_veekogum_seis,seis_fyke,string,text,,FÜKE koondhinnang
EELIS/PostgREST,f_veelaskmed_veekogum_seis,seis_fyke_selg,string,text,,FÜKE koondhinnangu selgitus
EELIS/PostgREST,f_veelaskmed_veekogum_seis,seis_fyke_nyld,string,text,,FÜKE üldlämmastiku hinnang
EELIS/PostgREST,f_veelaskmed_veekogum_seis,seis_fyke_nyld_selg,string,text,,FÜKE üldlämmastiku hinnangu selgitus
EELIS/PostgREST,f_veelaskmed_veekogum_seis,seis_fyke_pyld,string,text,,FÜKE üldfosfori hinnang
EELIS/PostgREST,f_veelaskmed_veekogum_seis,seis_fyke_pyld_selg,string,text,,FÜKE üldfosfori hinnangu selgitus
EELIS/PostgREST,f_veelaskmed_veekogum_seis,seis_spets,string,text,,SPETS koondhinnang
EELIS/PostgREST,f_veelaskmed_veekogum_seis,seis_spets_selg,string,text,,SPETS koondhinnangu selgitus
EELIS/PostgREST,f_veelaskmed_veekogum_seis,seis_kala,string,text,,KALA koondhinnang
EELIS/PostgREST,f_veelaskmed_veekogum_seis,seis_kala_selg,string,text,,KALA koondhinnangu selgitus
EELIS/PostgREST,f_veelaskmed_veekogum_seis,seis_suse,string,text,,SUSE koondhinnang
EELIS/PostgREST,f_veelaskmed_veekogum_seis,seis_suse_selg,string,text,,SUSE koondhinnangu selgitus
EELIS/PostgREST,f_veelaskmed_veekogum_seis,seis_fybe,string,text,,FÜBE koondhinnang
EELIS/PostgREST,f_veelaskmed_veekogum_seis,seis_fybe_selg,string,text,,FÜBE koondhinnangu selgitus
EELIS/PostgREST,f_veelaskmed_veekogum_seis,seis_fypla,string,text,,FÜPLA koondhinnang
EELIS/PostgREST,f_veelaskmed_veekogum_seis,seis_fypla_selg,string,text,,FÜPLA koondhinnangu selgitus
EELIS/PostgREST,f_veelaskmed_veekogum_seis,seis_mafy,string,text,,MAFÜ koondhinnang
EELIS/PostgREST,f_veelaskmed_veekogum_seis,seis_mafy_selg,string,text,,MAFÜ koondhinnangu slegitus
EELIS/PostgREST,f_veelaskmed_veekogum_seis,seis_mafy_fybe,string,text,,MAFÜ+FÜBE koondhinnang
EELIS/PostgREST,f_veelaskmed_veekogum_seis,seis_mafy_fybe_selg,string,text,,MAFÜ+FÜBE koondhinnangu selgitus
EELIS/PostgREST,f_veelaskmed_veekogum_seis,ose_naitaja,string,text,,ÖSE mittehea näitaja
EELIS/PostgREST,f_veelaskmed_veekogum_seis,ose_naitaja_selg,string,text,,ÖSE mittehea näitaja selgitus
EELIS/PostgREST,f_veelaskmed_veekogum_seis,ose_pohjus,string,text,,ÖSE põhjus
EELIS/PostgREST,f_veelaskmed_veekogum_seis,ose_pohjus_selg,string,text,,ÖSE põhjuse selgitus
EELIS/PostgREST,f_veelaskmed_veekogum_seis,kese_naitaja,string,text,,KESE mittehea näitaja
EELIS/PostgREST,f_veelaskmed_veekogum_seis,kese_naitaja_selg,string,text,,KESE mittehea näitaja selgitus
EELIS/PostgREST,f_veelaskmed_veekogum_seis,kese_pohjus,string,text,,KESE põhjus
EELIS/PostgREST,f_veelaskmed_veekogum_seis,kese_pohjus_selg,string,text,,KESE põhjuse selgitus
EELIS/PostgREST,f_veelaskmed_veekogum_seis,fyke_nyld,number,numeric,,FÜKE üldlämmastik (mg/l)
EELIS/PostgREST,f_veelaskmed_veekogum_seis,fyke_pyld,number,numeric,,FÜKE üldfosfor (mg/l)
EELIS/PostgREST,f_veelaskmed_veekogum_seis,tx_lisainfo,string,text,,Lisainfo
EELIS/PostgREST,f_veelaskmed_veekogum_seis,keht_staatus,string,text,,Kehtivuse staatus
EELIS/PostgREST,f_veelaskmed_veekogum_seis,muut_staatus,string,text,,Menetlusfaas
EELIS/PostgREST,f_veelaskmed_veekogum_seis,vmkseis_muut_staatus_selg,string,text,,Menetlusfaasi selgitus
EELIS/PostgREST,f_veelaskmed_veekogum_seis,muut_aeg,string,timestamp without time zone,,Viimase muutmise aeg
EELIS/PostgREST,f_veelaskmed_veekogum_seis,veelase_id,integer,integer,,Veelase ID  Note: This is a Foreign Key to `f_veelaskmed.id`.<fk table='f_veelaskmed' column='id'/>
EELIS/PostgREST,f_veelaskmed_vesikond,vesikond_id,integer,integer,,Vesikond ID
EELIS/PostgREST,f_veelaskmed_vesikond,vesikond_id_text,string,text,,Vesikond ID (tekst)
EELIS/PostgREST,f_veelaskmed_vesikond,vesikond_kood_vrd,string,text,,Vesikond vrd kood
EELIS/PostgREST,f_veelaskmed_vesikond,vesikond_tyyp,string,text,,Vesikond tüüp
EELIS/PostgREST,f_veelaskmed_vesikond,vesikond_tyyp_selg,string,text,,Vesikond tüüp selgitus
EELIS/PostgREST,f_veelaskmed_vesikond,vesikond_nimi,string,text,,Vesikond nimi
EELIS/PostgREST,f_veelaskmed_vesikond,staatus,string,text,,Staatus
EELIS/PostgREST,f_veelaskmed_vesikond,keht_staatus,string,text,,Kehtivuse staatus
EELIS/PostgREST,f_veelaskmed_vesikond,kuulub_id,integer,integer,,Kuulub id (vesikond)
EELIS/PostgREST,f_veelaskmed_vesikond,kuulub_nimi,string,text,,Kuulub nimi (vesikond)
EELIS/PostgREST,f_veelaskmed_vesikond,vesikond_muut_aeg,string,timestamp without time zone,,Vesikond muutmise kp
EELIS/PostgREST,f_veelaskmed_vesikond,veelase_id,integer,integer,,Veelase ID  Note: This is a Foreign Key to `f_veelaskmed.id`.<fk table='f_veelaskmed' column='id'/>
EELIS/PostgREST,f_veelaskmed_vesikond,muut_staatus,string,text,,Muutmise staatus
EELIS/PostgREST,f_veelaskmed_vesikond,vesikond_pindala_km2,number,numeric,,Vesikonna pindala
EELIS/PostgREST,f_veenaitajad_W10_W1_public,kohustus_staatus,string,character varying,,
EELIS/PostgREST,f_veenaitajad_W10_W1_public,loa_nr,string,character varying,,
EELIS/PostgREST,f_veenaitajad_W10_W1_public,kohustus_liik,string,character varying,,
EELIS/PostgREST,f_veenaitajad_W10_W1_public,andmete_sisu,string,character varying,,
EELIS/PostgREST,f_veenaitajad_W10_W1_public,kohustuse_sagedus,string,character varying,,
EELIS/PostgREST,f_veenaitajad_W10_W1_public,kohustuse_algus,string,date,,
EELIS/PostgREST,f_veenaitajad_W10_W1_public,kohustuse_lopp,string,date,,
EELIS/PostgREST,f_veenaitajad_W10_W1_public,seire_sagedus,string,character varying,,
EELIS/PostgREST,f_veenaitajad_W10_W1_public,seire_tyyp_as,string,character varying,,
EELIS/PostgREST,f_veenaitajad_W10_W1_public,aruanne_vers_nr,integer,integer,,
EELIS/PostgREST,f_veenaitajad_W10_W1_public,luba_versioon_nr_as,integer,bigint,,
EELIS/PostgREST,f_veenaitajad_W10_W1_public,aruanne_staatus_as,string,character varying,,
EELIS/PostgREST,f_veenaitajad_W10_W1_public,esitamine_kuupaev_as,string,timestamp without time zone,,
EELIS/PostgREST,f_veenaitajad_W10_W1_public,aruandlusperiood_algus_as,string,date,,
EELIS/PostgREST,f_veenaitajad_W10_W1_public,aruandlusperiood_lopp_as,string,date,,
EELIS/PostgREST,f_veenaitajad_W10_W1_public,analyys_number,string,character varying,,
EELIS/PostgREST,f_veenaitajad_W10_W1_public,analyysiloppaeg,string,timestamp without time zone,,
EELIS/PostgREST,f_veenaitajad_W10_W1_public,proov_algus,string,character varying,,
EELIS/PostgREST,f_veenaitajad_W10_W1_public,proov_lopp,string,character varying,,
EELIS/PostgREST,f_veenaitajad_W10_W1_public,proov_sygavus,number,numeric,,
EELIS/PostgREST,f_veenaitajad_W10_W1_public,proovikoht_koordinaat_lest97,string,character varying,,
EELIS/PostgREST,f_veenaitajad_W10_W1_public,proovikoht_koordinaat_long,number,double precision,,
EELIS/PostgREST,f_veenaitajad_W10_W1_public,proovikoht_koordinaat_lat,number,double precision,,
EELIS/PostgREST,f_veenaitajad_W10_W1_public,proovikoht_nimi,string,character varying,,
EELIS/PostgREST,f_veenaitajad_W10_W1_public,katastri_number,string,character varying,,
EELIS/PostgREST,f_veenaitajad_W10_W1_public,seire_liik,string,character varying,,
EELIS/PostgREST,f_veenaitajad_W10_W1_public,proov_liik,string,character varying,,
EELIS/PostgREST,f_veenaitajad_W10_W1_public,labor_aeg,string,character varying,,
EELIS/PostgREST,f_veenaitajad_W10_W1_public,markus,string,character varying,,
EELIS/PostgREST,f_veenaitajad_W10_W1_public,lisainfo,string,character varying,,
EELIS/PostgREST,f_veenaitajad_W10_W1_public,veehaare_kood,string,character varying,,
EELIS/PostgREST,f_veenaitajad_W10_W1_public,veehaare_nimi,string,character varying,,
EELIS/PostgREST,f_veenaitajad_W10_W1_public,pohjaveekiht_kood,string,character varying,,
EELIS/PostgREST,f_veenaitajad_W10_W1_public,pohjaveekiht_nimi,string,character varying,,
EELIS/PostgREST,f_veenaitajad_W10_W1_public,pohjaveekogum_kood,string,character varying,,
EELIS/PostgREST,f_veenaitajad_W10_W1_public,pohjaveekogum_nimi,string,character varying,,
EELIS/PostgREST,f_veenaitajad_W10_W1_public,veekogum_kood,string,character varying,,
EELIS/PostgREST,f_veenaitajad_W10_W1_public,veekogum_nimi,string,character varying,,
EELIS/PostgREST,f_veenaitajad_W10_W1_public,veetase,number,numeric,,
EELIS/PostgREST,f_veenaitajad_W10_W1_public,veetase_mootmine,string,character varying,,
EELIS/PostgREST,f_veenaitajad_W10_W1_public,naitaja_kood,string,character varying,,
EELIS/PostgREST,f_veenaitajad_W10_W1_public,naitaja_nimi,string,character varying,,
EELIS/PostgREST,f_veenaitajad_W10_W1_public,naitaja_tulem,number,numeric,,
EELIS/PostgREST,f_veenaitajad_W10_W1_public,naitaja_yhik,string,character varying,,
EELIS/PostgREST,f_veenaitajad_W10_W1_public,pohjaveekogum_kood_maarus,string,character varying,,
EELIS/PostgREST,f_vepid,id,integer,integer,jah,Vääriselupaiga ID  Note: This is a Primary Key.<pk/>
EELIS/PostgREST,f_vepid,id_text,string,text,,ID kood tekst väljatüübina
EELIS/PostgREST,f_vepid,kood,string,text,,Kood
EELIS/PostgREST,f_vepid,nimi,string,text,,nimi
EELIS/PostgREST,f_vepid,tyyp,string,text,,Tüüp
EELIS/PostgREST,f_vepid,tyyp_selg,string,text,,Vääriselupaiga tüübi nimi
EELIS/PostgREST,f_vepid,pindala,number,double precision,,Pindala (ha)
EELIS/PostgREST,f_vepid,on_regobj,boolean,boolean,,On registriobjekt
EELIS/PostgREST,f_vepid,kkr_kood,string,text,,KKR kood
EELIS/PostgREST,f_vepid,tx_kirjeldus,string,text,,Kirjeldus
EELIS/PostgREST,f_vepid,kaitse,string,text,,Kaitse kood
EELIS/PostgREST,f_vepid,kaitse_selg,string,text,,Kaitse
EELIS/PostgREST,f_vepid,veptyyp,string,text,,Vep tüüp kood
EELIS/PostgREST,f_vepid,veptyyp_selg,string,text,,Vep tüüp seletus
EELIS/PostgREST,f_vepid,veptyyp_kaasnev,string,text,,Kaasnev vep tüüp kood
EELIS/PostgREST,f_vepid,veptyyp_kaasnev_selg,string,text,,Kaasnev vep tüüp
EELIS/PostgREST,f_vepid,tx_veptyyp,string,text,,Vep tüüp täpsustus
EELIS/PostgREST,f_vepid,elupaik_paal,string,text,,Kasvukoha tüüp (Paal) kood
EELIS/PostgREST,f_vepid,elupaik_paal_selg,string,text,,Kasvukoha tüübi selgitus (Paal)
EELIS/PostgREST,f_vepid,esmane_kp,string,timestamp without time zone,,Esmase registreerimise kuupäev
EELIS/PostgREST,f_vepid,reg_kp,string,timestamp without time zone,,Viimase vaatluse kuupäev
EELIS/PostgREST,f_vepid,kesk_x,number,double precision,,Vääriselupaiga  tsentroidi x-koordinaat LEST97
EELIS/PostgREST,f_vepid,kesk_y,number,double precision,,Vääriselupaiga  tsentroidi y-koordinaat LEST97
EELIS/PostgREST,f_vepid,muut_aeg,string,timestamp without time zone,,Viimase muutmise aeg
EELIS/PostgREST,f_vepid,keht_staatus,string,text,,Kehtivuse staatus
EELIS/PostgREST,f_vepid,staatus,string,text,,Staatus
EELIS/PostgREST,f_vepid,omandiv,string,text,,Omandivorm
EELIS/PostgREST,f_vepid,omandiv_selg,string,text,,omandivorm selgitus
EELIS/PostgREST,f_vepid,ehak_tekst,string,text,,EHAK koondinfo
EELIS/PostgREST,f_vepid,ehak_kood1,string,text,,EHAK kood maakond
EELIS/PostgREST,f_vepid,ehak_kood2,string,text,,EHAK kood vald
EELIS/PostgREST,f_vepid,ehak_kood3,string,text,,EHAK alamtase
EELIS/PostgREST,f_vepid,on_lepinguga,integer,integer,,Vääriselupaigal asuvad lepinguga kaetud alad
EELIS/PostgREST,f_vepid_dok,dok_id,integer,integer,,Dok ID
EELIS/PostgREST,f_vepid_dok,dok_kood,string,text,,Dok kood
EELIS/PostgREST,f_vepid_dok,dok_tyyp,string,text,,Dok tüüp
EELIS/PostgREST,f_vepid_dok,dok_tyyp_selg,string,text,,Dok tüüp selgitus
EELIS/PostgREST,f_vepid_dok,dok_number,string,text,,Dokumendi number
EELIS/PostgREST,f_vepid_dok,dok_pealkiri,string,text,,Dokumendi pealkiri
EELIS/PostgREST,f_vepid_dok,dok_alg_kehtib,string,timestamp without time zone,,Dokument kehtib alates kp
EELIS/PostgREST,f_vepid_dok,dok_alg_kp,string,timestamp without time zone,,Dokument algus kp
EELIS/PostgREST,f_vepid_dok,dok_lopp_kp,string,timestamp without time zone,,Dokument lõpp kp
EELIS/PostgREST,f_vepid_dok,dok_url,string,text,,Dok URL
EELIS/PostgREST,f_vepid_dok,dok_alus_dok_id,integer,integer,,Alus dok ID
EELIS/PostgREST,f_vepid_dok,dok_muut_aeg,string,timestamp without time zone,,Viimase muutmise aeg (dok)
EELIS/PostgREST,f_vepid_dok,vep_id,integer,integer,,Vääriselupaiga ID  Note: This is a Foreign Key to `f_vepid.id`.<fk table='f_vepid' column='id'/>
EELIS/PostgREST,f_vepid_ehak,id,integer,integer,,EHAK ID
EELIS/PostgREST,f_vepid_ehak,ehak_kood,string,text,,EHAK kood
EELIS/PostgREST,f_vepid_ehak,ehak_nimi,string,text,,EHAK nimi
EELIS/PostgREST,f_vepid_ehak,ehak_rnimi,string,text,,EHAK rööpnimi
EELIS/PostgREST,f_vepid_ehak,vald,string,text,,Vald nimi
EELIS/PostgREST,f_vepid_ehak,maa,string,text,,Maakond nimi
EELIS/PostgREST,f_vepid_ehak,tyyp,string,text,,EHAK tase
EELIS/PostgREST,f_vepid_ehak,ehak_tyyp_selg,string,text,,EHAK tase selgitus
EELIS/PostgREST,f_vepid_ehak,ehak_parent,string,text,,EHAK kõrgema taseme kood
EELIS/PostgREST,f_vepid_ehak,ehak_muut_aeg,string,timestamp without time zone,,Viimase muudatuse aeg (EHAK)
EELIS/PostgREST,f_vepid_ehak,vep_id,integer,integer,,Vääriselupaiga ID  Note: This is a Foreign Key to `f_vepid.id`.<fk table='f_vepid' column='id'/>
EELIS/PostgREST,f_vepid_kandealus,kand_id,integer,integer,,Kandealus ID
EELIS/PostgREST,f_vepid_kandealus,kand_kood,string,text,,Kandealus kood
EELIS/PostgREST,f_vepid_kandealus,kand_tyyp,string,text,,Kandealus tüüp
EELIS/PostgREST,f_vepid_kandealus,kand_tyyp_selg,string,text,,Kandealus tüüp selgitus
EELIS/PostgREST,f_vepid_kandealus,kand_nimi,string,text,,Kandealus nimi
EELIS/PostgREST,f_vepid_kandealus,kand_obj_tyyp,string,text,,Objekti tüüp (kandealus)
EELIS/PostgREST,f_vepid_kandealus,kand_obj_tyyp_selg,string,text,,Objekti tüüp selgitus (kandealus)
EELIS/PostgREST,f_vepid_kandealus,kand_kpv,string,timestamp without time zone,,Kandealus kuupäev
EELIS/PostgREST,f_vepid_kandealus,kand_alusdok_id,integer,integer,,Alusdokumendi ID 
EELIS/PostgREST,f_vepid_kandealus,kand_alusdok_nimi,string,text,,Alusdokumendi nimi
EELIS/PostgREST,f_vepid_kandealus,kand_alusdok_alg_kehtib,string,timestamp without time zone,,Alusdokumendi kehtib alates kuupäev
EELIS/PostgREST,f_vepid_kandealus,kand_aruanne_id,integer,integer,,Aruanne
EELIS/PostgREST,f_vepid_kandealus,kand_aruanne_nimi,string,text,,Aruande nimi
EELIS/PostgREST,f_vepid_kandealus,kand_aruanne_aasta,integer,integer,,Aruande aasta
EELIS/PostgREST,f_vepid_kandealus,kand_esitamise_viis,string,text,,Esitamise viis
EELIS/PostgREST,f_vepid_kandealus,kand_esit_viis_selg,string,text,,Esitamise viis selgitus
EELIS/PostgREST,f_vepid_kandealus,kand_dok_kpv,string,timestamp without time zone,,Kandealus dokumendi kuupäev
EELIS/PostgREST,f_vepid_kandealus,kand_tx_lisainfo,string,text,,Lisainfo (kandealus)
EELIS/PostgREST,f_vepid_kandealus,kand_muut_aeg,string,timestamp without time zone,,Viimase muutmise aeg (kandealus)
EELIS/PostgREST,f_vepid_kandealus,vep_id,integer,integer,,Vääriselupaiga ID  Note: This is a Foreign Key to `f_vepid.id`.<fk table='f_vepid' column='id'/>
EELIS/PostgREST,f_vepid_majandamine,vep_maj_id,integer,integer,,Vääriselupaiga majandamise ID
EELIS/PostgREST,f_vepid_majandamine,tyyp,string,text,,Tüüp
EELIS/PostgREST,f_vepid_majandamine,vep_maj_tyyp_selg,string,text,,Majandamise tüübi nimi
EELIS/PostgREST,f_vepid_majandamine,vep_id,integer,integer,,Vääriselupaiga Id  Note: This is a Foreign Key to `f_vepid.id`.<fk table='f_vepid' column='id'/>
EELIS/PostgREST,f_vepid_majandamine,puuliik,string,text,,Puuliik kood
EELIS/PostgREST,f_vepid_majandamine,puuliik_selg,string,text,,Puuliik
EELIS/PostgREST,f_vepid_majandamine,arv,integer,integer,,Arv
EELIS/PostgREST,f_vepid_majandamine,rinne,string,text,,Rinne kood
EELIS/PostgREST,f_vepid_majandamine,rinne_selg,string,text,,Rinne kood selgitus
EELIS/PostgREST,f_vepid_majandamine,pr_pinnast,integer,integer,,Prostent pinnast
EELIS/PostgREST,f_vepid_majandamine,pr_raie,integer,integer,,Protsent raie
EELIS/PostgREST,f_vepid_majandamine,raiejark,string,text,,Raiejärk
EELIS/PostgREST,f_vepid_majandamine,raiejark_selg,string,text,,Raiejärk selgitus
EELIS/PostgREST,f_vepid_majandamine,vep_maj_muut_aeg,string,timestamp without time zone,,Viimase muutmise aeg (vääriselupaiga majandamine)
EELIS/PostgREST,f_vepid_majandamine,tx_lisainfo,string,text,,Lisainfo
EELIS/PostgREST,f_vepid_mojutegur,vep_mojut_id,integer,integer,,Vääriselupaiga mõjuteguri ID
EELIS/PostgREST,f_vepid_mojutegur,tyyp,string,text,,Mõjuteguri tüüp
EELIS/PostgREST,f_vepid_mojutegur,vep_mojut_tyyp_selg,string,text,,Mõjuteguri tüübi täpsustus
EELIS/PostgREST,f_vepid_mojutegur,vep_mojut_vep_id,integer,integer,,Vääriselupaiga Id  Note: This is a Foreign Key to `f_vepid.id`.<fk table='f_vepid' column='id'/>
EELIS/PostgREST,f_vepid_mojutegur,tugevus,string,text,,Mõjuteguri tugevus kood
EELIS/PostgREST,f_vepid_mojutegur,tugevus_selg,string,text,,Mõjuteguri tugevus
EELIS/PostgREST,f_vepid_mojutegur,vep_mojutegur_muut_aeg,string,timestamp without time zone,,Viimase muutmise aeg (vääriselupaiga mõjutegur)
EELIS/PostgREST,f_vepid_mojutegur,tx_lisainfo,string,text,,Lisainfo
EELIS/PostgREST,f_vepid_tunnus,vep_tun_id,integer,integer,,Vääriselupaiga tunnuse ID
EELIS/PostgREST,f_vepid_tunnus,vep_tun_tyyp,string,text,,Tunnuse tüüp
EELIS/PostgREST,f_vepid_tunnus,vep_tun_tyyp_selg,string,text,,Tunnuse tüübi nimi
EELIS/PostgREST,f_vepid_tunnus,vep_tun_vep_id,integer,integer,,Vääriselupaiga Id  Note: This is a Foreign Key to `f_vepid.id`.<fk table='f_vepid' column='id'/>
EELIS/PostgREST,f_vepid_tunnus,vep_tun_puuliik,string,text,,Tunnuse puuliik
EELIS/PostgREST,f_vepid_tunnus,lnim_id,integer,integer,,Liigi id
EELIS/PostgREST,f_vepid_tunnus,tunnus_sag,string,text,,Liigi sagedus
EELIS/PostgREST,f_vepid_tunnus,tunnus_sag_selg,string,text,,Liigi sagaduse seletus
EELIS/PostgREST,f_vepid_tunnus,liik_sag,string,text,,Liigi esinemise sagedus kood
EELIS/PostgREST,f_vepid_tunnus,liik_sag_selg,string,text,,Liigi esinemise sagedus
EELIS/PostgREST,f_vepid_tunnus,tx_lisainfo,string,text,,Indikaator
EELIS/PostgREST,f_vepid_tunnus,tyyp,string,text,,Liigi tüüp
EELIS/PostgREST,f_vepid_tunnus,indik_lyhend,string,text,,Indikaator
EELIS/PostgREST,f_vepid_tunnus,vep_tunnus_muut_aeg,string,timestamp without time zone,,Viimase muutmise aeg (tunnused)
EELIS/PostgREST,f_vepid_tunnus,liik_estnimi,string,text,,Liigi eesti k nimetus
EELIS/PostgREST,f_yrgid,id,integer,integer,jah,Ürglooduse objekti ID  Note: This is a Primary Key.<pk/>
EELIS/PostgREST,f_yrgid,id_text,string,text,,ID kood tekst väljatüübina
EELIS/PostgREST,f_yrgid,nimi,string,text,,Nimi
EELIS/PostgREST,f_yrgid,tyyp,string,text,,Loodusobjekt kood
EELIS/PostgREST,f_yrgid,tyyp_selg,string,text,,Loodusobjekt
EELIS/PostgREST,f_yrgid,tx_asukoht,string,text,,Asukohakirjeldus
EELIS/PostgREST,f_yrgid,veekogu_id,integer,integer,,Asub veekogus (id)
EELIS/PostgREST,f_yrgid,veekogu_nimi,string,text,,Veekogu nimi
EELIS/PostgREST,f_yrgid,veekogu_kkr,string,text,,Veekogu KKR
EELIS/PostgREST,f_yrgid,ala_id,integer,integer,,Kaitsealune ala
EELIS/PostgREST,f_yrgid,tx_kirjeldus,string,text,,Iseloomustus
EELIS/PostgREST,f_yrgid,tx_tahtsus,string,text,,Tähtsus
EELIS/PostgREST,f_yrgid,tx_seisund,string,text,,Seisund
EELIS/PostgREST,f_yrgid,tx_kaitse,string,text,,Kaitse 
EELIS/PostgREST,f_yrgid,tx_uuritus,string,text,,Uuritus
EELIS/PostgREST,f_yrgid,tx_kirjandus,string,text,,Kirjandus
EELIS/PostgREST,f_yrgid,tx_koostanud,string,text,,Koostanud
EELIS/PostgREST,f_yrgid,muut_aeg,string,timestamp without time zone,,Viimase muutmise aeg
EELIS/PostgREST,f_yrgid,keht_staatus,string,text,,Kehtivuse staatus
EELIS/PostgREST,f_yrgid,staatus,string,text,,Staatus
EELIS/PostgREST,f_yrgid,ehak_tekst,string,text,,EHAK koondinfo
EELIS/PostgREST,f_yrgid,ehak_kood1,string,text,,EHAK kood maakond
EELIS/PostgREST,f_yrgid,ehak_kood2,string,text,,EHAK kood vald
EELIS/PostgREST,f_yrgid,ehak_kood3,string,text,,EHAK alamtase
EELIS/PostgREST,f_yrgid,kesk_x,number,double precision,,Ürglooduse objekti  tsentroidi x-koordinaat LEST97
EELIS/PostgREST,f_yrgid,kesk_y,number,double precision,,Ürglooduse objekti tsentroidi y-koordinaat LEST97
EELIS/PostgREST,f_yrgid_ala,id,integer,integer,,Ala ID
EELIS/PostgREST,f_yrgid_ala,nimi,string,text,,Nimi
EELIS/PostgREST,f_yrgid_ala,tyyp,string,text,,Tüübi kood
EELIS/PostgREST,f_yrgid_ala,tyyp_selg,string,text,,Tüübi selgitus
EELIS/PostgREST,f_yrgid_ala,kuulub_id,integer,integer,,Asub kaitsealal ID
EELIS/PostgREST,f_yrgid_ala,kuulub_selg,string,text,,Asub kaitsealal nimi
EELIS/PostgREST,f_yrgid_ala,on_regobj,boolean,boolean,,On registriobjekt
EELIS/PostgREST,f_yrgid_ala,kkr_kood,string,text,,KKR kood
EELIS/PostgREST,f_yrgid_ala,cdda_kood,string,text,,CDDA kood
EELIS/PostgREST,f_yrgid_ala,iucn_tyyp,string,text,,IUCN kood
EELIS/PostgREST,f_yrgid_ala,iucn_tyyp_selg,string,text,,IUCN koodi selgitus
EELIS/PostgREST,f_yrgid_ala,al_yksiktyyp,string,text,,Üksikobjekti tüüp
EELIS/PostgREST,f_yrgid_ala,al_yksiktyyp_selg,string,text,,Üksikobjekti tüübi selgitus
EELIS/PostgREST,f_yrgid_ala,yksikobj_seisund,string,text,,Üksikobjekti seisund
EELIS/PostgREST,f_yrgid_ala,yksikobj_seisund_selg,string,text,,Üksikobjekti seisundi selgitus
EELIS/PostgREST,f_yrgid_ala,al_voondtyyp,string,text,,Vöönditüüp
EELIS/PostgREST,f_yrgid_ala,al_voondtyyp_selg,string,text,,Vöönditüüp nimi
EELIS/PostgREST,f_yrgid_ala,al_staatus,string,text,,Ala staatus
EELIS/PostgREST,f_yrgid_ala,al_staatus_selg,string,text,,Ala staatus nimi
EELIS/PostgREST,f_yrgid_ala,kaitsekorra_alus_id,integer,integer,,Kaitsekorra alus 
EELIS/PostgREST,f_yrgid_ala,pindala_maa,number,double precision,,Maismaa pindala
EELIS/PostgREST,f_yrgid_ala,pindala_vesi,number,double precision,,Siseveekogude pindala
EELIS/PostgREST,f_yrgid_ala,pindala_meri,number,double precision,,Mereosa pindala
EELIS/PostgREST,f_yrgid_ala,veekogu_id,integer,integer,,Koelmuala veekogu
EELIS/PostgREST,f_yrgid_ala,on_msoodust,boolean,boolean,,On maamaksusoodustus
EELIS/PostgREST,f_yrgid_ala,msoodust_prots,string,text,,Maamaksu protsent
EELIS/PostgREST,f_yrgid_ala,tx_kirjeldus,string,text,,Iseloomustus
EELIS/PostgREST,f_yrgid_ala,tx_eesmark,string,text,,Kaitse-eesmärgi täpsustus
EELIS/PostgREST,f_yrgid_ala,kesk_x,number,double precision,,Ala tsentroidi x-koordinaat LEST97
EELIS/PostgREST,f_yrgid_ala,kesk_y,number,double precision,,Ala tsentroidi y-koordinaat LEST97
EELIS/PostgREST,f_yrgid_ala,muut_aeg,string,timestamp without time zone,,Viimase muutmise aeg
EELIS/PostgREST,f_yrgid_ala,keht_staatus,string,text,,Kehtivuse staatus
EELIS/PostgREST,f_yrgid_ala,valitseja_reg_kood,string,text,,Ala valitseja kood
EELIS/PostgREST,f_yrgid_ala,valitseja_nimetus,string,text,,Ala valitseja nimetus
EELIS/PostgREST,f_yrgid_ala,ehak_tekst,string,text,,EHAK koondinfo
EELIS/PostgREST,f_yrgid_ala,ehak_kood1,string,text,,EHAK kood maakond
EELIS/PostgREST,f_yrgid_ala,ehak_kood2,string,text,,EHAK kood vald
EELIS/PostgREST,f_yrgid_ala,ehak_kood3,string,text,,EHAK alamtase
EELIS/PostgREST,f_yrgid_ala,yrg_id,integer,integer,,Ürglooduse objekti ID  Note: This is a Foreign Key to `f_yrgid.id`.<fk table='f_yrgid' column='id'/>
EELIS/PostgREST,f_yrgid_ehak,id,integer,integer,,EHAK ID
EELIS/PostgREST,f_yrgid_ehak,ehak_kood,string,text,,EHAK kood
EELIS/PostgREST,f_yrgid_ehak,ehak_nimi,string,text,,EHAK nimi
EELIS/PostgREST,f_yrgid_ehak,ehak_rnimi,string,text,,EHAK rööpnimi
EELIS/PostgREST,f_yrgid_ehak,vald,string,text,,Vald nimi
EELIS/PostgREST,f_yrgid_ehak,maa,string,text,,Maakond nimi
EELIS/PostgREST,f_yrgid_ehak,tyyp,string,text,,EHAK tase
EELIS/PostgREST,f_yrgid_ehak,ehak_tyyp_selg,string,text,,EHAK tase selgitus
EELIS/PostgREST,f_yrgid_ehak,ehak_parent,string,text,,EHAK kõrgema taseme kood
EELIS/PostgREST,f_yrgid_ehak,ehak_muut_aeg,string,timestamp without time zone,,Viimase muudatuse aeg (EHAK)
EELIS/PostgREST,f_yrgid_ehak,yrg_id,integer,integer,,Ürg ID  Note: This is a Foreign Key to `f_yrgid.id`.<fk table='f_yrgid' column='id'/>
EELIS/PostgREST,f_yrgid_kandealus,kand_id,integer,integer,,Kandealus ID
EELIS/PostgREST,f_yrgid_kandealus,kand_kood,string,text,,Kandealus kood
EELIS/PostgREST,f_yrgid_kandealus,kand_tyyp,string,text,,Kandealus tüüp
EELIS/PostgREST,f_yrgid_kandealus,kand_tyyp_selg,string,text,,Kandealus tüüp selgitus
EELIS/PostgREST,f_yrgid_kandealus,kand_nimi,string,text,,Kandealus nimi
EELIS/PostgREST,f_yrgid_kandealus,kand_obj_tyyp,string,text,,Objekti tüüp (kandealus)
EELIS/PostgREST,f_yrgid_kandealus,kand_obj_tyyp_selg,string,text,,Objekti tüüp selgitus (kandealus)
EELIS/PostgREST,f_yrgid_kandealus,kand_kpv,string,timestamp without time zone,,Kandealus kuupäev
EELIS/PostgREST,f_yrgid_kandealus,kand_alusdok_id,integer,integer,,Alusdokumendi ID 
EELIS/PostgREST,f_yrgid_kandealus,kand_alusdok_nimi,string,text,,Alusdokumendi nimi
EELIS/PostgREST,f_yrgid_kandealus,kand_alusdok_alg_kehtib,string,timestamp without time zone,,Alusdokumendi kehtib alates kuupäev
EELIS/PostgREST,f_yrgid_kandealus,kand_aruanne_id,integer,integer,,Aruanne
EELIS/PostgREST,f_yrgid_kandealus,kand_aruanne_nimi,string,text,,Aruande nimi
EELIS/PostgREST,f_yrgid_kandealus,kand_aruanne_aasta,integer,integer,,Aruande aasta
EELIS/PostgREST,f_yrgid_kandealus,kand_esitamise_viis,string,text,,Esitamise viis
EELIS/PostgREST,f_yrgid_kandealus,kand_esit_viis_selg,string,text,,Esitamise viis selgitus
EELIS/PostgREST,f_yrgid_kandealus,kand_dok_kpv,string,timestamp without time zone,,Kandealus dokumendi kuupäev
EELIS/PostgREST,f_yrgid_kandealus,kand_tx_lisainfo,string,text,,Lisainfo (kandealus)
EELIS/PostgREST,f_yrgid_kandealus,kand_muut_aeg,string,timestamp without time zone,,Viimase muutmise aeg (kandealus)
EELIS/PostgREST,f_yrgid_kandealus,yrg_id,integer,integer,,Ürgloodus ID  Note: This is a Foreign Key to `f_yrgid.id`.<fk table='f_yrgid' column='id'/>
EELIS/PostgREST,f_yrgid_veekogu,id,integer,integer,,Veekogu id
EELIS/PostgREST,f_yrgid_veekogu,kood,string,text,,Veekogu kood
EELIS/PostgREST,f_yrgid_veekogu,tyyp,string,text,,Veekogu tüüp
EELIS/PostgREST,f_yrgid_veekogu,tyyp_selg,string,text,,Veekogu tüüp selgitus
EELIS/PostgREST,f_yrgid_veekogu,staatus,string,text,,Veekogu staatus
EELIS/PostgREST,f_yrgid_veekogu,staatus_selg,string,text,,Veekogu staatus selgitus
EELIS/PostgREST,f_yrgid_veekogu,keht_staatus,string,text,,Kehivuse staatus
EELIS/PostgREST,f_yrgid_veekogu,nimi,string,text,,Veekogu nimi
EELIS/PostgREST,f_yrgid_veekogu,kkr_kood,string,text,,KKR kood
EELIS/PostgREST,f_yrgid_veekogu,muud_nimed,string,text,,Veekogu muud nimed
EELIS/PostgREST,f_yrgid_veekogu,avalik_kasut,string,text,,Avalik kasutatavus
EELIS/PostgREST,f_yrgid_veekogu,avalik_kasut_selg,string,text,,Avalik kasutatavus selgitus
EELIS/PostgREST,f_yrgid_veekogu,vesikond_id,integer,integer,,Vesikond (VRD)
EELIS/PostgREST,f_yrgid_veekogu,vesikond_selg,string,text,,Vesikond nimi
EELIS/PostgREST,f_yrgid_veekogu,vesikond_kuulub_id,string,text,,Kuulub id(vesikond)
EELIS/PostgREST,f_yrgid_veekogu,vesikond_kuulub_nimi,string,text,,Kuulub nimi (vesikond)
EELIS/PostgREST,f_yrgid_veekogu,on_pandivere_pv,boolean,boolean,,Asub nitraaditundlikul alal 
EELIS/PostgREST,f_yrgid_veekogu,tx_lisainfo,string,text,,Lisainfo
EELIS/PostgREST,f_yrgid_veekogu,valgla_suurus,string,text,,Valgala suurus 
EELIS/PostgREST,f_yrgid_veekogu,valgla_suurus_selg,string,text,,Valgala suurus selgitus
EELIS/PostgREST,f_yrgid_veekogu,valgla_pindala,number,double precision,,Valgala pindala
EELIS/PostgREST,f_yrgid_veekogu,valgla_aasta,integer,integer,,Valgala aasta
EELIS/PostgREST,f_yrgid_veekogu,vee_pindala,number,double precision,,Veepeegli pindala 
EELIS/PostgREST,f_yrgid_veekogu,saarte_pindala,number,double precision,,Saarte pindala
EELIS/PostgREST,f_yrgid_veekogu,saarte_arv,integer,integer,,Saarte arv
EELIS/PostgREST,f_yrgid_veekogu,kesk_sygavus,number,double precision,,Keskmine sügavus
EELIS/PostgREST,f_yrgid_veekogu,max_sygavus,number,double precision,,Maksimaalne sügavus
EELIS/PostgREST,f_yrgid_veekogu,vrd_tyyp,string,text,,Veetüüp VRD
EELIS/PostgREST,f_yrgid_veekogu,vrd_tyyp_selg,string,text,,Veetüüp VRD selgitus
EELIS/PostgREST,f_yrgid_veekogu,tx_valgala,string,text,,Valgala kirjeldus
EELIS/PostgREST,f_yrgid_veekogu,vv_latte_ehak_id,integer,integer,,Lätte EHAK
EELIS/PostgREST,f_yrgid_veekogu,vv_latte_ehak_nimi,string,text,,Lätte EHAK nimi
EELIS/PostgREST,f_yrgid_veekogu,vv_latte_tyyp,string,text,,Lätte tüüp
EELIS/PostgREST,f_yrgid_veekogu,vv_latte_tyyp_selg,string,text,,Lätte tüüp selgitus
EELIS/PostgREST,f_yrgid_veekogu,vv_latte_id,integer,integer,,Lätte veekogu
EELIS/PostgREST,f_yrgid_veekogu,vv_latte_selg,string,text,,Lätte veekogu nimi
EELIS/PostgREST,f_yrgid_veekogu,vv_latte_kkr,string,text,,Lätte veekogu kkr 
EELIS/PostgREST,f_yrgid_veekogu,vv_latte_x,number,double precision,,Lätte X
EELIS/PostgREST,f_yrgid_veekogu,vv_latte_y,number,double precision,,Lätte Y
EELIS/PostgREST,f_yrgid_veekogu,vv_suub_ehak_id,integer,integer,,Suubla EHAK
EELIS/PostgREST,f_yrgid_veekogu,vv_suub_ehak_selg,string,text,,Suubla EHAK nimi
EELIS/PostgREST,f_yrgid_veekogu,vv_suub_tyyp,string,text,,Suubumise tüüp
EELIS/PostgREST,f_yrgid_veekogu,vv_suub_tyyp_selg,string,text,,Suubub veekogusse
EELIS/PostgREST,f_yrgid_veekogu,vv_suub_id,integer,integer,,
EELIS/PostgREST,f_yrgid_veekogu,vv_suub_selg,string,text,,Suubub veekogusse nimi
EELIS/PostgREST,f_yrgid_veekogu,vv_suub_kkr,string,text,,Suubub veekogusse kkr
EELIS/PostgREST,f_yrgid_veekogu,vv_suub_x,number,double precision,,Suubla X
EELIS/PostgREST,f_yrgid_veekogu,vv_suub_y,number,double precision,,Suubla Y
EELIS/PostgREST,f_yrgid_veekogu,vv_suub_jark,integer,integer,,Suubumise järk
EELIS/PostgREST,f_yrgid_veekogu,vv_suub_suudmest,number,double precision,,Suubumiskoha kaugus põhijõe suudmest (km)
EELIS/PostgREST,f_yrgid_veekogu,vv_pikkus3,number,double precision,,Vooluveekogu põhitelje pikkus (km)
EELIS/PostgREST,f_yrgid_veekogu,vv_tx_alg_kirj,string,text,,Lähtekoha kirjeldus
EELIS/PostgREST,f_yrgid_veekogu,vv_tx_suub_kirj,string,text,,Suubumiskoha kirjeldus
EELIS/PostgREST,f_yrgid_veekogu,jv_laius,number,double precision,,Järve laius (m)
EELIS/PostgREST,f_yrgid_veekogu,jv_pikkus,number,double precision,,Järve pikkus (m)
EELIS/PostgREST,f_yrgid_veekogu,jv_kaldaj,number,double precision,,Kaldajoone pikkus (m)
EELIS/PostgREST,f_yrgid_veekogu,jv_maht,number,double precision,,Maht (tuh m³)
EELIS/PostgREST,f_yrgid_veekogu,jv_kalda_liigend,number,double precision,,Kalda liigendatus
EELIS/PostgREST,f_yrgid_veekogu,jv_veevahetus,number,double precision,,Veevahetus (korda aastas)
EELIS/PostgREST,f_yrgid_veekogu,jv_on_umbjarv,boolean,boolean,,On umbjärv
EELIS/PostgREST,f_yrgid_veekogu,jv_limn_tyyp,string,text,,Limnoloogiline tüüp
EELIS/PostgREST,f_yrgid_veekogu,jv_limn_tyyp_selg,string,text,,Limnoloogiline tüüp selgitus
EELIS/PostgREST,f_yrgid_veekogu,v_veevah_skaala,string,text,,Veevahetuse skaala (järv)
EELIS/PostgREST,f_yrgid_veekogu,v_veevah_skaala_selg,string,text,,Veevahetus skaala (järv) selgitus
EELIS/PostgREST,f_yrgid_veekogu,jv_labiv_id,integer,integer,,Läbivoolav veekogu
EELIS/PostgREST,f_yrgid_veekogu,jv_labiv_selg,string,text,,Läbivoolav veekogu nimi
EELIS/PostgREST,f_yrgid_veekogu,jv_labiv_kkr,string,text,,Läbivoolav veekogu kkr kood
EELIS/PostgREST,f_yrgid_veekogu,me_grupp_id,integer,integer,,Kuulub mereala juurde
EELIS/PostgREST,f_yrgid_veekogu,me_grupp_selg,string,text,,Mereala nimi
EELIS/PostgREST,f_yrgid_veekogu,me_grupp_kkr,string,text,,Mereala kkr kood
EELIS/PostgREST,f_yrgid_veekogu,al_tundlik_ala_id,integer,integer,,Asub olulisel allika- või karstialal
EELIS/PostgREST,f_yrgid_veekogu,tundlik_ala_selg,string,text,,Allika- või karstiala nimi
EELIS/PostgREST,f_yrgid_veekogu,tundlik_ala_kkr,string,text,,Allika- või karstiala kkr kood
EELIS/PostgREST,f_yrgid_veekogu,kesk_x,number,double precision,,Veekogu tsentroidi x-koordinaat
EELIS/PostgREST,f_yrgid_veekogu,kesk_y,number,double precision,,Veekogu tsentroidi y-koordinaat
EELIS/PostgREST,f_yrgid_veekogu,muut_staatus,string,text,,Menetlusfaas
EELIS/PostgREST,f_yrgid_veekogu,muut_staatus_selg,string,text,,Menetlusfaas selgitus
EELIS/PostgREST,f_yrgid_veekogu,muut_aeg,string,timestamp without time zone,,Viimase muutmise aeg
EELIS/PostgREST,f_yrgid_veekogu,ehak_tekst,string,text,,EHAK koondinfo
EELIS/PostgREST,f_yrgid_veekogu,ehak_kood1,string,text,,EHAK kood maakond
EELIS/PostgREST,f_yrgid_veekogu,ehak_kood2,string,text,,EHAK kood vald
EELIS/PostgREST,f_yrgid_veekogu,ehak_kood3,string,text,,EHAK  alamtase
EELIS/PostgREST,f_yrgid_veekogu,yrg_id,integer,integer,,Ürg ID  Note: This is a Foreign Key to `f_yrgid.id`.<fk table='f_yrgid' column='id'/>
EELIS/PostgREST,jaatmejaamad_load,kaitluskoha_nimi,string,character varying,,
EELIS/PostgREST,jaatmejaamad_load,kaitluskoha_aadress,string,character varying,,
EELIS/PostgREST,jaatmejaamad_load,x_koordinaat,integer,integer,,
EELIS/PostgREST,jaatmejaamad_load,y_koordinaat,integer,integer,,
EELIS/PostgREST,jaatmejaamad_load,kaitaja_nimi,string,character varying,,
EELIS/PostgREST,jaatmejaamad_load,loa_number,string,character varying,,
EELIS/PostgREST,jaatmejaamad_load,kehtib_alates,string,date,,
EELIS/PostgREST,jaatmejaamad_load,kehtib_kuni,string,date,,
EELIS/PostgREST,jaatmejaamad_load,kaitluskoht_kood,string,character varying,,
EELIS/PostgREST,jaatmeliik_kogus,kaitluskoha_nimi,string,character varying,,
EELIS/PostgREST,jaatmeliik_kogus,loa_number,string,character varying,,
EELIS/PostgREST,jaatmeliik_kogus,jaatmeliik_kood,string,character varying,,
EELIS/PostgREST,jaatmeliik_kogus,jaatmeliik_nimetus_est,string,character varying,,
EELIS/PostgREST,jaatmeliik_kogus,sissetulek_kokku,number,double precision,,
EELIS/PostgREST,jaatmeliik_kogus,sissetulek_saadakseteistel,number,double precision,,
EELIS/PostgREST,jaatmeliik_kogus,kogus_kogumine,number,double precision,,
EELIS/PostgREST,stat_t_awtabel001_01_curr,aruandeaasta,integer,integer,,Aruandeaasta
EELIS/PostgREST,stat_t_awtabel001_01_curr,asula_ehak,string,text,,Teenuse pakkumise asula EHAK
EELIS/PostgREST,stat_t_awtabel001_01_curr,asulanimi,string,text,,Teenuse pakkumise asula nimi
EELIS/PostgREST,stat_t_awtabel001_01_curr,annual_report_id,integer,integer,,Aastaaruande id
EELIS/PostgREST,stat_t_awtabel001_01_curr,yhiskanal_liik,string,text,,Ühiskanalisatsiooni liik
EELIS/PostgREST,stat_t_awtabel001_01_curr,leketeregsysteem,string,text,,Veevärgi lekete registreerimissüsteemi olemasolu
EELIS/PostgREST,stat_t_awtabel001_01_curr,leketeregsysteem_muu,string,text,,Veevärgi lekete registreerimissüsteemi kirjeldus
EELIS/PostgREST,stat_t_awtabel001_01_curr,leketevaltimisemeede,string,text,,Lekete välitimismeede
EELIS/PostgREST,stat_t_awtabel001_01_curr,leketevaltimisemeede_muu,string,text,,Muu lekete vältimismeetmete kirjeldus
EELIS/PostgREST,stat_t_awtabel001_01_curr,reoveepuhasti1_kood,string,text,,Reoveepuhasti kood (1)
EELIS/PostgREST,stat_t_awtabel001_01_curr,reoveepuhasti1_nimi,string,text,,Reoveepuhasti nimi (1)
EELIS/PostgREST,stat_t_awtabel001_01_curr,reoveepuhasti2_kood,string,text,,Reoveepuhasti kood (2)
EELIS/PostgREST,stat_t_awtabel001_01_curr,reoveepuhasti2_nimi,string,text,,Reoveepuhasti nimi (2)
EELIS/PostgREST,stat_t_awtabel001_01_curr,reoveepuhasti3_kood,string,text,,Reoveepuhasti kood (3)
EELIS/PostgREST,stat_t_awtabel001_01_curr,reoveepuhasti3_nimi,string,text,,Reoveepuhasti nimi (3)
EELIS/PostgREST,stat_t_awtabel001_01_curr,markused,string,text,,Märkused
EELIS/PostgREST,stat_t_awtabel001_01_curr,muudmarkused,string,text,,Muud märkused
EELIS/PostgREST,stat_t_awtabel001_01_curr,elanikearv,number,double precision,,Elanike arv
EELIS/PostgREST,stat_t_awtabel001_01_curr,vvliitunud_protsent,number,double precision,,Veevärgiga liitunud (%)
EELIS/PostgREST,stat_t_awtabel001_01_curr,vvliitumisvoimalusega_protsent,number,double precision,,Veevärgiga liitumisvõimalus (%)
EELIS/PostgREST,stat_t_awtabel001_01_curr,ykliitunud_protsent,number,double precision,,Ühiskanalisatsiooniga liitunud (%)
EELIS/PostgREST,stat_t_awtabel001_01_curr,ykliitumisvoimalusega_protsent,number,double precision,,Ühiskanalisatsiooniga liitumisvõimalus (%)
EELIS/PostgREST,stat_t_awtabel001_01_curr,vvleke_protsent,number,double precision,,Veevärgi torust leke (%)
EELIS/PostgREST,stat_t_awtabel001_01_curr,ykleke_protsent,number,double precision,,Ühiskanalisatsiooni torust leke (%)
EELIS/PostgREST,stat_t_awtabel001_01_curr,ykinfiltratsioon_protsent,number,double precision,,Ühiskanalisatsiooni torust infiltr (%)
EELIS/PostgREST,stat_t_awtabel001_01_curr,vvtorustik_km,number,double precision,,Veevärgi torust pikkus (km)
EELIS/PostgREST,stat_t_awtabel001_01_curr,yktorustik_km,number,double precision,,Ühiskanalisatsiooni torust pikkus (km)
EELIS/PostgREST,stat_t_awtabel001_01_curr,yklahkvoolne_protsent,number,double precision,,Lahkvoolse kanalisatsiooni osakaal (%)
EELIS/PostgREST,stat_t_awtabel001_01_curr,sademetorustik_km,number,double precision,,Sademevee torust pikkus (km)
EELIS/PostgREST,stat_t_awtabel001_01_curr,purgitavareoveekogus,number,double precision,,Purgitava reovee kogus (m3)
EELIS/PostgREST,stat_t_awtabel001_01_curr,purgitavareoveekogusie,number,double precision,,Purgitava reovee kogus (ie)
EELIS/PostgREST,stat_t_awtabel001_02_curr,aruandeaasta,integer,integer,,Aruande aasta
EELIS/PostgREST,stat_t_awtabel001_02_curr,reoveekogumisalakood,string,text,,Reoveekogumisala koood
EELIS/PostgREST,stat_t_awtabel001_02_curr,reoveekogumisalanimi,string,text,,Reoveekogumisala nimi
EELIS/PostgREST,stat_t_awtabel001_02_curr,annual_report_id,integer,integer,,Aastaaruande id
EELIS/PostgREST,stat_t_awtabel001_02_curr,uhiskanalliik,string,text,,Ühiskanalisatsiooni liik
EELIS/PostgREST,stat_t_awtabel001_02_curr,veepuhasti1_kood,string,text,,Reoveepuhasti kood (1)
EELIS/PostgREST,stat_t_awtabel001_02_curr,veepuhasti1_nimi,string,text,,Reoveepuhasti nimi (1)
EELIS/PostgREST,stat_t_awtabel001_02_curr,veepuhasti2_kood,string,text,,Reoveepuhasti kood (2)
EELIS/PostgREST,stat_t_awtabel001_02_curr,veepuhasti2_nimi,string,text,,Reoveepuhasti nimi (2)
EELIS/PostgREST,stat_t_awtabel001_02_curr,veepuhasti3_kood,string,text,,Reoveepuhasti kood (3)
EELIS/PostgREST,stat_t_awtabel001_02_curr,veepuhasti3_nimi,string,text,,Reoveepuhasti nimi (3)
EELIS/PostgREST,stat_t_awtabel001_02_curr,markused,string,text,,Märkused
EELIS/PostgREST,stat_t_awtabel001_02_curr,elanikearv,number,double precision,,Elanike arv
EELIS/PostgREST,stat_t_awtabel001_02_curr,ykliitunud_protsent,number,double precision,,Ühiskanalisatsiooniga liitunud (%)
EELIS/PostgREST,stat_t_awtabel001_02_curr,ykliitumisvoimalusega_protsent,number,double precision,,Ühiskanalisatsiooniga liitumisvõimalus (%)
EELIS/PostgREST,stat_t_awtabel001_02_curr,yktorustik_km,number,double precision,,Ühiskanalisatsiooni torust pikkus (km)
EELIS/PostgREST,stat_t_awtabel001_02_curr,yklahkvoolne_protsent,number,double precision,,Lahkvoolse kanalisatsiooni osakaal (%)
EELIS/PostgREST,stat_t_awtabel001_02_curr,purgitavareoveekogus,number,double precision,,Purgitava reovee kogus (m3)
EELIS/PostgREST,stat_t_awtabel001_02_curr,purgitavareoveekogusie,number,double precision,,Purgitava reovee kogus (ie)
EELIS/PostgREST,stat_t_awtabel001_curr,annual_report_id,integer,integer,,Aastaaruande id
EELIS/PostgREST,stat_t_awtabel001_curr,aruanne_staatus,string,text,,Aruande staatus
EELIS/PostgREST,stat_t_awtabel001_curr,aruandeaasta,integer,integer,,"Aasta, mille kohta aruanne esitati"
EELIS/PostgREST,stat_t_awtabel001_curr,aruanne_selg,string,text,,
EELIS/PostgREST,stat_t_awtabel001_curr,kaitis_kov_luba,string,text,,Käitise asukoha KOV
EELIS/PostgREST,stat_t_awtabel001_curr,aruandeesitaja_kov_nimi,string,text,,Aruandeesitaja KOV
EELIS/PostgREST,stat_t_awtabel001_curr,aruandeesitaja_maakond_nimi,string,text,,Aruandeesitaja maakond
EELIS/PostgREST,stat_t_awtabel001_curr,aruandeesitaja_emtakkood,string,text,,Aruandeesitaja EMTAK kood
EELIS/PostgREST,stat_t_awtabel001_curr,aruandeesitaja_emtaknimetus,string,text,,Aruandeesitaja EMTAK nimetus
EELIS/PostgREST,stat_t_awtabel001_curr,kas_veeettevotja,string,text,,Kas vee-ettevõtja?
EELIS/PostgREST,stat_t_awtabel001_curr,kas_veekasutaja,string,text,,Kas veekasutaja?
EELIS/PostgREST,stat_t_awtabel001_curr,kas_veejuhtija,string,text,,Kas veejuhtija?
EELIS/PostgREST,stat_t_awtabel001_curr,kas_vesiviljeleja,string,text,,Kas vesiviljeleja?
EELIS/PostgREST,stat_t_awtabel001_curr,kas_syvendaja,string,text,,Kas süvendaja?
EELIS/PostgREST,stat_t_awtabel001_curr,pohitegevusala_emtakkood,string,text,,Põhitegevusala EMTAK kood
EELIS/PostgREST,stat_t_awtabel001_curr,pohitegevusala_emtaknimetus,string,text,,Põhitegevusala EMTAK nimetus
EELIS/PostgREST,stat_t_awtabel001_curr,lisategevusala_emtakkood,string,text,,Lisategevusala EMTAK kood
EELIS/PostgREST,stat_t_awtabel001_curr,lisategevusala_emtaknimetus,string,text,,Lisategevusala EMTAK nimetus
EELIS/PostgREST,stat_t_awtabel001_curr,luba_number,string,text,,Juriidilise isiku loa number või eraisiku tunnus
EELIS/PostgREST,stat_t_awtabel001_curr,ariregistrikood,string,text,,Juriidilise isiku äriregistri kood
EELIS/PostgREST,stat_t_awtabel001_curr,arinimi_fyysilise_isiku_nimi,string,text,,Juriidilise isiku ärinimi
EELIS/PostgREST,stat_t_awtabel001_curr,kaitis_nimi_luba,string,text,,Juriidilise isiku käitise nimetus loal
EELIS/PostgREST,stat_t_awtabel001_curr,kaitis_asula_luba,string,text,,Käitise asukoha asula loal
EELIS/PostgREST,stat_t_awtabel001_curr,kaitis_maakond_luba,string,text,,Käitise asukoha maakond loal
EELIS/PostgREST,stat_t_awtabel001_curr,aruandeesitaja_asula,string,text,,Aruande esitaja asula
EELIS/PostgREST,stat_t_awtabel002_01_curr,aruandeaasta,integer,integer,,Aruande aasta
EELIS/PostgREST,stat_t_awtabel002_01_curr,annual_report_id,integer,integer,,Aastaaruande id
EELIS/PostgREST,stat_t_awtabel002_01_curr,veehaardekood,string,text,,Veehaarde kood
EELIS/PostgREST,stat_t_awtabel002_01_curr,veehaardenimetus,string,text,,Veehaarde nimetus
EELIS/PostgREST,stat_t_awtabel002_01_curr,jaamakood,string,text,,Veetöötlusjaama kood
EELIS/PostgREST,stat_t_awtabel002_01_curr,jaamanimi,string,text,,Veetöötlusjaama nimi
EELIS/PostgREST,stat_t_awtabel002_01_curr,markused,string,text,,Märkused
EELIS/PostgREST,stat_t_awtabel002_01_curr,aastakokku,number,double precision,,Aasta kokku
EELIS/PostgREST,stat_t_awtabel002_01_curr,jaanuar,number,double precision,,Jaanuar (m3)
EELIS/PostgREST,stat_t_awtabel002_01_curr,veebruar,number,double precision,,Veebruar (m3)
EELIS/PostgREST,stat_t_awtabel002_01_curr,marts,number,double precision,,Märts (m3)
EELIS/PostgREST,stat_t_awtabel002_01_curr,aprill,number,double precision,,Aprill (m3)
EELIS/PostgREST,stat_t_awtabel002_01_curr,mai,number,double precision,,Mai (m3)
EELIS/PostgREST,stat_t_awtabel002_01_curr,juuni,number,double precision,,Juuni (m3)
EELIS/PostgREST,stat_t_awtabel002_01_curr,juuli,number,double precision,,Juuli (m3)
EELIS/PostgREST,stat_t_awtabel002_01_curr,august,number,double precision,,August (m3)
EELIS/PostgREST,stat_t_awtabel002_01_curr,september,number,double precision,,September (m3)
EELIS/PostgREST,stat_t_awtabel002_01_curr,oktoober,number,double precision,,Oktoober (m3)
EELIS/PostgREST,stat_t_awtabel002_01_curr,november,number,double precision,,November (m3)
EELIS/PostgREST,stat_t_awtabel002_01_curr,detsember,number,double precision,,Detsember (m3)
EELIS/PostgREST,stat_t_awtabel002_02_curr,aruandeaasta,integer,integer,,Aruande aasta
EELIS/PostgREST,stat_t_awtabel002_02_curr,annual_report_id,integer,integer,,Aastaaruande id
EELIS/PostgREST,stat_t_awtabel002_02_curr,veehaardekood,string,text,,Veehaarde kood
EELIS/PostgREST,stat_t_awtabel002_02_curr,veehaardenimetus,string,text,,Veehaarde nimetus
EELIS/PostgREST,stat_t_awtabel002_02_curr,jaamakood,string,text,,Veetöötlusjaama kood
EELIS/PostgREST,stat_t_awtabel002_02_curr,jaamanimi,string,text,,Veetöötlusjaama nimi
EELIS/PostgREST,stat_t_awtabel002_02_curr,markused,string,text,,Märkused
EELIS/PostgREST,stat_t_awtabel002_02_curr,aastakokku,number,double precision,,Aasta kokku
EELIS/PostgREST,stat_t_awtabel002_02_curr,jaanuar,number,double precision,,Jaanuar (m3)
EELIS/PostgREST,stat_t_awtabel002_02_curr,veebruar,number,double precision,,Veebruar (m3)
EELIS/PostgREST,stat_t_awtabel002_02_curr,marts,number,double precision,,Märts (m3)
EELIS/PostgREST,stat_t_awtabel002_02_curr,aprill,number,double precision,,Aprill (m3)
EELIS/PostgREST,stat_t_awtabel002_02_curr,mai,number,double precision,,Mai (m3)
EELIS/PostgREST,stat_t_awtabel002_02_curr,juuni,number,double precision,,Juuni (m3)
EELIS/PostgREST,stat_t_awtabel002_02_curr,juuli,number,double precision,,Juuli (m3)
EELIS/PostgREST,stat_t_awtabel002_02_curr,august,number,double precision,,August (m3)
EELIS/PostgREST,stat_t_awtabel002_02_curr,september,number,double precision,,September (m3)
EELIS/PostgREST,stat_t_awtabel002_02_curr,oktoober,number,double precision,,Oktoober (m3)
EELIS/PostgREST,stat_t_awtabel002_02_curr,november,number,double precision,,November (m3)
EELIS/PostgREST,stat_t_awtabel002_02_curr,detsember,number,double precision,,Detsember (m3)
EELIS/PostgREST,stat_t_awtabel004_curr,aruandeaasta,integer,integer,,Aruande aasta
EELIS/PostgREST,stat_t_awtabel004_curr,annual_report_id,integer,integer,,Aastaaruande id
EELIS/PostgREST,stat_t_awtabel004_curr,kasutuspiirkond,string,text,,Kasutuspiirkond
EELIS/PostgREST,stat_t_awtabel004_curr,veeliik,string,text,,Veeliik
EELIS/PostgREST,stat_t_awtabel004_curr,markus_v4,string,text,,Märkus
EELIS/PostgREST,stat_t_awtabel004_curr,kokku,number,double precision,,Veekasutus kokku (m3)
EELIS/PostgREST,stat_t_awtabel004_curr,olme,number,double precision,,Veekasutus Olme (m3)
EELIS/PostgREST,stat_t_awtabel004_curr,toostus,number,double precision,,Veekasutus Tööstus (m3)
EELIS/PostgREST,stat_t_awtabel004_curr,jahutus,number,double precision,,Veekasutus Jahutus (m3)
EELIS/PostgREST,stat_t_awtabel004_curr,energeetika,number,double precision,,Veekasutus Energeetika (m3)
EELIS/PostgREST,stat_t_awtabel004_curr,pollumajandus,number,double precision,,Veekasutus Põllumajandus (m3)
EELIS/PostgREST,stat_t_awtabel004_curr,niisutus,number,double precision,,Veekasutus Niisutus (m3)
EELIS/PostgREST,stat_t_awtabel004_curr,muu,number,double precision,,Veekasutus Muu (m3)
EELIS/PostgREST,stat_t_awtabel004_curr,veekadu,number,double precision,,Veekadu (m3)
EELIS/PostgREST,stat_t_awtabel006_01_curr,aruandeaasta,integer,integer,,Aruande aasta
EELIS/PostgREST,stat_t_awtabel006_01_curr,annual_report_id,integer,integer,,Aastaaruande id
EELIS/PostgREST,stat_t_awtabel006_01_curr,valjalaskmekood,string,text,,Väljalaskme kood
EELIS/PostgREST,stat_t_awtabel006_01_curr,valjalaskme_kkr_kood,string,text,,Väljalaskme KKR kood
EELIS/PostgREST,stat_t_awtabel006_01_curr,valjalaskmenimetus,string,text,,Väljalaskme nimetus
EELIS/PostgREST,stat_t_awtabel006_01_curr,puhasti_kkr_kood,string,text,,Puhasti KKR kood
EELIS/PostgREST,stat_t_awtabel006_01_curr,puhasti_nimi,string,text,,Puhasti nimi
EELIS/PostgREST,stat_t_awtabel006_01_curr,arvutusviis,string,text,,Arvutusviis
EELIS/PostgREST,stat_t_awtabel006_01_curr,markused,string,text,,Märkused
EELIS/PostgREST,stat_t_awtabel006_01_curr,heitveehulk1kv,number,double precision,,Heitvee hulk 1 kv (m3)
EELIS/PostgREST,stat_t_awtabel006_01_curr,heitveehulk2kv,number,double precision,,Heitvee hulk 2 kv (m3)
EELIS/PostgREST,stat_t_awtabel006_01_curr,heitveehulk3kv,number,double precision,,Heitvee hulk 3 kv (m3)
EELIS/PostgREST,stat_t_awtabel006_01_curr,heitveehulk4kv,number,double precision,,Heitvee hulk 4 kv (m3)
EELIS/PostgREST,stat_t_awtabel006_01_curr,heitveehulkaastas,number,double precision,,Heitvee hulk aastas (m3)
EELIS/PostgREST,stat_t_awtabel006_01_curr,bht7kontsentratsioonlubatud,number,double precision,,Lubatud BHT7 kontsentratsioon (mg/l)
EELIS/PostgREST,stat_t_awtabel006_01_curr,bht7kontsentratsioon1kv,number,double precision,,BHT7 kontsentratsioon 1 kv (mg/l)
EELIS/PostgREST,stat_t_awtabel006_01_curr,bht7kontsentratsioon2kv,number,double precision,,BHT7 kontsentratsioon 2 kv (mg/l)
EELIS/PostgREST,stat_t_awtabel006_01_curr,bht7kontsentratsioon3kv,number,double precision,,BHT7 kontsentratsioon 3 kv (mg/l)
EELIS/PostgREST,stat_t_awtabel006_01_curr,bht7kontsentratsioon4kv,number,double precision,,BHT7 kontsentratsioon 4 kv (mg/l)
EELIS/PostgREST,stat_t_awtabel006_01_curr,bht7kogus,number,double precision,,BHT7 kogus (t)
EELIS/PostgREST,stat_t_awtabel006_01_curr,helkontsentratsioonlubatud,number,double precision,,Lubatud Heljumi kontsentratsioon (mg/l)
EELIS/PostgREST,stat_t_awtabel006_01_curr,helkontsentratsioon1kv,number,double precision,,Heljumi kontsentratsioon 1 kv (mg/l)
EELIS/PostgREST,stat_t_awtabel006_01_curr,helkontsentratsioon2kv,number,double precision,,Heljumi kontsentratsioon 2 kv (mg/l)
EELIS/PostgREST,stat_t_awtabel006_01_curr,helkontsentratsioon3kv,number,double precision,,Heljumi kontsentratsioon 3 kv (mg/l)
EELIS/PostgREST,stat_t_awtabel006_01_curr,helkontsentratsioon4kv,number,double precision,,Heljumi kontsentratsioon 4 kv (mg/l)
EELIS/PostgREST,stat_t_awtabel006_01_curr,helkogus,number,double precision,,Heljumi kogus (t)
EELIS/PostgREST,stat_t_awtabel006_01_curr,khtkontsentratsioonlubatud,number,double precision,,Lubatud KHT kontsentratsioon (mg/l)
EELIS/PostgREST,stat_t_awtabel006_01_curr,khtkontsentratsioon1kv,number,double precision,,KHT kontsentratsioon 1 kv (mg/l)
EELIS/PostgREST,stat_t_awtabel006_01_curr,khtkontsentratsioon2kv,number,double precision,,KHT kontsentratsioon 2 kv (mg/l)
EELIS/PostgREST,stat_t_awtabel006_01_curr,khtkontsentratsioon3kv,number,double precision,,KHT kontsentratsioon 3 kv (mg/l)
EELIS/PostgREST,stat_t_awtabel006_01_curr,khtkontsentratsioon4kv,number,double precision,,KHT kontsentratsioon 4 kv (mg/l)
EELIS/PostgREST,stat_t_awtabel006_01_curr,khtkogus,number,double precision,,KHT kogus (t)
EELIS/PostgREST,stat_t_awtabel006_01_curr,pkontsentratsioonlubatud,number,double precision,,Lubatud Püld kontsentratsioon (mg/l)
EELIS/PostgREST,stat_t_awtabel006_01_curr,pkontsentratsioon1kv,number,double precision,,Püld kontsentratsioon 1 kv (mg/l)
EELIS/PostgREST,stat_t_awtabel006_01_curr,pkontsentratsioon2kv,number,double precision,,Püld kontsentratsioon 2 kv (mg/l)
EELIS/PostgREST,stat_t_awtabel006_01_curr,pkontsentratsioon3kv,number,double precision,,Püld kontsentratsioon 3 kv (mg/l)
EELIS/PostgREST,stat_t_awtabel006_01_curr,pkontsentratsioon4kv,number,double precision,,Püld kontsentratsioon 4 kv (mg/l)
EELIS/PostgREST,stat_t_awtabel006_01_curr,pkogus,number,double precision,,Püld kogus (t)
EELIS/PostgREST,stat_t_awtabel006_01_curr,nyldkontsentratsioonlubatud,number,double precision,,Lubatud Nüld kontsentratsioon (mg/l)
EELIS/PostgREST,stat_t_awtabel006_01_curr,nyldkontsentratsioon1kv,number,double precision,,Nüld kontsentratsioon 1 kv (mg/l)
EELIS/PostgREST,stat_t_awtabel006_01_curr,nyldkontsentratsioon2kv,number,double precision,,Nüld kontsentratsioon 2 kv (mg/l)
EELIS/PostgREST,stat_t_awtabel006_01_curr,nyldkontsentratsioon3kv,number,double precision,,Nüld kontsentratsioon 3 kv (mg/l)
EELIS/PostgREST,stat_t_awtabel006_01_curr,nyldkontsentratsioon4kv,number,double precision,,Nüld kontsentratsioon 4 kv (mg/l)
EELIS/PostgREST,stat_t_awtabel006_01_curr,nyldkogus,number,double precision,,Nüld kogus (t)
EELIS/PostgREST,stat_t_awtabel006_01_curr,nyldeheitveehulk1kv,number,double precision,,Nüld-erisus heitvee hulk 1 kv (m3)
EELIS/PostgREST,stat_t_awtabel006_01_curr,nyldeheitveehulk2kv,number,double precision,,Nüld-erisus heitvee hulk 2 kv (m3)
EELIS/PostgREST,stat_t_awtabel006_01_curr,nyldeheitveehulk3kv,number,double precision,,Nüld-erisus heitvee hulk 3 kv (m3)
EELIS/PostgREST,stat_t_awtabel006_01_curr,nyldeheitveehulk4kv,number,double precision,,Nüld-erisus heitvee hulk 4 kv (m3)
EELIS/PostgREST,stat_t_awtabel006_01_curr,nyldeheitveehulkaastas,number,double precision,,Nüld-erisus heitvee hulk aastas (m3)
EELIS/PostgREST,stat_t_awtabel006_01_curr,nyldekontsentratsioon1kv,number,double precision,,Nüld-erisus kontsentratsioon 1 kv (mg/l)
EELIS/PostgREST,stat_t_awtabel006_01_curr,nyldekontsentratsioon2kv,number,double precision,,Nüld-erisus kontsentratsioon 2 kv (mg/l)
EELIS/PostgREST,stat_t_awtabel006_01_curr,nyldekontsentratsioon3kv,number,double precision,,Nüld-erisus kontsentratsioon 3 kv (mg/l)
EELIS/PostgREST,stat_t_awtabel006_01_curr,nyldekontsentratsioon4kv,number,double precision,,Nüld-erisus kontsentratsioon 4 kv (mg/l)
EELIS/PostgREST,stat_t_awtabel006_01_curr,nyldekogus,number,double precision,,Nüld-erisus kogus (t)
EELIS/PostgREST,stat_t_awtabel006_02_curr,aruandeaasta,integer,integer,,Aruande aasta
EELIS/PostgREST,stat_t_awtabel006_02_curr,annual_report_id,integer,integer,,Aastaaruande id
EELIS/PostgREST,stat_t_awtabel006_02_curr,valjalaskmekood,string,text,,Väljalaskme kood
EELIS/PostgREST,stat_t_awtabel006_02_curr,valjalaskme_kkr_kood,string,text,,Väljalaskme KKR kood
EELIS/PostgREST,stat_t_awtabel006_02_curr,valjalaskmenimetus,string,text,,Väljalaskme nimetus
EELIS/PostgREST,stat_t_awtabel006_02_curr,naitaja,string,text,,Näitaja
EELIS/PostgREST,stat_t_awtabel006_02_curr,naitaja_kood,string,text,,Näitaja kood
EELIS/PostgREST,stat_t_awtabel006_02_curr,markused,string,text,,Märkused
EELIS/PostgREST,stat_t_awtabel006_02_curr,kogus,number,double precision,,Kogus (t)
EELIS/PostgREST,stat_t_awtabel006_02_curr,kontsentratsioon1kv,number,double precision,,Kontsentratsioon 1 kv (mg/l)
EELIS/PostgREST,stat_t_awtabel006_02_curr,kontsentratsioon2kv,number,double precision,,Kontsentratsioon 2 kv (mg/l)
EELIS/PostgREST,stat_t_awtabel006_02_curr,kontsentratsioon3kv,number,double precision,,Kontsentratsioon 3 kv (mg/l)
EELIS/PostgREST,stat_t_awtabel006_02_curr,kontsentratsioon4kv,number,double precision,,Kontsentratsioon 4 kv (mg/l)
EELIS/PostgREST,stat_t_awtabel006_03_curr,aruandeaasta,integer,integer,,Aruande aasta
EELIS/PostgREST,stat_t_awtabel006_03_curr,annual_report_id,integer,integer,,Aastaaruande id
EELIS/PostgREST,stat_t_awtabel006_03_curr,valjalaskmekood,string,text,,Väljalaskme kood
EELIS/PostgREST,stat_t_awtabel006_03_curr,valjalaskme_kkr_kood,string,text,,Väljalaskme KKR kood
EELIS/PostgREST,stat_t_awtabel006_03_curr,valjalaskmenimetus,string,text,,Väljalaskme nimetus
EELIS/PostgREST,stat_t_awtabel006_03_curr,aeg,string,text,,Äkkheite aeg
EELIS/PostgREST,stat_t_awtabel006_03_curr,pohjus,string,text,,Äkkheite põhjus
EELIS/PostgREST,stat_t_awtabel006_03_curr,markused,string,text,,Märkused
EELIS/PostgREST,stat_t_awtabel006_03_curr,veehulk,number,double precision,,Heitvee hulk (m3)
EELIS/PostgREST,stat_t_awtabel006_03_curr,bht7kogus,number,double precision,,BHT7 kogus (t)
EELIS/PostgREST,stat_t_awtabel006_03_curr,pyldkogus,number,double precision,,Püld kogus (t)
EELIS/PostgREST,stat_t_awtabel006_03_curr,nyldkogus,number,double precision,,Nüld kogus (t)
EELIS/PostgREST,stat_t_awtabel009_curr,aruandeaasta,integer,integer,,Aruandeaasta
EELIS/PostgREST,stat_t_awtabel009_curr,annual_report_id,integer,integer,,Aastaaruande id
EELIS/PostgREST,stat_t_awtabel009_curr,vesiviljelus_kkr_kood,string,text,,Vesiviljeluse KKR kood
EELIS/PostgREST,stat_t_awtabel009_curr,vesiviljelus_nimi,string,text,,Vesiviljeluse nimi
EELIS/PostgREST,stat_t_awtabel009_curr,kasvandustyyp,string,text,,Kasvandustüüp
EELIS/PostgREST,stat_t_awtabel009_curr,kasvandusmuu,string,text,,Kasvandus muu
EELIS/PostgREST,stat_t_awtabel009_curr,veepuhastus_meetod,string,text,,Veepuhastuse meetod
EELIS/PostgREST,stat_t_awtabel009_curr,veepuhastus_meetod_muu,string,text,,Veepuhastuse meetod muu
EELIS/PostgREST,stat_t_awtabel009_curr,sette_eemaldamine,string,text,,Sette eemaldamine
EELIS/PostgREST,stat_t_awtabel009_curr,liik_nimetus,string,text,,Liigi nimetus
EELIS/PostgREST,stat_t_awtabel009_curr,koormus,string,text,,Koormus
EELIS/PostgREST,stat_t_awtabel009_curr,settekogus,number,double precision,,
EELIS/PostgREST,stat_t_awtabel009_curr,juurdekasvaastas,number,double precision,,Juurekasv aastas
EELIS/PostgREST,stat_t_awtabel009_curr,toodangaastas,number,double precision,,Toodang aastas
EELIS/PostgREST,stat_t_awtabel009_curr,soodakoefitsient_keskmine,number,double precision,,Soodakoefitsien
EELIS/PostgREST,stat_t_awtabel009_curr,soodakogus,number,double precision,,Soodakogus
EELIS/PostgREST,stat_t_awtabel009_curr,lammastikukoormus_liik,number,double precision,,Liigi lämmastikukoormus
EELIS/PostgREST,stat_t_awtabel009_curr,lammastikukoormus_kokku,number,double precision,,Lämmastikukoormus kokku
EELIS/PostgREST,stat_t_awtabel009_curr,fosforikoormus_liik,number,double precision,,Liigi fosforikoormus
EELIS/PostgREST,stat_t_awtabel009_curr,fosforikoormus_kokku,number,double precision,,Fosforikoormus kokku
EELIS/PostgREST,stat_t_awtabel009_curr,veekogus,number,double precision,,Vee kogus
EELIS/PostgREST,stat_t_heitkogus_allikas_curr,aruanne_id,integer,integer,,Aastaaruande ID
EELIS/PostgREST,stat_t_heitkogus_allikas_curr,cas_kood,string,character varying,,Saasteaine CAS nr
EELIS/PostgREST,stat_t_heitkogus_allikas_curr,heiteallikas_kood,string,character varying,,Heiteallika kood
EELIS/PostgREST,stat_t_heitkogus_allikas_curr,heiteallikas_kood_nimetus,string,character varying,,Heiteallika nimetus
EELIS/PostgREST,stat_t_heitkogus_allikas_curr,kytus_kn_kood,string,character varying,,Kütuse KN kood
EELIS/PostgREST,stat_t_heitkogus_allikas_curr,kytus_kood,string,character varying,,Kütuse kood
EELIS/PostgREST,stat_t_heitkogus_allikas_curr,kytus_nimetus,string,character varying,,Kasutatud kütuse nimetus
EELIS/PostgREST,stat_t_heitkogus_allikas_curr,kytus_kogus,string,text,,Kasutatud kütuse kogus; tahke- ja vedelkütus (k.a vedeldatud gaasid)- tonnides; gaas-tuhat m³
EELIS/PostgREST,stat_t_heitkogus_allikas_curr,kytus_yhik,string,character varying,,Kasutatud kütuse ühik
EELIS/PostgREST,stat_t_heitkogus_allikas_curr,kytus_alumine_kyttevaartus,number,numeric,,"Alumine kütteväärtus, MJ/kg; gaas, MJ/Nm"
EELIS/PostgREST,stat_t_heitkogus_allikas_curr,kytus_vaavli_sisaldus_prots,number,numeric,,Kütuse väävli-sisaldus %
EELIS/PostgREST,stat_t_heitkogus_allikas_curr,aine_nimetus,string,character varying,,Saasteaine nimetus
EELIS/PostgREST,stat_t_heitkogus_allikas_curr,aine_kogus_maarus_yhik,number,numeric,,"Heitkogus aruande aastal, teisendatud väärtus"
EELIS/PostgREST,stat_t_heitkogus_allikas_curr,aine_yhik_maarus,string,character varying,,"Ühik, millesse on heitkogus teisendatud"
EELIS/PostgREST,stat_t_heitkogus_allikas_curr,aine_stat_grupp,string,text,,Saasteaine grupid statistikas
EELIS/PostgREST,stat_t_heitkogus_allikas_curr,aine_arvestus_meetod,string,character varying,,Heitkoguse määramismeetod
EELIS/PostgREST,stat_t_heitkogus_allikas_curr,heiteallikas_nr_plaanil,string,character varying,,Heiteallika nr plaanil või kaardil
EELIS/PostgREST,stat_t_heitkogus_allikas_curr,heiteallikas_x_lest97,integer,integer,,Heiteallika x-koordinaat
EELIS/PostgREST,stat_t_heitkogus_allikas_curr,heiteallikas_y_lest97,integer,integer,,Heiteallika y-koordinaat
EELIS/PostgREST,stat_t_heitkogus_allikas_curr,valjumiskorgus_m,number,numeric,,"Väljumiskõrgus, m"
EELIS/PostgREST,stat_t_heitkogus_allikas_curr,ava_labimoot_m,number,numeric,,"Ava läbimõõt, m"
EELIS/PostgREST,stat_t_heitkogus_allikas_curr,joonkiirus_ms,number,numeric,,"Joonkiirus, m/s"
EELIS/PostgREST,stat_t_heitkogus_allikas_curr,temperatuur_c,number,numeric,,"Temperatuur, °C"
EELIS/PostgREST,stat_t_heitkogus_allikas_curr,aruanne_aasta,integer,smallint,,Aruande aasta
EELIS/PostgREST,stat_t_heitkogus_allikas_curr,allikas,string,character varying,,Allikas
EELIS/PostgREST,stat_t_heitkogus_allikas_curr,luba_number,string,character varying,,Keskkonnaloa number
EELIS/PostgREST,stat_t_heitkogus_allikas_curr,luba_versioon,integer,integer,,Loa versioon
EELIS/PostgREST,stat_t_heitkogus_allikas_curr,luba_liik,string,character varying,,Keskkonnaloa tüüp
EELIS/PostgREST,stat_t_heitkogus_allikas_curr,luba_algus,string,character varying,,Keskkonnaloa kehtivuse algus
EELIS/PostgREST,stat_t_heitkogus_allikas_curr,luba_lopp,string,character varying,,Keskkonnaloa kehtivuse lõpp
EELIS/PostgREST,stat_t_heitkogus_allikas_curr,luba_versioon_algus,string,date,,Loa versiooni kehtivuse algus
EELIS/PostgREST,stat_t_heitkogus_allikas_curr,luba_versioon_lopp,string,date,,Loa versiooni kehtivuse lõpp
EELIS/PostgREST,stat_t_heitkogus_allikas_curr,kaitaja_nimi,string,character varying,,Käitaja nimi (kehtiv)
EELIS/PostgREST,stat_t_heitkogus_allikas_curr,kaitaja_registrikood,string,character varying,,Käitaja registrikood
EELIS/PostgREST,stat_t_heitkogus_allikas_curr,aruande_esitaja_emtak_kood,string,character varying,,Aruande esitaja EMTAK kood
EELIS/PostgREST,stat_t_heitkogus_allikas_curr,aruande_esitaja_emtak_nimetus,string,character varying,,Aruande esitaja EMTAK nimetus
EELIS/PostgREST,stat_t_heitkogus_allikas_curr,kaitis_nimetus,string,character varying,,Käitise nimetus (kehtiv)
EELIS/PostgREST,stat_t_heitkogus_allikas_curr,tegevuskoht_aadress,string,character varying,,Käitise tegevuskoha aadress
EELIS/PostgREST,stat_t_heitkogus_allikas_curr,tegevuskoht_asula_kood_curr,string,character varying,,"Käitise tegevuskoha EHAK kood, kehtiv"
EELIS/PostgREST,stat_t_heitkogus_allikas_curr,tegevuskoht_asula_nimi_curr,string,character varying,,"Käitise tegevuskoha EHAK kirjeldus, kehtiv"
EELIS/PostgREST,stat_t_heitkogus_allikas_curr,tegevuskoht_kov_kood_curr,string,character varying,,Käitise tegevuskoha KOV kood
EELIS/PostgREST,stat_t_heitkogus_allikas_curr,tegevuskoht_kov_nimi_curr,string,character varying,,Käitise tegevuskoha KOV
EELIS/PostgREST,stat_t_heitkogus_allikas_curr,tegevuskoht_maakond_kood_curr,string,character varying,,Käitise tegevuskoha maakond kood
EELIS/PostgREST,stat_t_heitkogus_allikas_curr,tegevuskoht_maakond_nimi_curr,string,character varying,,Käitise tegevuskoha maakond
EELIS/PostgREST,stat_t_heitkogus_allikas_curr,tegevuskoht_x_lest97,number,double precision,,Käitise x-koordinaat
EELIS/PostgREST,stat_t_heitkogus_allikas_curr,tegevuskoht_y_lest97,number,double precision,,Käitise y-koordinaat
EELIS/PostgREST,stat_t_heitkogus_allikas_curr,tegevust_ei_toimunud,string,character varying,,Tegevust aruande aastal ei toimunud
EELIS/PostgREST,stat_t_heitkogus_allikas_curr,tegevust_ei_toimunud_selgitus,string,character varying,,Tegevust aruande aastal ei toimunud selgitus
EELIS/PostgREST,stat_t_heitkogus_allikas_curr,kaitis_pohitegevus_emtak,string,character varying,,Käitise põhitegevusala EMTAKi kood
EELIS/PostgREST,stat_t_heitkogus_allikas_curr,kaitis_pohitegevus_emtak_nimetus,string,character varying,,Käitise põhitegevusala nimetus
EELIS/PostgREST,stat_t_heitkogus_allikas_curr,kaitis_lisategevus_emtak_loend,string,character varying,,"Käitise muud tegevusalade EMTAKi koodid, millele luba antakse"
EELIS/PostgREST,stat_t_heitkogus_allikas_curr,kaitis_lisategevus_emtak_nimetus_loend,string,character varying,,"Käitise muud tegevusalade nimetused, millele luba antakse"
EELIS/PostgREST,stat_t_heitkogus_allikas_curr,ets_kohuslane,string,character varying,,"Käitise katekooria, kasvuhoonegaaside lubatud heitkoguse ühikutega kauplemise süsteemi kohustuslane"
EELIS/PostgREST,stat_t_heitkogus_allikas_curr,ets_tegevusala,string,character varying,,"Käitise katekooria, kauplemissüsteemi kohustuslase tegevusala"
EELIS/PostgREST,stat_t_heitkogus_allikas_curr,eprtr_kohuslane,string,character varying,,E-PRTRi registri kohuslane
EELIS/PostgREST,stat_t_heitkogus_allikas_curr,heiteallikas_arv,integer,integer,,Heiteallikate arv tootmisterritooriumil
EELIS/PostgREST,stat_t_heitkogus_allikas_curr,kaitis_tootajate_arv,integer,integer,,Käitise töötajate arv
EELIS/PostgREST,stat_t_heitkogus_allikas_curr,emaettevote_nimi,string,character varying,,Emaettevõtte nimi
EELIS/PostgREST,stat_t_heitkogus_allikas_curr,emaettevote_riik,string,character varying,,Emaettevõtte riik
EELIS/PostgREST,stat_t_heitkogus_allikas_curr,tegevusala_snap,string,character varying,,Tegevusala SNAP
EELIS/PostgREST,stat_t_heitkogus_allikas_curr,tegevusala_snap_name,string,character varying,,SNAP nimetus eesti keeles
EELIS/PostgREST,stat_t_heitkogus_allikas_curr,kytus_kood_val,string,character varying,,Kütuse kood
EELIS/PostgREST,stat_t_heitkogus_allikas_curr,kytus_nimetus_val,string,character varying,,Kütuse nimetus
EELIS/PostgREST,stat_t_heitkogus_allikas_curr,tegevusala_nfr,string,character varying,,Heiteallika tegevuse NFR
EELIS/PostgREST,stat_t_heitkogus_allikas_poletusseade_curr,aruanne_id,integer,integer,,Aruande ID
EELIS/PostgREST,stat_t_heitkogus_allikas_poletusseade_curr,katel_nimetus,string,character varying,,Katlatüüp
EELIS/PostgREST,stat_t_heitkogus_allikas_poletusseade_curr,katel_arv,integer,integer,,Katelde arv
EELIS/PostgREST,stat_t_heitkogus_allikas_poletusseade_curr,katel_nimisoojusvoimsus_mwth,number,double precision,,"Nimisoojusvõimsus, MWth (ühe katla kohta)"
EELIS/PostgREST,stat_t_heitkogus_allikas_poletusseade_curr,heiteallikas_voimsus,number,double precision,,Arvutatud heiteallika võimsus
EELIS/PostgREST,stat_t_heitkogus_allikas_poletusseade_curr,katel_kasutegur,number,double precision,,Kasutegur
EELIS/PostgREST,stat_t_heitkogus_allikas_poletusseade_curr,kytus_kn_kood,string,character varying,,Kütuse KN kood
EELIS/PostgREST,stat_t_heitkogus_allikas_poletusseade_curr,kytus_kood,string,character varying,,Kütuse kood
EELIS/PostgREST,stat_t_heitkogus_allikas_poletusseade_curr,kytus_nimetus_val,string,character varying,,Kütuse nimetus välistes allikates
EELIS/PostgREST,stat_t_heitkogus_allikas_poletusseade_curr,kytus_kogus,string,text,,Kasutatud kütuse kogus; tahke- ja vedelkütus (k.a vedeldatud gaasid)- tonnides; gaas-tuhat m³
EELIS/PostgREST,stat_t_heitkogus_allikas_poletusseade_curr,kytus_yhik,string,character varying,,Kasutatud kütuse ühik
EELIS/PostgREST,stat_t_heitkogus_allikas_poletusseade_curr,kytus_alumine_kyttevaartus,number,numeric,,"Alumine kütteväärtus, MJ/kg; gaas, MJ/Nm"
EELIS/PostgREST,stat_t_heitkogus_allikas_poletusseade_curr,kytus_vaavli_sisaldus_prots,number,numeric,,Kütuse väävli-sisaldus %
EELIS/PostgREST,stat_t_heitkogus_allikas_poletusseade_curr,cas_kood,string,character varying,,Saasteaine CAS nr
EELIS/PostgREST,stat_t_heitkogus_allikas_poletusseade_curr,aine_nimetus,string,character varying,,Saasteaine nimetus
EELIS/PostgREST,stat_t_heitkogus_allikas_poletusseade_curr,aine_kogus_maarus_yhik,number,numeric,,"Heitkogus aruande aastal, esitatud määruse ühikutes"
EELIS/PostgREST,stat_t_heitkogus_allikas_poletusseade_curr,aine_yhik_maarus,string,character varying,,Kütuse ühik välistes allikates
EELIS/PostgREST,stat_t_heitkogus_allikas_poletusseade_curr,aine_arvestus_meetod,string,character varying,,Heitkoguse määramismeetod
EELIS/PostgREST,stat_t_heitkogus_allikas_poletusseade_curr,aine_stat_grupp,string,text,,Saasteaine grupp statistikas
EELIS/PostgREST,stat_t_heitkogus_allikas_poletusseade_curr,tegevusala_snap,string,character varying,,Tegevusala SNAP kood
EELIS/PostgREST,stat_t_heitkogus_allikas_poletusseade_curr,tegevusala_snap_name,string,character varying,,Tegevusala SNAP nimi
EELIS/PostgREST,stat_t_heitkogus_allikas_poletusseade_curr,tootunnid_aastas,integer,integer,,Töötunde aastas
EELIS/PostgREST,stat_t_heitkogus_allikas_poletusseade_curr,aruanne_aasta,integer,smallint,,Aasta
EELIS/PostgREST,stat_t_heitkogus_allikas_poletusseade_curr,luba_number,string,character varying,,Keskkonnaloa number
EELIS/PostgREST,stat_t_heitkogus_allikas_poletusseade_curr,luba_versioon,integer,integer,,Loa versioon
EELIS/PostgREST,stat_t_heitkogus_allikas_poletusseade_curr,luba_liik,string,character varying,,Keskkonnaloa tüüp
EELIS/PostgREST,stat_t_heitkogus_allikas_poletusseade_curr,luba_algus,string,character varying,,Keskkonnaloa kehtivuse algus
EELIS/PostgREST,stat_t_heitkogus_allikas_poletusseade_curr,luba_lopp,string,character varying,,Keskkonnaloa kehtivuse lõpp
EELIS/PostgREST,stat_t_heitkogus_allikas_poletusseade_curr,luba_versioon_algus,string,date,,Loa versiooni kehtivuse algus
EELIS/PostgREST,stat_t_heitkogus_allikas_poletusseade_curr,luba_versioon_lopp,string,date,,Loa versiooni kehtivuse lõpp
EELIS/PostgREST,stat_t_heitkogus_allikas_poletusseade_curr,kaitaja_nimi,string,character varying,,Käitaja nimi (kehtiv)
EELIS/PostgREST,stat_t_heitkogus_allikas_poletusseade_curr,kaitaja_registrikood,string,character varying,,Käitaja registrikood
EELIS/PostgREST,stat_t_heitkogus_allikas_poletusseade_curr,aruande_esitaja_emtak_kood,string,character varying,,Aruande esitaja EMTAK kood
EELIS/PostgREST,stat_t_heitkogus_allikas_poletusseade_curr,aruande_esitaja_emtak_nimetus,string,character varying,,Aruande esitaja EMTAK nimetus
EELIS/PostgREST,stat_t_heitkogus_allikas_poletusseade_curr,kaitis_nimetus,string,character varying,,Käitise nimetus (kehtiv)
EELIS/PostgREST,stat_t_heitkogus_allikas_poletusseade_curr,tegevuskoht_aadress,string,character varying,,Käitise tegevuskoha aadress
EELIS/PostgREST,stat_t_heitkogus_allikas_poletusseade_curr,tegevuskoht_asula_kood_curr,string,character varying,,"Käitise tegevuskoha EHAK kood, kehtiv"
EELIS/PostgREST,stat_t_heitkogus_allikas_poletusseade_curr,tegevuskoht_asula_nimi_curr,string,character varying,,"Käitise tegevuskoha EHAK kirjeldus, kehtiv"
EELIS/PostgREST,stat_t_heitkogus_allikas_poletusseade_curr,tegevuskoht_kov_kood_curr,string,character varying,,Käitise tegevuskoha KOV kood
EELIS/PostgREST,stat_t_heitkogus_allikas_poletusseade_curr,tegevuskoht_kov_nimi_curr,string,character varying,,Käitise tegevuskoha KOV
EELIS/PostgREST,stat_t_heitkogus_allikas_poletusseade_curr,tegevuskoht_maakond_kood_curr,string,character varying,,Käitise tegevuskoha maakond kood
EELIS/PostgREST,stat_t_heitkogus_allikas_poletusseade_curr,tegevuskoht_maakond_nimi_curr,string,character varying,,Käitise tegevuskoha maakond
EELIS/PostgREST,stat_t_heitkogus_allikas_poletusseade_curr,tegevuskoht_x_lest97,number,double precision,,Käitise x-koordinaat
EELIS/PostgREST,stat_t_heitkogus_allikas_poletusseade_curr,tegevuskoht_y_lest97,number,double precision,,Käitise y-koordinaat
EELIS/PostgREST,stat_t_heitkogus_allikas_poletusseade_curr,tegevust_ei_toimunud,string,character varying,,Tegevust aruande aastal ei toimunud
EELIS/PostgREST,stat_t_heitkogus_allikas_poletusseade_curr,tegevust_ei_toimunud_selgitus,string,character varying,,Tegevust aruande aastal ei toimunud selgitus
EELIS/PostgREST,stat_t_heitkogus_allikas_poletusseade_curr,kaitis_pohitegevus_emtak,string,character varying,,Käitise põhitegevusala EMTAKi kood
EELIS/PostgREST,stat_t_heitkogus_allikas_poletusseade_curr,kaitis_pohitegevus_emtak_nimetus,string,character varying,,Käitise põhitegevusala nimetus
EELIS/PostgREST,stat_t_heitkogus_allikas_poletusseade_curr,kaitis_lisategevus_emtak_loend,string,character varying,,"Käitise muud tegevusalade EMTAKi koodid, millele luba antakse"
EELIS/PostgREST,stat_t_heitkogus_allikas_poletusseade_curr,kaitis_lisategevus_emtak_nimetus_loend,string,character varying,,"Käitise muud tegevusalade nimetused, millele luba antakse"
EELIS/PostgREST,stat_t_heitkogus_allikas_poletusseade_curr,heiteallikas_number,string,character varying,,Heiteallika number
EELIS/PostgREST,stat_t_heitkogus_allikas_poletusseade_curr,heiteallikas_nimetus,string,character varying,,Heiteallika nimetus
EELIS/PostgREST,stat_t_heitkogus_allikas_poletusseade_curr,heiteallikas_nr_plaanil,string,character varying,,Heiteallika nr plaanil või kaardil
EELIS/PostgREST,stat_t_heitkogus_allikas_poletusseade_curr,heiteallikas_x1_lest97,number,double precision,,Heiteallika x1-koordinaat
EELIS/PostgREST,stat_t_heitkogus_allikas_poletusseade_curr,heiteallikas_y1_lest97,number,double precision,,Heiteallika y1-koordinaat
EELIS/PostgREST,stat_t_heitkogus_allikas_poletusseade_curr,heiteallikas_x2_lest97,number,double precision,,Heiteallika x2-koordinaat
EELIS/PostgREST,stat_t_heitkogus_allikas_poletusseade_curr,heiteallikas_y2_lest97,number,double precision,,Heiteallika y2-koordinaat
EELIS/PostgREST,stat_t_heitkogus_allikas_poletusseade_curr,valjumiskorgus_m,number,numeric,,"Väljumiskõrgus, m"
EELIS/PostgREST,stat_t_heitkogus_allikas_poletusseade_curr,ava_labimoot_m,number,numeric,,"Ava läbimõõt, m"
EELIS/PostgREST,stat_t_heitkogus_allikas_poletusseade_curr,joonkiirus_ms,number,numeric,,"Joonkiirus, m/s"
EELIS/PostgREST,stat_t_heitkogus_allikas_poletusseade_curr,temperatuur_c,number,numeric,,"Temperatuur, °C"
EELIS/PostgREST,stat_t_heitkogus_allikas_poletusseade_curr,tegevusala_nfr,string,character varying,,Heiteallika tegevuse NFR
EELIS/PostgREST,stat_t_soojatoodang_curr,aruanne_aasta,integer,smallint,,Aasta
EELIS/PostgREST,stat_t_soojatoodang_curr,aruanne_id,integer,integer,,Aruande ID
EELIS/PostgREST,stat_t_soojatoodang_curr,luba_number,string,character varying,,Keskkonnaloa number
EELIS/PostgREST,stat_t_soojatoodang_curr,luba_versioon,integer,integer,,Loa versioon
EELIS/PostgREST,stat_t_soojatoodang_curr,luba_liik,string,character varying,,Keskkonnaloa tüüp
EELIS/PostgREST,stat_t_soojatoodang_curr,luba_algus,string,character varying,,Keskkonnaloa kehtivuse algus
EELIS/PostgREST,stat_t_soojatoodang_curr,luba_lopp,string,character varying,,Keskkonnaloa kehtivuse lõpp
EELIS/PostgREST,stat_t_soojatoodang_curr,luba_versioon_algus,string,date,,Loa versiooni kehtivuse algus
EELIS/PostgREST,stat_t_soojatoodang_curr,luba_versioon_lopp,string,date,,Loa versiooni kehtivuse lõpp
EELIS/PostgREST,stat_t_soojatoodang_curr,kaitaja_nimi,string,character varying,,Käitaja nimi (kehtiv)
EELIS/PostgREST,stat_t_soojatoodang_curr,kaitaja_registrikood,string,character varying,,Käitaja registrikood
EELIS/PostgREST,stat_t_soojatoodang_curr,aruande_esitaja_emtak_kood,string,character varying,,Aruande esitaja EMTAK kood
EELIS/PostgREST,stat_t_soojatoodang_curr,aruande_esitaja_emtak_nimetus,string,character varying,,Aruande esitaja EMTAK nimetus
EELIS/PostgREST,stat_t_soojatoodang_curr,kaitis_nimetus,string,character varying,,Käitise nimetus (kehtiv)
EELIS/PostgREST,stat_t_soojatoodang_curr,tegevuskoht_aadress,string,character varying,,Käitise tegevuskoha aadress
EELIS/PostgREST,stat_t_soojatoodang_curr,tegevuskoht_asula_kood_curr,string,character varying,,"Käitise tegevuskoha EHAK kood, kehtiv"
EELIS/PostgREST,stat_t_soojatoodang_curr,tegevuskoht_asula_nimi_curr,string,character varying,,"Käitise tegevuskoha EHAK kirjeldus, kehtiv"
EELIS/PostgREST,stat_t_soojatoodang_curr,tegevuskoht_kov_kood_curr,string,character varying,,Käitise tegevuskoha KOV kood
EELIS/PostgREST,stat_t_soojatoodang_curr,tegevuskoht_kov_nimi_curr,string,character varying,,Käitise tegevuskoha KOV
EELIS/PostgREST,stat_t_soojatoodang_curr,tegevuskoht_maakond_kood_curr,string,character varying,,Käitise tegevuskoha maakond kood
EELIS/PostgREST,stat_t_soojatoodang_curr,tegevuskoht_maakond_nimi_curr,string,character varying,,Käitise tegevuskoha maakond
EELIS/PostgREST,stat_t_soojatoodang_curr,tegevuskoht_x_lest97,number,double precision,,Käitise x-koordinaat
EELIS/PostgREST,stat_t_soojatoodang_curr,tegevuskoht_y_lest97,number,double precision,,Käitise y-koordinaat
EELIS/PostgREST,stat_t_soojatoodang_curr,kaitis_pohitegevus_emtak,string,character varying,,Käitise põhitegevusala EMTAKi kood
EELIS/PostgREST,stat_t_soojatoodang_curr,kaitis_pohitegevus_emtak_nimetus,string,character varying,,Käitise põhitegevusala nimetus
EELIS/PostgREST,stat_t_soojatoodang_curr,kaitis_lisategevus_emtak_loend,string,character varying,,"Käitise muud tegevusalade EMTAKi koodid, millele luba antakse"
EELIS/PostgREST,stat_t_soojatoodang_curr,kaitis_lisategevus_emtak_nimetus_loend,string,character varying,,"Käitise muud tegevusalade nimetused, millele luba antakse"
EELIS/PostgREST,stat_t_soojatoodang_curr,ets_kohuslane,string,character varying,,"Käitise katekooria, kasvuhoonegaaside lubatud heitkoguse ühikutega kauplemise süsteemi kohustuslane"
EELIS/PostgREST,stat_t_soojatoodang_curr,ets_tegevusala,string,character varying,,"Käitise katekooria, kauplemissüsteemi kohustuslase tegevusala"
EELIS/PostgREST,stat_t_soojatoodang_curr,eprtr_kohuslane,string,character varying,,E-PRTRi registri kohuslane
EELIS/PostgREST,stat_t_soojatoodang_curr,heiteallikas_arv,integer,integer,,Heiteallikate arv tootmisterritooriumil
EELIS/PostgREST,stat_t_soojatoodang_curr,kaitis_tootajate_arv,integer,integer,,Käitise töötajate arv
EELIS/PostgREST,stat_t_soojatoodang_curr,emaettevote_nimi,string,character varying,,Emaettevõtte nimi
EELIS/PostgREST,stat_t_soojatoodang_curr,emaettevote_riik,string,character varying,,Emaettevõtte riik
EELIS/PostgREST,stat_t_soojatoodang_curr,snap,string,character varying,,Tegevusala SNAP
EELIS/PostgREST,stat_t_soojatoodang_curr,kytus_liik,string,character varying,,Kütuse liik
EELIS/PostgREST,stat_t_soojatoodang_curr,kytus_kn_kood,string,character varying,,Kasutatud kütuse kombineeritud nomenklatuuri kood
EELIS/PostgREST,stat_t_soojatoodang_curr,kytus_kood,string,character varying,,Kütuse kood
EELIS/PostgREST,stat_t_soojatoodang_curr,soojus_kokku,number,double precision,,"Ettevõtte poolt toodetud soojus, MWh/a"
EELIS/PostgREST,stat_t_soojatoodang_curr,soojus_omatarve,number,double precision,,"Ettevõtte poolt omatarbeks toodetud soojus, MWh/a"
EELIS/PostgREST,stat_t_soojatoodang_curr,soojus_myyk,number,double precision,,"Ettevõtte poolt müügiks toodetud soojus, MWh/a"
EELIS/PostgREST,stat_t_soojatoodang_curr,elekter_kokku,number,double precision,,"Ettevõtte poolt toodetud elekter, MWh/a"
EELIS/PostgREST,stat_t_soojatoodang_curr,elekter_omatarve,number,double precision,,"Ettevõtte poolt omatarbeks toodetud elekter, MWh/a"
EELIS/PostgREST,stat_t_soojatoodang_curr,elekter_myyk,number,double precision,,"Ettevõtte poolt müügiks toodetud elekter, MWh/a"
EELIS/PostgREST,stat_t_soojatoodang_curr,kytus_kogus,number,double precision,,Soojuse ja/või elektri tootmiseks seadmes kasutatud kütuse kogus
EELIS/PostgREST,stat_t_soojatoodang_curr,kytus_yhik,string,character varying,,Kasutatud kütuse ühik
EELIS/PostgREST,stat_t_soojatoodang_curr,kytus_nimetus_val,string,character varying,,Kasutatud kütuse nimetus
EELIS/PostgREST,t_akkheide_allikas_curr,aruanne_id,integer,integer,,Aruande ID
EELIS/PostgREST,t_akkheide_allikas_curr,heiteallikas_number,string,character varying,,Heiteallika number
EELIS/PostgREST,t_akkheide_allikas_curr,tegevusala_snap,string,character varying,,Tegevusala SNAP
EELIS/PostgREST,t_akkheide_allikas_curr,tegevusala_snap_nimetus,string,character varying,,Tegevusala SNAP nimetus
EELIS/PostgREST,t_akkheide_allikas_curr,akkheide_liik,string,character varying,,Äkkheite liik
EELIS/PostgREST,t_akkheide_allikas_curr,akkheide_muu,string,character varying,,Muu äkkheite nimetus
EELIS/PostgREST,t_akkheide_allikas_curr,akkheide_pohjus,string,character varying,,Äkkheite põhjus
EELIS/PostgREST,t_akkheide_allikas_curr,kestus_lubatud_t,number,double precision,,"Äkkheite kestus, lubatud tundide arv aruandeaastal (tehnoloogilised äkkheited)"
EELIS/PostgREST,t_akkheide_allikas_curr,kestus_tegelik_t,number,double precision,,"Äkkheite kestus, tegelik tundide arv aruandeaastal"
EELIS/PostgREST,t_akkheide_allikas_curr,saasteaine_cas_kood,string,character varying,,Välisõhku väljutatud saasteaine CASi kood
EELIS/PostgREST,t_akkheide_allikas_curr,saasteaine_nimetus_val,string,character varying,,Saasteaine nimetus
EELIS/PostgREST,t_akkheide_allikas_curr,kogus_hetkeline_mahuyhiku_kohta,number,double precision,,Äkkheite hetkeline kogus väljuvates gaasides mahuühiku kohta (keskmine tegelik; mg/Nm3 )
EELIS/PostgREST,t_akkheide_allikas_curr,kogus_lubatud_aastas,number,double precision,,Äkkheite lubatud kogus aruandeaastaks
EELIS/PostgREST,t_akkheide_allikas_curr,kogus_tegelik_aastas,number,double precision,,Äkkheite tegelik kogus aruandeaastal
EELIS/PostgREST,t_akkheide_allikas_curr,mootyhik,string,character varying,,Mõõtühik
EELIS/PostgREST,t_akkheide_allikas_curr,kogus_maaramise_meetod,string,character varying,,Heitkoguse määramismeetod
EELIS/PostgREST,t_akkheide_allikas_curr,aruanne_aasta,integer,smallint,,Aruande aasta
EELIS/PostgREST,t_akkheide_allikas_curr,luba_number,string,character varying,,Keskkonnaloa number
EELIS/PostgREST,t_akkheide_allikas_curr,luba_versioon,integer,integer,,Loa versioon
EELIS/PostgREST,t_akkheide_allikas_curr,luba_liik,string,character varying,,Keskkonnaloa tüüp
EELIS/PostgREST,t_akkheide_allikas_curr,luba_algus,string,character varying,,Keskkonnaloa kehtivuse algus
EELIS/PostgREST,t_akkheide_allikas_curr,luba_lopp,string,character varying,,Keskkonnaloa kehtivuse lõpp
EELIS/PostgREST,t_akkheide_allikas_curr,luba_versioon_algus,string,date,,Loa versiooni kehtivuse algus
EELIS/PostgREST,t_akkheide_allikas_curr,luba_versioon_lopp,string,date,,Loa versiooni kehtivuse lõpp
EELIS/PostgREST,t_akkheide_allikas_curr,kaitaja_nimi,string,character varying,,Käitaja nimi (kehtiv)
EELIS/PostgREST,t_akkheide_allikas_curr,kaitaja_registrikood,string,character varying,,Käitaja registrikood
EELIS/PostgREST,t_akkheide_allikas_curr,aruande_esitaja_emtak_kood,string,character varying,,Aruande esitaja EMTAK kood
EELIS/PostgREST,t_akkheide_allikas_curr,aruande_esitaja_emtak_nimetus,string,character varying,,Aruande esitaja EMTAK nimetus
EELIS/PostgREST,t_akkheide_allikas_curr,kaitis_nimetus,string,character varying,,Käitise nimetus (kehtiv)
EELIS/PostgREST,t_akkheide_allikas_curr,tegevuskoht_aadress,string,character varying,,Käitise tegevuskoha aadress
EELIS/PostgREST,t_akkheide_allikas_curr,tegevuskoht_asula_kood_curr,string,character varying,,"Käitise tegevuskoha EHAK kood, kehtiv"
EELIS/PostgREST,t_akkheide_allikas_curr,tegevuskoht_asula_nimi_curr,string,character varying,,"Käitise tegevuskoha EHAK kirjeldus, kehtiv"
EELIS/PostgREST,t_akkheide_allikas_curr,tegevuskoht_kov_kood_curr,string,character varying,,Käitise tegevuskoha KOV kood
EELIS/PostgREST,t_akkheide_allikas_curr,tegevuskoht_kov_nimi_curr,string,character varying,,Käitise tegevuskoha KOV
EELIS/PostgREST,t_akkheide_allikas_curr,tegevuskoht_maakond_kood_curr,string,character varying,,Käitise tegevuskoha maakond kood
EELIS/PostgREST,t_akkheide_allikas_curr,tegevuskoht_maakond_nimi_curr,string,character varying,,Käitise tegevuskoha maakond
EELIS/PostgREST,t_akkheide_allikas_curr,tegevuskoht_x_lest97,number,double precision,,Käitise x-koordinaat
EELIS/PostgREST,t_akkheide_allikas_curr,tegevuskoht_y_lest97,number,double precision,,Käitise y-koordinaat
EELIS/PostgREST,t_akkheide_allikas_curr,tegevust_ei_toimunud,string,character varying,,Tegevust aruande aastal ei toimunud
EELIS/PostgREST,t_akkheide_allikas_curr,tegevust_ei_toimunud_selgitus,string,character varying,,Tegevust aruande aastal ei toimunud selgitus
EELIS/PostgREST,t_akkheide_allikas_curr,kaitis_pohitegevus_emtak,string,character varying,,Käitise põhitegevusala EMTAKi kood
EELIS/PostgREST,t_akkheide_allikas_curr,kaitis_pohitegevus_emtak_nimetus,string,character varying,,Käitise põhitegevusala nimetus
EELIS/PostgREST,t_akkheide_allikas_curr,kaitis_lisategevus_emtak_loend,string,character varying,,"Käitise muud tegevusalade EMTAKi koodid, millele luba antakse"
EELIS/PostgREST,t_akkheide_allikas_curr,kaitis_lisategevus_emtak_nimetus_loend,string,character varying,,"Käitise muud tegevusalade nimetused, millele luba antakse"
EELIS/PostgREST,t_akkheide_allikas_curr,ets_kohuslane,string,character varying,,"Käitise katekooria, kasvuhoonegaaside lubatud heitkoguse ühikutega kauplemise süsteemi kohustuslane"
EELIS/PostgREST,t_akkheide_allikas_curr,ets_tegevusala,string,character varying,,"Käitise katekooria, kauplemissüsteemi kohustuslase tegevusala"
EELIS/PostgREST,t_akkheide_allikas_curr,eprtr_kohuslane,string,character varying,,E-PRTRi registri kohuslane
EELIS/PostgREST,t_akkheide_allikas_curr,heiteallikas_arv,integer,integer,,Heiteallikate arv tootmisterritooriumil
EELIS/PostgREST,t_akkheide_allikas_curr,kaitis_tootajate_arv,integer,integer,,Käitise töötajate arv
EELIS/PostgREST,t_akkheide_allikas_curr,emaettevote_nimi,string,character varying,,Emaettevõtte nimi
EELIS/PostgREST,t_akkheide_allikas_curr,emaettevote_riik,string,character varying,,Emaettevõtte riik
EELIS/PostgREST,t_akkheide_allikas_curr,heiteallikas_nimetus,string,character varying,,Heiteallika nimetus
EELIS/PostgREST,t_akkheide_allikas_curr,heiteallikas_nr_plaanil,string,character varying,,Heiteallika nr plaanil või kaardil
EELIS/PostgREST,t_akkheide_allikas_curr,heiteallikas_x_lest97,integer,integer,,Heiteallika x-koordinaat
EELIS/PostgREST,t_akkheide_allikas_curr,heiteallikas_y_lest97,integer,integer,,Heiteallika y-koordinaat
EELIS/PostgREST,t_akkheide_allikas_curr,valjumiskorgus_m,number,numeric,,"Väljumiskõrgus, m"
EELIS/PostgREST,t_akkheide_allikas_curr,ava_labimoot_m,number,numeric,,"Ava läbimõõt, m"
EELIS/PostgREST,t_akkheide_allikas_curr,joonkiirus_ms,number,numeric,,"Joonkiirus, m/s"
EELIS/PostgREST,t_akkheide_allikas_curr,temperatuur_c,number,numeric,,"Temperatuur, °C"
EELIS/PostgREST,t_awtabel001_01_curr,aruandeaasta,integer,integer,,Aruandeaasta
EELIS/PostgREST,t_awtabel001_01_curr,asula_ehak,string,text,,Teenuse pakkumise asula EHAK
EELIS/PostgREST,t_awtabel001_01_curr,asulanimi,string,text,,Teenuse pakkumise asula nimi
EELIS/PostgREST,t_awtabel001_01_curr,annual_report_id,integer,integer,,Aastaaruande id
EELIS/PostgREST,t_awtabel001_01_curr,yhiskanal_liik,string,text,,Ühiskanalisatsiooni liik
EELIS/PostgREST,t_awtabel001_01_curr,leketeregsysteem,string,text,,Veevärgi lekete registreerimissüsteemi olemasolu
EELIS/PostgREST,t_awtabel001_01_curr,leketeregsysteem_muu,string,text,,Veevärgi lekete registreerimissüsteemi kirjeldus
EELIS/PostgREST,t_awtabel001_01_curr,leketevaltimisemeede,string,text,,Lekete välitimismeede
EELIS/PostgREST,t_awtabel001_01_curr,leketevaltimisemeede_muu,string,text,,Muu lekete vältimismeetmete kirjeldus
EELIS/PostgREST,t_awtabel001_01_curr,reoveepuhasti1_kood,string,text,,Reoveepuhasti kood (1)
EELIS/PostgREST,t_awtabel001_01_curr,reoveepuhasti1_nimi,string,text,,Reoveepuhasti nimi (1)
EELIS/PostgREST,t_awtabel001_01_curr,reoveepuhasti2_kood,string,text,,Reoveepuhasti kood (2)
EELIS/PostgREST,t_awtabel001_01_curr,reoveepuhasti2_nimi,string,text,,Reoveepuhasti nimi (2)
EELIS/PostgREST,t_awtabel001_01_curr,reoveepuhasti3_kood,string,text,,Reoveepuhasti kood (3)
EELIS/PostgREST,t_awtabel001_01_curr,reoveepuhasti3_nimi,string,text,,Reoveepuhasti nimi (3)
EELIS/PostgREST,t_awtabel001_01_curr,markused,string,text,,Märkused
EELIS/PostgREST,t_awtabel001_01_curr,muudmarkused,string,text,,Muud märkused
EELIS/PostgREST,t_awtabel001_01_curr,elanikearv,number,double precision,,Elanike arv
EELIS/PostgREST,t_awtabel001_01_curr,vvliitunud_protsent,number,double precision,,Veevärgiga liitunud (%)
EELIS/PostgREST,t_awtabel001_01_curr,vvliitumisvoimalusega_protsent,number,double precision,,Veevärgiga liitumisvõimalus (%)
EELIS/PostgREST,t_awtabel001_01_curr,ykliitunud_protsent,number,double precision,,Ühiskanalisatsiooniga liitunud (%)
EELIS/PostgREST,t_awtabel001_01_curr,ykliitumisvoimalusega_protsent,number,double precision,,Ühiskanalisatsiooniga liitumisvõimalus (%)
EELIS/PostgREST,t_awtabel001_01_curr,vvleke_protsent,number,double precision,,Veevärgi torust leke (%)
EELIS/PostgREST,t_awtabel001_01_curr,ykleke_protsent,number,double precision,,Ühiskanalisatsiooni torust leke (%)
EELIS/PostgREST,t_awtabel001_01_curr,ykinfiltratsioon_protsent,number,double precision,,Ühiskanalisatsiooni torust infiltr (%)
EELIS/PostgREST,t_awtabel001_01_curr,vvtorustik_km,number,double precision,,Veevärgi torust pikkus (km)
EELIS/PostgREST,t_awtabel001_01_curr,yktorustik_km,number,double precision,,Ühiskanalisatsiooni torust pikkus (km)
EELIS/PostgREST,t_awtabel001_01_curr,yklahkvoolne_protsent,number,double precision,,Lahkvoolse kanalisatsiooni osakaal (%)
EELIS/PostgREST,t_awtabel001_01_curr,sademetorustik_km,number,double precision,,Sademevee torust pikkus (km)
EELIS/PostgREST,t_awtabel001_01_curr,purgitavareoveekogus,number,double precision,,Purgitava reovee kogus (m3)
EELIS/PostgREST,t_awtabel001_01_curr,purgitavareoveekogusie,number,double precision,,Purgitava reovee kogus (ie)
EELIS/PostgREST,t_awtabel001_02_curr,aruandeaasta,integer,integer,,Aruande aasta
EELIS/PostgREST,t_awtabel001_02_curr,reoveekogumisalakood,string,text,,Reoveekogumisala koood
EELIS/PostgREST,t_awtabel001_02_curr,reoveekogumisalanimi,string,text,,Reoveekogumisala nimi
EELIS/PostgREST,t_awtabel001_02_curr,annual_report_id,integer,integer,,Aastaaruande id
EELIS/PostgREST,t_awtabel001_02_curr,uhiskanalliik,string,text,,Ühiskanalisatsiooni liik
EELIS/PostgREST,t_awtabel001_02_curr,veepuhasti1_kood,string,text,,Reoveepuhasti kood (1)
EELIS/PostgREST,t_awtabel001_02_curr,veepuhasti1_nimi,string,text,,Reoveepuhasti nimi (1)
EELIS/PostgREST,t_awtabel001_02_curr,veepuhasti2_kood,string,text,,Reoveepuhasti kood (2)
EELIS/PostgREST,t_awtabel001_02_curr,veepuhasti2_nimi,string,text,,Reoveepuhasti nimi (2)
EELIS/PostgREST,t_awtabel001_02_curr,veepuhasti3_kood,string,text,,Reoveepuhasti kood (3)
EELIS/PostgREST,t_awtabel001_02_curr,veepuhasti3_nimi,string,text,,Reoveepuhasti nimi (3)
EELIS/PostgREST,t_awtabel001_02_curr,markused,string,text,,Märkused
EELIS/PostgREST,t_awtabel001_02_curr,elanikearv,number,double precision,,Elanike arv
EELIS/PostgREST,t_awtabel001_02_curr,ykliitunud_protsent,number,double precision,,Ühiskanalisatsiooniga liitunud (%)
EELIS/PostgREST,t_awtabel001_02_curr,ykliitumisvoimalusega_protsent,number,double precision,,Ühiskanalisatsiooniga liitumisvõimalus (%)
EELIS/PostgREST,t_awtabel001_02_curr,yktorustik_km,number,double precision,,Ühiskanalisatsiooni torust pikkus (km)
EELIS/PostgREST,t_awtabel001_02_curr,yklahkvoolne_protsent,number,double precision,,Lahkvoolse kanalisatsiooni osakaal (%)
EELIS/PostgREST,t_awtabel001_02_curr,purgitavareoveekogus,number,double precision,,Purgitava reovee kogus (m3)
EELIS/PostgREST,t_awtabel001_02_curr,purgitavareoveekogusie,number,double precision,,Purgitava reovee kogus (ie)
EELIS/PostgREST,t_awtabel001_curr,annual_report_id,integer,integer,,Aastaaruande id
EELIS/PostgREST,t_awtabel001_curr,aruanne_staatus,string,text,,Aruande staatus
EELIS/PostgREST,t_awtabel001_curr,aruandeaasta,integer,integer,,
EELIS/PostgREST,t_awtabel001_curr,aruanne_selg,string,text,,
EELIS/PostgREST,t_awtabel001_curr,kaitis_kov_luba,string,text,,Käitise asukoha KOV
EELIS/PostgREST,t_awtabel001_curr,aruandeesitaja_kov_nimi,string,text,,Aruandeesitaja KOV
EELIS/PostgREST,t_awtabel001_curr,aruandeesitaja_maakond_nimi,string,text,,Aruandeesitaja maakond
EELIS/PostgREST,t_awtabel001_curr,aruandeesitaja_emtakkood,string,text,,Aruandeesitaja EMTAK kood
EELIS/PostgREST,t_awtabel001_curr,aruandeesitaja_emtaknimetus,string,text,,Aruandeesitaja EMTAK nimetus
EELIS/PostgREST,t_awtabel001_curr,kas_veeettevotja,string,text,,Kas vee-ettevõtja?
EELIS/PostgREST,t_awtabel001_curr,kas_veekasutaja,string,text,,Kas veekasutaja?
EELIS/PostgREST,t_awtabel001_curr,kas_veejuhtija,string,text,,Kas veejuhtija?
EELIS/PostgREST,t_awtabel001_curr,kas_vesiviljeleja,string,text,,Kas vesiviljeleja?
EELIS/PostgREST,t_awtabel001_curr,kas_syvendaja,string,text,,Kas süvendaja?
EELIS/PostgREST,t_awtabel001_curr,pohitegevusala_emtakkood,string,text,,Põhitegevusala EMTAK kood
EELIS/PostgREST,t_awtabel001_curr,pohitegevusala_emtaknimetus,string,text,,Põhitegevusala EMTAK nimetus
EELIS/PostgREST,t_awtabel001_curr,lisategevusala_emtakkood,string,text,,Lisategevusala EMTAK kood
EELIS/PostgREST,t_awtabel001_curr,lisategevusala_emtaknimetus,string,text,,Lisategevusala EMTAK nimetus
EELIS/PostgREST,t_awtabel002_01_curr,aruandeaasta,integer,integer,,Aruande aasta
EELIS/PostgREST,t_awtabel002_01_curr,annual_report_id,integer,integer,,Aastaaruande id
EELIS/PostgREST,t_awtabel002_01_curr,veehaardekood,string,text,,Veehaarde kood
EELIS/PostgREST,t_awtabel002_01_curr,veehaardenimetus,string,text,,Veehaarde nimetus
EELIS/PostgREST,t_awtabel002_01_curr,jaamakood,string,text,,Veetöötlusjaama kood
EELIS/PostgREST,t_awtabel002_01_curr,jaamanimi,string,text,,Veetöötlusjaama nimi
EELIS/PostgREST,t_awtabel002_01_curr,markused,string,text,,Märkused
EELIS/PostgREST,t_awtabel002_01_curr,aastakokku,number,double precision,,Aasta kokku
EELIS/PostgREST,t_awtabel002_01_curr,jaanuar,number,double precision,,Jaanuar (m3)
EELIS/PostgREST,t_awtabel002_01_curr,veebruar,number,double precision,,Veebruar (m3)
EELIS/PostgREST,t_awtabel002_01_curr,marts,number,double precision,,Märts (m3)
EELIS/PostgREST,t_awtabel002_01_curr,aprill,number,double precision,,Aprill (m3)
EELIS/PostgREST,t_awtabel002_01_curr,mai,number,double precision,,Mai (m3)
EELIS/PostgREST,t_awtabel002_01_curr,juuni,number,double precision,,Juuni (m3)
EELIS/PostgREST,t_awtabel002_01_curr,juuli,number,double precision,,Juuli (m3)
EELIS/PostgREST,t_awtabel002_01_curr,august,number,double precision,,August (m3)
EELIS/PostgREST,t_awtabel002_01_curr,september,number,double precision,,September (m3)
EELIS/PostgREST,t_awtabel002_01_curr,oktoober,number,double precision,,Oktoober (m3)
EELIS/PostgREST,t_awtabel002_01_curr,november,number,double precision,,November (m3)
EELIS/PostgREST,t_awtabel002_01_curr,detsember,number,double precision,,Detsember (m3)
EELIS/PostgREST,t_awtabel002_02_curr,aruandeaasta,integer,integer,,Aruande aasta
EELIS/PostgREST,t_awtabel002_02_curr,annual_report_id,integer,integer,,Aastaaruande id
EELIS/PostgREST,t_awtabel002_02_curr,veehaardekood,string,text,,Veehaarde kood
EELIS/PostgREST,t_awtabel002_02_curr,veehaardenimetus,string,text,,Veehaarde nimetus
EELIS/PostgREST,t_awtabel002_02_curr,jaamakood,string,text,,Veetöötlusjaama kood
EELIS/PostgREST,t_awtabel002_02_curr,jaamanimi,string,text,,Veetöötlusjaama nimi
EELIS/PostgREST,t_awtabel002_02_curr,markused,string,text,,Märkused
EELIS/PostgREST,t_awtabel002_02_curr,aastakokku,number,double precision,,Aasta kokku
EELIS/PostgREST,t_awtabel002_02_curr,jaanuar,number,double precision,,Jaanuar (m3)
EELIS/PostgREST,t_awtabel002_02_curr,veebruar,number,double precision,,Veebruar (m3)
EELIS/PostgREST,t_awtabel002_02_curr,marts,number,double precision,,Märts (m3)
EELIS/PostgREST,t_awtabel002_02_curr,aprill,number,double precision,,Aprill (m3)
EELIS/PostgREST,t_awtabel002_02_curr,mai,number,double precision,,Mai (m3)
EELIS/PostgREST,t_awtabel002_02_curr,juuni,number,double precision,,Juuni (m3)
EELIS/PostgREST,t_awtabel002_02_curr,juuli,number,double precision,,Juuli (m3)
EELIS/PostgREST,t_awtabel002_02_curr,august,number,double precision,,August (m3)
EELIS/PostgREST,t_awtabel002_02_curr,september,number,double precision,,September (m3)
EELIS/PostgREST,t_awtabel002_02_curr,oktoober,number,double precision,,Oktoober (m3)
EELIS/PostgREST,t_awtabel002_02_curr,november,number,double precision,,November (m3)
EELIS/PostgREST,t_awtabel002_02_curr,detsember,number,double precision,,Detsember (m3)
EELIS/PostgREST,t_awtabel004_curr,aruandeaasta,integer,integer,,Aruande aasta
EELIS/PostgREST,t_awtabel004_curr,annual_report_id,integer,integer,,Aastaaruande id
EELIS/PostgREST,t_awtabel004_curr,kasutuspiirkond,string,text,,Kasutuspiirkond
EELIS/PostgREST,t_awtabel004_curr,veeliik,string,text,,Veeliik
EELIS/PostgREST,t_awtabel004_curr,markus_v4,string,text,,Märkus
EELIS/PostgREST,t_awtabel004_curr,kokku,number,double precision,,Veekasutus kokku (m3)
EELIS/PostgREST,t_awtabel004_curr,olme,number,double precision,,Veekasutus Olme (m3)
EELIS/PostgREST,t_awtabel004_curr,toostus,number,double precision,,Veekasutus Tööstus (m3)
EELIS/PostgREST,t_awtabel004_curr,jahutus,number,double precision,,Veekasutus Jahutus (m3)
EELIS/PostgREST,t_awtabel004_curr,energeetika,number,double precision,,Veekasutus Energeetika (m3)
EELIS/PostgREST,t_awtabel004_curr,pollumajandus,number,double precision,,Veekasutus Põllumajandus (m3)
EELIS/PostgREST,t_awtabel004_curr,niisutus,number,double precision,,Veekasutus Niisutus (m3)
EELIS/PostgREST,t_awtabel004_curr,muu,number,double precision,,Veekasutus Muu (m3)
EELIS/PostgREST,t_awtabel004_curr,veekadu,number,double precision,,Veekadu (m3)
EELIS/PostgREST,t_awtabel006_01_curr,aruandeaasta,integer,integer,,Aruande aasta
EELIS/PostgREST,t_awtabel006_01_curr,annual_report_id,integer,integer,,Aastaaruande id
EELIS/PostgREST,t_awtabel006_01_curr,valjalaskmekood,string,text,,Väljalaskme kood
EELIS/PostgREST,t_awtabel006_01_curr,valjalaskme_kkr_kood,string,text,,Väljalaskme KKR kood
EELIS/PostgREST,t_awtabel006_01_curr,valjalaskmenimetus,string,text,,Väljalaskme nimetus
EELIS/PostgREST,t_awtabel006_01_curr,puhasti_kkr_kood,string,text,,Puhasti KKR kood
EELIS/PostgREST,t_awtabel006_01_curr,puhasti_nimi,string,text,,Puhasti nimi
EELIS/PostgREST,t_awtabel006_01_curr,arvutusviis,string,text,,Arvutusviis
EELIS/PostgREST,t_awtabel006_01_curr,markused,string,text,,Märkused
EELIS/PostgREST,t_awtabel006_01_curr,heitveehulk1kv,number,double precision,,Heitvee hulk 1 kv (m3)
EELIS/PostgREST,t_awtabel006_01_curr,heitveehulk2kv,number,double precision,,Heitvee hulk 2 kv (m3)
EELIS/PostgREST,t_awtabel006_01_curr,heitveehulk3kv,number,double precision,,Heitvee hulk 3 kv (m3)
EELIS/PostgREST,t_awtabel006_01_curr,heitveehulk4kv,number,double precision,,Heitvee hulk 4 kv (m3)
EELIS/PostgREST,t_awtabel006_01_curr,heitveehulkaastas,number,double precision,,Heitvee hulk aastas (m3)
EELIS/PostgREST,t_awtabel006_01_curr,bht7kontsentratsioonlubatud,number,double precision,,Lubatud BHT7 kontsentratsioon (mg/l)
EELIS/PostgREST,t_awtabel006_01_curr,bht7kontsentratsioon1kv,number,double precision,,BHT7 kontsentratsioon 1 kv (mg/l)
EELIS/PostgREST,t_awtabel006_01_curr,bht7kontsentratsioon2kv,number,double precision,,BHT7 kontsentratsioon 2 kv (mg/l)
EELIS/PostgREST,t_awtabel006_01_curr,bht7kontsentratsioon3kv,number,double precision,,BHT7 kontsentratsioon 3 kv (mg/l)
EELIS/PostgREST,t_awtabel006_01_curr,bht7kontsentratsioon4kv,number,double precision,,BHT7 kontsentratsioon 4 kv (mg/l)
EELIS/PostgREST,t_awtabel006_01_curr,bht7kogus,number,double precision,,BHT7 kogus (t)
EELIS/PostgREST,t_awtabel006_01_curr,helkontsentratsioonlubatud,number,double precision,,Lubatud Heljumi kontsentratsioon (mg/l)
EELIS/PostgREST,t_awtabel006_01_curr,helkontsentratsioon1kv,number,double precision,,Heljumi kontsentratsioon 1 kv (mg/l)
EELIS/PostgREST,t_awtabel006_01_curr,helkontsentratsioon2kv,number,double precision,,Heljumi kontsentratsioon 2 kv (mg/l)
EELIS/PostgREST,t_awtabel006_01_curr,helkontsentratsioon3kv,number,double precision,,Heljumi kontsentratsioon 3 kv (mg/l)
EELIS/PostgREST,t_awtabel006_01_curr,helkontsentratsioon4kv,number,double precision,,Heljumi kontsentratsioon 4 kv (mg/l)
EELIS/PostgREST,t_awtabel006_01_curr,helkogus,number,double precision,,Heljumi kogus (t)
EELIS/PostgREST,t_awtabel006_01_curr,khtkontsentratsioonlubatud,number,double precision,,Lubatud KHT kontsentratsioon (mg/l)
EELIS/PostgREST,t_awtabel006_01_curr,khtkontsentratsioon1kv,number,double precision,,KHT kontsentratsioon 1 kv (mg/l)
EELIS/PostgREST,t_awtabel006_01_curr,khtkontsentratsioon2kv,number,double precision,,KHT kontsentratsioon 2 kv (mg/l)
EELIS/PostgREST,t_awtabel006_01_curr,khtkontsentratsioon3kv,number,double precision,,KHT kontsentratsioon 3 kv (mg/l)
EELIS/PostgREST,t_awtabel006_01_curr,khtkontsentratsioon4kv,number,double precision,,KHT kontsentratsioon 4 kv (mg/l)
EELIS/PostgREST,t_awtabel006_01_curr,khtkogus,number,double precision,,KHT kogus (t)
EELIS/PostgREST,t_awtabel006_01_curr,pkontsentratsioonlubatud,number,double precision,,Lubatud Püld kontsentratsioon (mg/l)
EELIS/PostgREST,t_awtabel006_01_curr,pkontsentratsioon1kv,number,double precision,,Püld kontsentratsioon 1 kv (mg/l)
EELIS/PostgREST,t_awtabel006_01_curr,pkontsentratsioon2kv,number,double precision,,Püld kontsentratsioon 2 kv (mg/l)
EELIS/PostgREST,t_awtabel006_01_curr,pkontsentratsioon3kv,number,double precision,,Püld kontsentratsioon 3 kv (mg/l)
EELIS/PostgREST,t_awtabel006_01_curr,pkontsentratsioon4kv,number,double precision,,Püld kontsentratsioon 4 kv (mg/l)
EELIS/PostgREST,t_awtabel006_01_curr,pkogus,number,double precision,,Püld kogus (t)
EELIS/PostgREST,t_awtabel006_01_curr,nyldkontsentratsioonlubatud,number,double precision,,Lubatud Nüld kontsentratsioon (mg/l)
EELIS/PostgREST,t_awtabel006_01_curr,nyldkontsentratsioon1kv,number,double precision,,Nüld kontsentratsioon 1 kv (mg/l)
EELIS/PostgREST,t_awtabel006_01_curr,nyldkontsentratsioon2kv,number,double precision,,Nüld kontsentratsioon 2 kv (mg/l)
EELIS/PostgREST,t_awtabel006_01_curr,nyldkontsentratsioon3kv,number,double precision,,Nüld kontsentratsioon 3 kv (mg/l)
EELIS/PostgREST,t_awtabel006_01_curr,nyldkontsentratsioon4kv,number,double precision,,Nüld kontsentratsioon 4 kv (mg/l)
EELIS/PostgREST,t_awtabel006_01_curr,nyldkogus,number,double precision,,Nüld kogus (t)
EELIS/PostgREST,t_awtabel006_01_curr,nyldeheitveehulk1kv,number,double precision,,Nüld-erisus heitvee hulk 1 kv (m3)
EELIS/PostgREST,t_awtabel006_01_curr,nyldeheitveehulk2kv,number,double precision,,Nüld-erisus heitvee hulk 2 kv (m3)
EELIS/PostgREST,t_awtabel006_01_curr,nyldeheitveehulk3kv,number,double precision,,Nüld-erisus heitvee hulk 3 kv (m3)
EELIS/PostgREST,t_awtabel006_01_curr,nyldeheitveehulk4kv,number,double precision,,Nüld-erisus heitvee hulk 4 kv (m3)
EELIS/PostgREST,t_awtabel006_01_curr,nyldeheitveehulkaastas,number,double precision,,Nüld-erisus heitvee hulk aastas (m3)
EELIS/PostgREST,t_awtabel006_01_curr,nyldekontsentratsioon1kv,number,double precision,,Nüld-erisus kontsentratsioon 1 kv (mg/l)
EELIS/PostgREST,t_awtabel006_01_curr,nyldekontsentratsioon2kv,number,double precision,,Nüld-erisus kontsentratsioon 2 kv (mg/l)
EELIS/PostgREST,t_awtabel006_01_curr,nyldekontsentratsioon3kv,number,double precision,,Nüld-erisus kontsentratsioon 3 kv (mg/l)
EELIS/PostgREST,t_awtabel006_01_curr,nyldekontsentratsioon4kv,number,double precision,,Nüld-erisus kontsentratsioon 4 kv (mg/l)
EELIS/PostgREST,t_awtabel006_01_curr,nyldekogus,number,double precision,,Nüld-erisus kogus (t)
EELIS/PostgREST,t_awtabel006_02_curr,aruandeaasta,integer,integer,,Aruande aasta
EELIS/PostgREST,t_awtabel006_02_curr,annual_report_id,integer,integer,,Aastaaruande id
EELIS/PostgREST,t_awtabel006_02_curr,valjalaskmekood,string,text,,Väljalaskme kood
EELIS/PostgREST,t_awtabel006_02_curr,valjalaskme_kkr_kood,string,text,,Väljalaskme KKR kood
EELIS/PostgREST,t_awtabel006_02_curr,valjalaskmenimetus,string,text,,Väljalaskme nimetus
EELIS/PostgREST,t_awtabel006_02_curr,naitaja,string,text,,Näitaja
EELIS/PostgREST,t_awtabel006_02_curr,naitaja_kood,string,text,,Näitaja kood
EELIS/PostgREST,t_awtabel006_02_curr,markused,string,text,,Märkused
EELIS/PostgREST,t_awtabel006_02_curr,kogus,number,double precision,,Kogus (t)
EELIS/PostgREST,t_awtabel006_02_curr,kontsentratsioon1kv,number,double precision,,Kontsentratsioon 1 kv (mg/l)
EELIS/PostgREST,t_awtabel006_02_curr,kontsentratsioon2kv,number,double precision,,Kontsentratsioon 2 kv (mg/l)
EELIS/PostgREST,t_awtabel006_02_curr,kontsentratsioon3kv,number,double precision,,Kontsentratsioon 3 kv (mg/l)
EELIS/PostgREST,t_awtabel006_02_curr,kontsentratsioon4kv,number,double precision,,Kontsentratsioon 4 kv (mg/l)
EELIS/PostgREST,t_awtabel006_03_curr,aruandeaasta,integer,integer,,Aruande aasta
EELIS/PostgREST,t_awtabel006_03_curr,annual_report_id,integer,integer,,Aastaaruande id
EELIS/PostgREST,t_awtabel006_03_curr,valjalaskmekood,string,text,,Väljalaskme kood
EELIS/PostgREST,t_awtabel006_03_curr,valjalaskme_kkr_kood,string,text,,Väljalaskme KKR kood
EELIS/PostgREST,t_awtabel006_03_curr,valjalaskmenimetus,string,text,,Väljalaskme nimetus
EELIS/PostgREST,t_awtabel006_03_curr,aeg,string,text,,Äkkheite aeg
EELIS/PostgREST,t_awtabel006_03_curr,pohjus,string,text,,Äkkheite põhjus
EELIS/PostgREST,t_awtabel006_03_curr,markused,string,text,,Märkused
EELIS/PostgREST,t_awtabel006_03_curr,veehulk,number,double precision,,Heitvee hulk (m3)
EELIS/PostgREST,t_awtabel006_03_curr,bht7kogus,number,double precision,,BHT7 kogus (t)
EELIS/PostgREST,t_awtabel006_03_curr,pyldkogus,number,double precision,,Püld kogus (t)
EELIS/PostgREST,t_awtabel006_03_curr,nyldkogus,number,double precision,,Nüld kogus (t)
EELIS/PostgREST,t_awtabel009_curr,aruandeaasta,integer,integer,,Aruandeaasta
EELIS/PostgREST,t_awtabel009_curr,annual_report_id,integer,integer,,Aastaaruande id
EELIS/PostgREST,t_awtabel009_curr,vesiviljelus_kkr_kood,string,text,,Vesiviljeluse KKR kood
EELIS/PostgREST,t_awtabel009_curr,vesiviljelus_nimi,string,text,,Vesiviljeluse nimi
EELIS/PostgREST,t_awtabel009_curr,kasvandustyyp,string,text,,Kasvandustüüp
EELIS/PostgREST,t_awtabel009_curr,kasvandusmuu,string,text,,Kasvandus muu
EELIS/PostgREST,t_awtabel009_curr,veepuhastus_meetod,string,text,,Veepuhastuse meetod
EELIS/PostgREST,t_awtabel009_curr,veepuhastus_meetod_muu,string,text,,Veepuhastuse meetod muu
EELIS/PostgREST,t_awtabel009_curr,sette_eemaldamine,string,text,,Sette eemaldamine
EELIS/PostgREST,t_awtabel009_curr,juurdekasvaastas,number,double precision,,Juurekasv aastas
EELIS/PostgREST,t_awtabel009_curr,toodangaastas,number,double precision,,Toodang aastas
EELIS/PostgREST,t_awtabel009_curr,soodakoefitsient_keskmine,number,double precision,,Soodakoefitsient keskmine
EELIS/PostgREST,t_awtabel009_curr,soodakogus,number,double precision,,Soodakogus
EELIS/PostgREST,t_awtabel009_curr,lammastikukoormus_bruto,number,double precision,,Lämmastikukoormus bruto
EELIS/PostgREST,t_awtabel009_curr,lammastikukoormus_kokku,number,double precision,,Lämmastikukoormus kokku
EELIS/PostgREST,t_awtabel009_curr,fosforikoormus_bruto,number,double precision,,Fosforikoormus bruto
EELIS/PostgREST,t_awtabel009_curr,fosforikoormus_kokku,number,double precision,,Fosforikoormus kokku
EELIS/PostgREST,t_awtabel009_curr,veekasutus,number,double precision,,Veekasutus
EELIS/PostgREST,t_heiteallikas_curr,heiteallikas_nimi,string,character varying,,Heiteallika nimi
EELIS/PostgREST,t_heiteallikas_curr,heiteallikas_kirjeldus,string,character varying,,Heiteallika kirjeldus
EELIS/PostgREST,t_heiteallikas_curr,heiteallikas_number,string,character varying,,Heiteallika number
EELIS/PostgREST,t_heiteallikas_curr,heiteallikas_staatus,string,character varying,,Heiteallika staatus
EELIS/PostgREST,t_heiteallikas_curr,kehtivuse_staatus,string,text,,Kehtivuse staatus
EELIS/PostgREST,t_heiteallikas_curr,number_plaanil,string,character varying,,Heiteallika number plaanil või kaardil
EELIS/PostgREST,t_heiteallikas_curr,ava_labimoot_m,number,numeric,,"Ava läbimõõt, m"
EELIS/PostgREST,t_heiteallikas_curr,valjumiskorgus_m,integer,integer,,"Väljumiskõrgus, m"
EELIS/PostgREST,t_heiteallikas_curr,joonkiirus_m,number,numeric,,"Joonkiirus, m/s"
EELIS/PostgREST,t_heiteallikas_curr,temperatuur_c,number,numeric,,"Temperatuur, °C"
EELIS/PostgREST,t_heiteallikas_curr,heiteallikas_snap_reg,string,character varying,,Heiteallika SNAP kood heiteallikaregistris
EELIS/PostgREST,t_heiteallikas_curr,heiteallikas_snap_nimi,string,text,,Heiteallika SNAP nimetus
EELIS/PostgREST,t_heiteallikas_curr,heiteallikas_x_lest97,string,character varying,,Heiteallika x-koordinaat
EELIS/PostgREST,t_heiteallikas_curr,heiteallikas_y_lest97,string,character varying,,Heiteallika y-koordinaat
EELIS/PostgREST,t_heiteallikas_curr,heiteallikas_x2_lest97,string,character varying,,"Heiteallika L-EST97 koordinaat, x"
EELIS/PostgREST,t_heiteallikas_curr,heiteallikas_y2_lest97,string,character varying,,"Heiteallika L-EST97 koordinaat, y"
EELIS/PostgREST,t_heiteallikas_curr,heiteallikas_center_x_lest97,number,double precision,,Heiteallika tsentroidi x-koordinaat
EELIS/PostgREST,t_heiteallikas_curr,heiteallikas_center_y_lest97,number,double precision,,Heiteallika tsentroidi y-koordinaat
EELIS/PostgREST,t_heiteallikas_curr,heiteallikas_asula_kood_curr,string,character varying,,Heiteallika asula kood
EELIS/PostgREST,t_heiteallikas_curr,heiteallikas_asula_nimi_curr,string,character varying,,Heiteallika asula
EELIS/PostgREST,t_heiteallikas_curr,heiteallikas_kov_kood_curr,string,character varying,,Heiteallika KOV kood
EELIS/PostgREST,t_heiteallikas_curr,heiteallikas_kov_nimi_curr,string,character varying,,Heiteallika KOV
EELIS/PostgREST,t_heiteallikas_curr,heiteallikas_maakond_kood_curr,string,character varying,,Heiteallika maakonna kood
EELIS/PostgREST,t_heiteallikas_curr,heiteallikas_maakond_nimi_curr,string,character varying,,Heiteallika maakond
EELIS/PostgREST,t_heiteallikas_curr,kehtib_alates,string,date,,Kehtib alates
EELIS/PostgREST,t_heiteallikas_curr,kehtib_kuni,string,date,,Kehtib kuni
EELIS/PostgREST,t_heiteallikas_curr,omanik_nimetus,string,character varying,,Omaniku nimetus
EELIS/PostgREST,t_heiteallikas_curr,omanik_registrikood,string,character varying,,Omaniku registrikood
EELIS/PostgREST,t_heiteallikas_curr,omanik_riik,string,character varying,,Omaniku riik
EELIS/PostgREST,t_heiteallikas_curr,loa_number_luba,string,character varying,,Loa number
EELIS/PostgREST,t_heiteallikas_curr,luba_versioon,string,character varying,,Loa versioon
EELIS/PostgREST,t_heiteallikas_curr,luba_liik_luba,string,character varying,,Loa liik
EELIS/PostgREST,t_heiteallikas_curr,luba_staatus_luba,string,character varying,,Loa staatus
EELIS/PostgREST,t_heiteallikas_curr,luba_staatus_luba_selg,string,text,,Loa staatus selgitus
EELIS/PostgREST,t_heiteallikas_curr,luba_kehtiv_alates_luba,string,character varying,,Luba kehtib alates
EELIS/PostgREST,t_heiteallikas_curr,luba_kehtiv_kuni_luba,string,character varying,,Luba kehtib kuni
EELIS/PostgREST,t_heitkogus_allikas_curr,aruanne_id,integer,integer,,Aastaaruande ID
EELIS/PostgREST,t_heitkogus_allikas_curr,cas_kood,string,character varying,,Saasteaine CAS nr
EELIS/PostgREST,t_heitkogus_allikas_curr,heiteallikas_kood,string,character varying,,Heiteallika kood
EELIS/PostgREST,t_heitkogus_allikas_curr,heiteallikas_kood_nimetus,string,character varying,,Heiteallika nimetus
EELIS/PostgREST,t_heitkogus_allikas_curr,kytus_kn_kood,string,character varying,,Kütuse KN kood
EELIS/PostgREST,t_heitkogus_allikas_curr,kytus_kood,string,character varying,,Kütuse kood
EELIS/PostgREST,t_heitkogus_allikas_curr,kytus_nimetus,string,character varying,,Kasutatud kütuse nimetus
EELIS/PostgREST,t_heitkogus_allikas_curr,kytus_kogus,number,numeric,,Kasutatud kütuse kogus; tahke- ja vedelkütus (k.a vedeldatud gaasid)- tonnides; gaas-tuhat m³
EELIS/PostgREST,t_heitkogus_allikas_curr,kytus_yhik,string,character varying,,Kasutatud kütuse ühik
EELIS/PostgREST,t_heitkogus_allikas_curr,kytus_alumine_kyttevaartus,number,numeric,,"Alumine kütteväärtus, MJ/kg; gaas, MJ/Nm"
EELIS/PostgREST,t_heitkogus_allikas_curr,kytus_vaavli_sisaldus_prots,number,numeric,,Kütuse väävli-sisaldus %
EELIS/PostgREST,t_heitkogus_allikas_curr,aine_nimetus,string,character varying,,Saasteaine nimetus
EELIS/PostgREST,t_heitkogus_allikas_curr,aine_kogus_maarus_yhik,number,numeric,,"Heitkogus aruande aastal, teisendatud väärtus"
EELIS/PostgREST,t_heitkogus_allikas_curr,aine_yhik_maarus,string,character varying,,"Ühik, millesse on heitkogus teisendatud"
EELIS/PostgREST,t_heitkogus_allikas_curr,aine_arvestus_meetod,string,character varying,,Heitkoguse määramismeetod
EELIS/PostgREST,t_heitkogus_allikas_curr,heiteallikas_nr_plaanil,string,character varying,,Heiteallika nr plaanil või kaardil
EELIS/PostgREST,t_heitkogus_allikas_curr,heiteallikas_x_lest97,integer,integer,,Heiteallika x-koordinaat
EELIS/PostgREST,t_heitkogus_allikas_curr,heiteallikas_y_lest97,integer,integer,,Heiteallika y-koordinaat
EELIS/PostgREST,t_heitkogus_allikas_curr,valjumiskorgus_m,number,numeric,,"Väljumiskõrgus, m"
EELIS/PostgREST,t_heitkogus_allikas_curr,ava_labimoot_m,number,numeric,,"Ava läbimõõt, m"
EELIS/PostgREST,t_heitkogus_allikas_curr,joonkiirus_ms,number,numeric,,"Joonkiirus, m/s"
EELIS/PostgREST,t_heitkogus_allikas_curr,temperatuur_c,number,numeric,,"Temperatuur, °C"
EELIS/PostgREST,t_heitkogus_allikas_curr,aruanne_aasta,integer,smallint,,Aruande aasta
EELIS/PostgREST,t_heitkogus_allikas_curr,allikas,string,character varying,,Allikas
EELIS/PostgREST,t_heitkogus_allikas_curr,luba_number,string,character varying,,Keskkonnaloa number
EELIS/PostgREST,t_heitkogus_allikas_curr,luba_versioon,integer,integer,,Loa versioon
EELIS/PostgREST,t_heitkogus_allikas_curr,luba_liik,string,character varying,,Keskkonnaloa tüüp
EELIS/PostgREST,t_heitkogus_allikas_curr,luba_algus,string,character varying,,Keskkonnaloa kehtivuse algus
EELIS/PostgREST,t_heitkogus_allikas_curr,luba_lopp,string,character varying,,Keskkonnaloa kehtivuse lõpp
EELIS/PostgREST,t_heitkogus_allikas_curr,luba_versioon_algus,string,date,,Loa versiooni kehtivuse algus
EELIS/PostgREST,t_heitkogus_allikas_curr,luba_versioon_lopp,string,date,,Loa versiooni kehtivuse lõpp
EELIS/PostgREST,t_heitkogus_allikas_curr,kaitaja_nimi,string,character varying,,Käitaja nimi (kehtiv)
EELIS/PostgREST,t_heitkogus_allikas_curr,kaitaja_registrikood,string,character varying,,Käitaja registrikood
EELIS/PostgREST,t_heitkogus_allikas_curr,aruande_esitaja_emtak_kood,string,character varying,,Aruande esitaja EMTAK kood
EELIS/PostgREST,t_heitkogus_allikas_curr,aruande_esitaja_emtak_nimetus,string,character varying,,Aruande esitaja EMTAK nimetus
EELIS/PostgREST,t_heitkogus_allikas_curr,kaitis_nimetus,string,character varying,,Käitise nimetus (kehtiv)
EELIS/PostgREST,t_heitkogus_allikas_curr,tegevuskoht_aadress,string,character varying,,Käitise tegevuskoha aadress
EELIS/PostgREST,t_heitkogus_allikas_curr,tegevuskoht_asula_kood_curr,string,character varying,,"Käitise tegevuskoha EHAK kood, kehtiv"
EELIS/PostgREST,t_heitkogus_allikas_curr,tegevuskoht_asula_nimi_curr,string,character varying,,"Käitise tegevuskoha EHAK kirjeldus, kehtiv"
EELIS/PostgREST,t_heitkogus_allikas_curr,tegevuskoht_kov_kood_curr,string,character varying,,Käitise tegevuskoha KOV kood
EELIS/PostgREST,t_heitkogus_allikas_curr,tegevuskoht_kov_nimi_curr,string,character varying,,Käitise tegevuskoha KOV
EELIS/PostgREST,t_heitkogus_allikas_curr,tegevuskoht_maakond_kood_curr,string,character varying,,Käitise tegevuskoha maakond kood
EELIS/PostgREST,t_heitkogus_allikas_curr,tegevuskoht_maakond_nimi_curr,string,character varying,,Käitise tegevuskoha maakond
EELIS/PostgREST,t_heitkogus_allikas_curr,tegevuskoht_x_lest97,number,double precision,,Käitise x-koordinaat
EELIS/PostgREST,t_heitkogus_allikas_curr,tegevuskoht_y_lest97,number,double precision,,Käitise y-koordinaat
EELIS/PostgREST,t_heitkogus_allikas_curr,tegevust_ei_toimunud,string,character varying,,Tegevust aruande aastal ei toimunud
EELIS/PostgREST,t_heitkogus_allikas_curr,tegevust_ei_toimunud_selgitus,string,character varying,,Tegevust aruande aastal ei toimunud selgitus
EELIS/PostgREST,t_heitkogus_allikas_curr,kaitis_pohitegevus_emtak,string,character varying,,Käitise põhitegevusala EMTAKi kood
EELIS/PostgREST,t_heitkogus_allikas_curr,kaitis_pohitegevus_emtak_nimetus,string,character varying,,Käitise põhitegevusala nimetus
EELIS/PostgREST,t_heitkogus_allikas_curr,kaitis_lisategevus_emtak_loend,string,character varying,,"Käitise muud tegevusalade EMTAKi koodid, millele luba antakse"
EELIS/PostgREST,t_heitkogus_allikas_curr,kaitis_lisategevus_emtak_nimetus_loend,string,character varying,,"Käitise muud tegevusalade nimetused, millele luba antakse"
EELIS/PostgREST,t_heitkogus_allikas_curr,ets_kohuslane,string,character varying,,"Käitise katekooria, kasvuhoonegaaside lubatud heitkoguse ühikutega kauplemise süsteemi kohustuslane"
EELIS/PostgREST,t_heitkogus_allikas_curr,ets_tegevusala,string,character varying,,"Käitise katekooria, kauplemissüsteemi kohustuslase tegevusala"
EELIS/PostgREST,t_heitkogus_allikas_curr,eprtr_kohuslane,string,character varying,,E-PRTRi registri kohuslane
EELIS/PostgREST,t_heitkogus_allikas_curr,heiteallikas_arv,integer,integer,,Heiteallikate arv tootmisterritooriumil
EELIS/PostgREST,t_heitkogus_allikas_curr,kaitis_tootajate_arv,integer,integer,,Käitise töötajate arv
EELIS/PostgREST,t_heitkogus_allikas_curr,emaettevote_nimi,string,character varying,,Emaettevõtte nimi
EELIS/PostgREST,t_heitkogus_allikas_curr,emaettevote_riik,string,character varying,,Emaettevõtte riik
EELIS/PostgREST,t_heitkogus_allikas_curr,tegevusala_snap,string,character varying,,Tegevusala SNAP
EELIS/PostgREST,t_heitkogus_allikas_curr,tegevusala_snap_name,string,character varying,,SNAP nimetus eesti keeles
EELIS/PostgREST,t_heitkogus_allikas_curr,kytus_kood_val,string,character varying,,Kütuse kood
EELIS/PostgREST,t_heitkogus_allikas_curr,kytus_nimetus_val,string,character varying,,Kütuse nimetus
EELIS/PostgREST,t_heitkogus_allikas_poletusseade_curr,aruanne_id,integer,integer,,Aruande ID
EELIS/PostgREST,t_heitkogus_allikas_poletusseade_curr,katel_nimetus,string,character varying,,Katlatüüp
EELIS/PostgREST,t_heitkogus_allikas_poletusseade_curr,katel_arv,integer,integer,,Katelde arv
EELIS/PostgREST,t_heitkogus_allikas_poletusseade_curr,katel_nimisoojusvoimsus_mwth,number,double precision,,"Nimisoojusvõimsus, MWth (ühe katla kohta)"
EELIS/PostgREST,t_heitkogus_allikas_poletusseade_curr,heiteallikas_voimsus,number,double precision,,Arvutatud heiteallika võimsus
EELIS/PostgREST,t_heitkogus_allikas_poletusseade_curr,katel_kasutegur,number,double precision,,Kasutegur
EELIS/PostgREST,t_heitkogus_allikas_poletusseade_curr,kytus_kn_kood,string,character varying,,Kütuse KN kood
EELIS/PostgREST,t_heitkogus_allikas_poletusseade_curr,kytus_kood,string,character varying,,Kütuse kood
EELIS/PostgREST,t_heitkogus_allikas_poletusseade_curr,kytus_nimetus_val,string,character varying,,Kütuse nimetus välistes allikates
EELIS/PostgREST,t_heitkogus_allikas_poletusseade_curr,kytus_kogus,number,numeric,,Kasutatud kütuse kogus; tahke- ja vedelkütus (k.a vedeldatud gaasid)- tonnides; gaas-tuhat m³
EELIS/PostgREST,t_heitkogus_allikas_poletusseade_curr,kytus_yhik,string,character varying,,Kasutatud kütuse ühik
EELIS/PostgREST,t_heitkogus_allikas_poletusseade_curr,kytus_alumine_kyttevaartus,number,numeric,,"Alumine kütteväärtus, MJ/kg; gaas, MJ/Nm"
EELIS/PostgREST,t_heitkogus_allikas_poletusseade_curr,kytus_vaavli_sisaldus_prots,number,numeric,,Kütuse väävli-sisaldus %
EELIS/PostgREST,t_heitkogus_allikas_poletusseade_curr,cas_kood,string,character varying,,Saasteaine CAS nr
EELIS/PostgREST,t_heitkogus_allikas_poletusseade_curr,aine_nimetus,string,character varying,,Saasteaine nimetus
EELIS/PostgREST,t_heitkogus_allikas_poletusseade_curr,aine_kogus_maarus_yhik,number,numeric,,"Heitkogus aruande aastal, esitatud määruse ühikutes"
EELIS/PostgREST,t_heitkogus_allikas_poletusseade_curr,aine_yhik_maarus,string,character varying,,Kütuse ühik välistes allikates
EELIS/PostgREST,t_heitkogus_allikas_poletusseade_curr,aine_arvestus_meetod,string,character varying,,Heitkoguse määramismeetod
EELIS/PostgREST,t_heitkogus_allikas_poletusseade_curr,tegevusala_snap,string,character varying,,Tegevusala SNAP kood
EELIS/PostgREST,t_heitkogus_allikas_poletusseade_curr,tegevusala_snap_name,string,character varying,,Tegevusala SNAP nimi
EELIS/PostgREST,t_heitkogus_allikas_poletusseade_curr,tootunnid_aastas,integer,integer,,Töötunde aastas
EELIS/PostgREST,t_heitkogus_allikas_poletusseade_curr,aruanne_aasta,integer,smallint,,Aasta
EELIS/PostgREST,t_heitkogus_allikas_poletusseade_curr,luba_number,string,character varying,,Keskkonnaloa number
EELIS/PostgREST,t_heitkogus_allikas_poletusseade_curr,luba_versioon,integer,integer,,Loa versioon
EELIS/PostgREST,t_heitkogus_allikas_poletusseade_curr,luba_liik,string,character varying,,Keskkonnaloa tüüp
EELIS/PostgREST,t_heitkogus_allikas_poletusseade_curr,luba_algus,string,character varying,,Keskkonnaloa kehtivuse algus
EELIS/PostgREST,t_heitkogus_allikas_poletusseade_curr,luba_lopp,string,character varying,,Keskkonnaloa kehtivuse lõpp
EELIS/PostgREST,t_heitkogus_allikas_poletusseade_curr,luba_versioon_algus,string,date,,Loa versiooni kehtivuse algus
EELIS/PostgREST,t_heitkogus_allikas_poletusseade_curr,luba_versioon_lopp,string,date,,Loa versiooni kehtivuse lõpp
EELIS/PostgREST,t_heitkogus_allikas_poletusseade_curr,kaitaja_nimi,string,character varying,,Käitaja nimi (kehtiv)
EELIS/PostgREST,t_heitkogus_allikas_poletusseade_curr,kaitaja_registrikood,string,character varying,,Käitaja registrikood
EELIS/PostgREST,t_heitkogus_allikas_poletusseade_curr,aruande_esitaja_emtak_kood,string,character varying,,Aruande esitaja EMTAK kood
EELIS/PostgREST,t_heitkogus_allikas_poletusseade_curr,aruande_esitaja_emtak_nimetus,string,character varying,,Aruande esitaja EMTAK nimetus
EELIS/PostgREST,t_heitkogus_allikas_poletusseade_curr,kaitis_nimetus,string,character varying,,Käitise nimetus (kehtiv)
EELIS/PostgREST,t_heitkogus_allikas_poletusseade_curr,tegevuskoht_aadress,string,character varying,,Käitise tegevuskoha aadress
EELIS/PostgREST,t_heitkogus_allikas_poletusseade_curr,tegevuskoht_asula_kood_curr,string,character varying,,"Käitise tegevuskoha EHAK kood, kehtiv"
EELIS/PostgREST,t_heitkogus_allikas_poletusseade_curr,tegevuskoht_asula_nimi_curr,string,character varying,,"Käitise tegevuskoha EHAK kirjeldus, kehtiv"
EELIS/PostgREST,t_heitkogus_allikas_poletusseade_curr,tegevuskoht_kov_kood_curr,string,character varying,,Käitise tegevuskoha KOV kood
EELIS/PostgREST,t_heitkogus_allikas_poletusseade_curr,tegevuskoht_kov_nimi_curr,string,character varying,,Käitise tegevuskoha KOV
EELIS/PostgREST,t_heitkogus_allikas_poletusseade_curr,tegevuskoht_maakond_kood_curr,string,character varying,,Käitise tegevuskoha maakond kood
EELIS/PostgREST,t_heitkogus_allikas_poletusseade_curr,tegevuskoht_maakond_nimi_curr,string,character varying,,Käitise tegevuskoha maakond
EELIS/PostgREST,t_heitkogus_allikas_poletusseade_curr,tegevuskoht_x_lest97,number,double precision,,Käitise x-koordinaat
EELIS/PostgREST,t_heitkogus_allikas_poletusseade_curr,tegevuskoht_y_lest97,number,double precision,,Käitise y-koordinaat
EELIS/PostgREST,t_heitkogus_allikas_poletusseade_curr,tegevust_ei_toimunud,string,character varying,,Tegevust aruande aastal ei toimunud
EELIS/PostgREST,t_heitkogus_allikas_poletusseade_curr,tegevust_ei_toimunud_selgitus,string,character varying,,Tegevust aruande aastal ei toimunud selgitus
EELIS/PostgREST,t_heitkogus_allikas_poletusseade_curr,kaitis_pohitegevus_emtak,string,character varying,,Käitise põhitegevusala EMTAKi kood
EELIS/PostgREST,t_heitkogus_allikas_poletusseade_curr,kaitis_pohitegevus_emtak_nimetus,string,character varying,,Käitise põhitegevusala nimetus
EELIS/PostgREST,t_heitkogus_allikas_poletusseade_curr,kaitis_lisategevus_emtak_loend,string,character varying,,"Käitise muud tegevusalade EMTAKi koodid, millele luba antakse"
EELIS/PostgREST,t_heitkogus_allikas_poletusseade_curr,kaitis_lisategevus_emtak_nimetus_loend,string,character varying,,"Käitise muud tegevusalade nimetused, millele luba antakse"
EELIS/PostgREST,t_heitkogus_allikas_poletusseade_curr,heiteallikas_number,string,character varying,,Heiteallika number
EELIS/PostgREST,t_heitkogus_allikas_poletusseade_curr,heiteallikas_nimetus,string,character varying,,Heiteallika nimetus
EELIS/PostgREST,t_heitkogus_allikas_poletusseade_curr,heiteallikas_nr_plaanil,string,character varying,,Heiteallika nr plaanil või kaardil
EELIS/PostgREST,t_heitkogus_allikas_poletusseade_curr,heiteallikas_x1_lest97,number,double precision,,Heiteallika x1-koordinaat
EELIS/PostgREST,t_heitkogus_allikas_poletusseade_curr,heiteallikas_y1_lest97,number,double precision,,Heiteallika y1-koordinaat
EELIS/PostgREST,t_heitkogus_allikas_poletusseade_curr,heiteallikas_x2_lest97,number,double precision,,Heiteallika x2-koordinaat
EELIS/PostgREST,t_heitkogus_allikas_poletusseade_curr,heiteallikas_y2_lest97,number,double precision,,Heiteallika y2-koordinaat
EELIS/PostgREST,t_heitkogus_allikas_poletusseade_curr,valjumiskorgus_m,number,numeric,,"Väljumiskõrgus, m"
EELIS/PostgREST,t_heitkogus_allikas_poletusseade_curr,ava_labimoot_m,number,numeric,,"Ava läbimõõt, m"
EELIS/PostgREST,t_heitkogus_allikas_poletusseade_curr,joonkiirus_ms,number,numeric,,"Joonkiirus, m/s"
EELIS/PostgREST,t_heitkogus_allikas_poletusseade_curr,temperatuur_c,number,numeric,,"Temperatuur, °C"
EELIS/PostgREST,t_heitkogus_kaitis_curr,aruanne_id,integer,integer,,Aastaaruande ID
EELIS/PostgREST,t_heitkogus_kaitis_curr,aruanne_aasta,integer,smallint,,Aruande aasta
EELIS/PostgREST,t_heitkogus_kaitis_curr,luba_number,string,character varying,,Keskkonnaloa number
EELIS/PostgREST,t_heitkogus_kaitis_curr,luba_versioon,integer,integer,,Loa versioon
EELIS/PostgREST,t_heitkogus_kaitis_curr,luba_liik,string,character varying,,Keskkonnaloa tüüp
EELIS/PostgREST,t_heitkogus_kaitis_curr,luba_algus,string,character varying,,Keskkonnaloa kehtivuse algus
EELIS/PostgREST,t_heitkogus_kaitis_curr,luba_lopp,string,character varying,,Keskkonnaloa kehtivuse lõpp
EELIS/PostgREST,t_heitkogus_kaitis_curr,luba_versioon_algus,string,date,,Loa versiooni kehtivuse algus
EELIS/PostgREST,t_heitkogus_kaitis_curr,luba_versioon_lopp,string,date,,Loa versiooni kehtivuse lõpp
EELIS/PostgREST,t_heitkogus_kaitis_curr,kaitaja_nimi,string,character varying,,Käitaja nimi (kehtiv)
EELIS/PostgREST,t_heitkogus_kaitis_curr,kaitaja_registrikood,string,character varying,,Käitaja registrikood
EELIS/PostgREST,t_heitkogus_kaitis_curr,aruande_esitaja_emtak_kood,string,character varying,,Aruande esitaja EMTAK kood
EELIS/PostgREST,t_heitkogus_kaitis_curr,aruande_esitaja_emtak_nimetus,string,character varying,,Aruande esitaja EMTAK nimetus
EELIS/PostgREST,t_heitkogus_kaitis_curr,kaitis_nimetus,string,character varying,,Käitise nimetus (kehtiv)
EELIS/PostgREST,t_heitkogus_kaitis_curr,tegevuskoht_aadress,string,character varying,,Käitise tegevuskoha aadress
EELIS/PostgREST,t_heitkogus_kaitis_curr,tegevuskoht_asula_kood_curr,string,character varying,,"Käitise tegevuskoha EHAK kood, kehtiv"
EELIS/PostgREST,t_heitkogus_kaitis_curr,tegevuskoht_asula_nimi_curr,string,character varying,,"Käitise tegevuskoha EHAK kirjeldus, kehtiv"
EELIS/PostgREST,t_heitkogus_kaitis_curr,tegevuskoht_kov_kood_curr,string,character varying,,Käitise tegevuskoha KOV kood
EELIS/PostgREST,t_heitkogus_kaitis_curr,tegevuskoht_kov_nimi_curr,string,character varying,,Käitise tegevuskoha KOV
EELIS/PostgREST,t_heitkogus_kaitis_curr,tegevuskoht_maakond_kood_curr,string,character varying,,Käitise tegevuskoha maakond kood
EELIS/PostgREST,t_heitkogus_kaitis_curr,tegevuskoht_maakond_nimi_curr,string,character varying,,Käitise tegevuskoha maakond
EELIS/PostgREST,t_heitkogus_kaitis_curr,tegevuskoht_x_lest97,number,double precision,,Käitise x-koordinaat
EELIS/PostgREST,t_heitkogus_kaitis_curr,tegevuskoht_y_lest97,number,double precision,,Käitise y-koordinaat
EELIS/PostgREST,t_heitkogus_kaitis_curr,tegevust_ei_toimunud,string,character varying,,Tegevust aruande aastal ei toimunud
EELIS/PostgREST,t_heitkogus_kaitis_curr,tegevust_ei_toimunud_selgitus,string,character varying,,Tegevust aruande aastal ei toimunud selgitus
EELIS/PostgREST,t_heitkogus_kaitis_curr,kaitis_pohitegevus_emtak,string,character varying,,Käitise põhitegevusala EMTAKi kood
EELIS/PostgREST,t_heitkogus_kaitis_curr,kaitis_pohitegevus_emtak_nimetus,string,character varying,,Käitise põhitegevusala nimetus
EELIS/PostgREST,t_heitkogus_kaitis_curr,kaitis_lisategevus_emtak_loend,string,character varying,,"Käitise muud tegevusalade EMTAKi koodid, millele luba antakse"
EELIS/PostgREST,t_heitkogus_kaitis_curr,kaitis_lisategevus_emtak_nimetus_loend,string,character varying,,"Käitise muud tegevusalade nimetused, millele luba antakse"
EELIS/PostgREST,t_heitkogus_kaitis_curr,ets_kohuslane,string,character varying,,"Käitise katekooria, kasvuhoonegaaside lubatud heitkoguse ühikutega kauplemise süsteemi kohustuslane"
EELIS/PostgREST,t_heitkogus_kaitis_curr,ets_tegevusala,string,character varying,,"Käitise katekooria, kauplemissüsteemi kohustuslase tegevusala"
EELIS/PostgREST,t_heitkogus_kaitis_curr,eprtr_kohuslane,string,character varying,,E-PRTRi registri kohuslane
EELIS/PostgREST,t_heitkogus_kaitis_curr,heiteallikas_arv,integer,integer,,Heiteallikate arv tootmisterritooriumil
EELIS/PostgREST,t_heitkogus_kaitis_curr,kaitis_tootajate_arv,integer,integer,,Käitise töötajate arv
EELIS/PostgREST,t_heitkogus_kaitis_curr,emaettevote_nimi,string,character varying,,Emaettevõtte nimi
EELIS/PostgREST,t_heitkogus_kaitis_curr,emaettevote_riik,string,character varying,,Emaettevõtte riik
EELIS/PostgREST,t_heitkogus_kaitis_curr,cas_kood,string,character varying,,"Saasteaine CAS kood, aruanne"
EELIS/PostgREST,t_heitkogus_kaitis_curr,aine_nimetus,string,character varying,,"CAS nimetus, aruanne"
EELIS/PostgREST,t_heitkogus_kaitis_curr,aine_kogus_maarus_yhik,number,numeric,,"Heitkogus tootmisterritooriumi kõigist heiteallikatest kokku (t); RM ja POSid (kg); PCDD/PCDF (mg) aruandeaastal tegelikult, aruanne, ühiku teisendusega"
EELIS/PostgREST,t_heitkogus_kaitis_curr,aine_yhik_maarus,string,character varying,,"Aine ühik, aruanne"
EELIS/PostgREST,t_heitkogus_kaitis_curr,eelmine_aasta_vordlus_aruanne,number,double precision,,"Eelmise aastaga võrreldes (+, -), aruanne"
EELIS/PostgREST,t_heitkogus_kaitis_curr,lubatud_kogus_vordlus_aruanne,number,double precision,,"Aruandeaastaks lubatud kogusega võrreldes (+, -), aruanne"
EELIS/PostgREST,t_heitkogus_kaitis_curr,deklareeritud_kogus_aruanne,number,double precision,,"Aruandeaastaks deklareeritud kogus, aruanne"
EELIS/PostgREST,t_heitkogus_kaitis_curr,lubatud_kogus_aruanne,number,double precision,,"Aruandeaastaks lubatud kogus, aruanne"
EELIS/PostgREST,t_heitkogus_kaitis_curr,lubatud_yhik_aruanne,string,character varying,,"Mõõtühik, aruanne"
EELIS/PostgREST,t_heitkogus_kaitis_curr,aine_arvestus_meetod,string,character varying,,"Heitkoguse määramismeetod, aruanne"
EELIS/PostgREST,t_heitkogus_kaitis_curr,mootmine_tyyp,string,character varying,,"Mõõtmiste tüüp, aruanne"
EELIS/PostgREST,t_heitkogus_kaitis_curr,mootmine_sagedus,string,character varying,,"Mõõtmise sagedus, aruanne"
EELIS/PostgREST,t_kemikaal_allikas_curr,aruanne_aasta,integer,smallint,,Aruande aasta
EELIS/PostgREST,t_kemikaal_allikas_curr,aruanne_id,integer,integer,,Aruande ID
EELIS/PostgREST,t_kemikaal_allikas_curr,luba_number,string,character varying,,Keskkonnaloa number
EELIS/PostgREST,t_kemikaal_allikas_curr,luba_versioon,integer,integer,,Loa versioon
EELIS/PostgREST,t_kemikaal_allikas_curr,luba_liik,string,character varying,,Keskkonnaloa tüüp
EELIS/PostgREST,t_kemikaal_allikas_curr,luba_algus,string,character varying,,Keskkonnaloa kehtivuse algus
EELIS/PostgREST,t_kemikaal_allikas_curr,luba_lopp,string,character varying,,Keskkonnaloa kehtivuse lõpp
EELIS/PostgREST,t_kemikaal_allikas_curr,luba_versioon_algus,string,date,,Loa versiooni kehtivuse algus
EELIS/PostgREST,t_kemikaal_allikas_curr,luba_versioon_lopp,string,date,,Loa versiooni kehtivuse lõpp
EELIS/PostgREST,t_kemikaal_allikas_curr,kaitaja_nimi,string,character varying,,Käitaja nimi (kehtiv)
EELIS/PostgREST,t_kemikaal_allikas_curr,kaitaja_registrikood,string,character varying,,Käitaja registrikood
EELIS/PostgREST,t_kemikaal_allikas_curr,aruande_esitaja_emtak_kood,string,character varying,,Aruande esitaja EMTAK kood
EELIS/PostgREST,t_kemikaal_allikas_curr,aruande_esitaja_emtak_nimetus,string,character varying,,Aruande esitaja EMTAK nimetus
EELIS/PostgREST,t_kemikaal_allikas_curr,kaitis_nimetus,string,character varying,,Käitise nimetus (kehtiv)
EELIS/PostgREST,t_kemikaal_allikas_curr,tegevuskoht_aadress,string,character varying,,Käitise tegevuskoha aadress
EELIS/PostgREST,t_kemikaal_allikas_curr,tegevuskoht_asula_kood_curr,string,character varying,,"Käitise tegevuskoha EHAK kood, kehtiv"
EELIS/PostgREST,t_kemikaal_allikas_curr,tegevuskoht_asula_nimi_curr,string,character varying,,"Käitise tegevuskoha EHAK kirjeldus, kehtiv"
EELIS/PostgREST,t_kemikaal_allikas_curr,tegevuskoht_kov_kood_curr,string,character varying,,Käitise tegevuskoha KOV kood
EELIS/PostgREST,t_kemikaal_allikas_curr,tegevuskoht_kov_nimi_curr,string,character varying,,Käitise tegevuskoha KOV
EELIS/PostgREST,t_kemikaal_allikas_curr,tegevuskoht_maakond_kood_curr,string,character varying,,Käitise tegevuskoha maakond kood
EELIS/PostgREST,t_kemikaal_allikas_curr,tegevuskoht_maakond_nimi_curr,string,character varying,,Käitise tegevuskoha maakond
EELIS/PostgREST,t_kemikaal_allikas_curr,tegevuskoht_x_lest97,number,double precision,,Käitise x-koordinaat
EELIS/PostgREST,t_kemikaal_allikas_curr,tegevuskoht_y_lest97,number,double precision,,Käitise y-koordinaat
EELIS/PostgREST,t_kemikaal_allikas_curr,tegevust_ei_toimunud,string,character varying,,Tegevust aruande aastal ei toimunud
EELIS/PostgREST,t_kemikaal_allikas_curr,tegevust_ei_toimunud_selgitus,string,character varying,,Tegevust aruande aastal ei toimunud selgitus
EELIS/PostgREST,t_kemikaal_allikas_curr,kaitis_pohitegevus_emtak,string,character varying,,Käitise põhitegevusala EMTAKi kood
EELIS/PostgREST,t_kemikaal_allikas_curr,kaitis_pohitegevus_emtak_nimetus,string,character varying,,Käitise põhitegevusala nimetus
EELIS/PostgREST,t_kemikaal_allikas_curr,kaitis_lisategevus_emtak_loend,string,character varying,,"Käitise muud tegevusalade EMTAKi koodid, millele luba antakse"
EELIS/PostgREST,t_kemikaal_allikas_curr,kaitis_lisategevus_emtak_nimetus_loend,string,character varying,,"Käitise muud tegevusalade nimetused, millele luba antakse"
EELIS/PostgREST,t_kemikaal_allikas_curr,heiteallikas_number,string,character varying,,Heiteallika number
EELIS/PostgREST,t_kemikaal_allikas_curr,heiteallikas_nimetus,string,character varying,,Heiteallika nimetus
EELIS/PostgREST,t_kemikaal_allikas_curr,heiteallikas_nr_plaanil,string,character varying,,Heiteallika nr plaanil või kaardil
EELIS/PostgREST,t_kemikaal_allikas_curr,heiteallikas_x_lest97,integer,integer,,Heiteallika x-koordinaat
EELIS/PostgREST,t_kemikaal_allikas_curr,heiteallikas_y_lest97,integer,integer,,Heiteallika y-koordinaat
EELIS/PostgREST,t_kemikaal_allikas_curr,tegevusala_snap_kood,string,character varying,,Tegevusala või tehnoloogiaprotsessi SNAP kood
EELIS/PostgREST,t_kemikaal_allikas_curr,tegevusala_snap_nimi,string,character varying,,Tegevusala või tehnoloogiaprotsessi SNAP koodi nimetus
EELIS/PostgREST,t_kemikaal_allikas_curr,tegevusala_nimi,string,character varying,,Tegevusala või tehnoloogiaprotsessi nimetus
EELIS/PostgREST,t_kemikaal_allikas_curr,kemikaali_liik,string,text,,Kemikaali liik
EELIS/PostgREST,t_kemikaal_allikas_curr,kemikaali_tyyp,string,text,,Kemikaali tüüp
EELIS/PostgREST,t_kemikaal_allikas_curr,kemikaali_nimi,string,character varying,,Kemikaali nimetus
EELIS/PostgREST,t_kemikaal_allikas_curr,lou_sisaldus_prots,number,numeric,,"LOÜ-de sisaldus, massi %"
EELIS/PostgREST,t_kemikaal_allikas_curr,kasutatud_kogus_aastas,number,numeric,,"Kasutatud kemikaali kogus aastas, tonni"
EELIS/PostgREST,t_kemikaal_allikas_curr,lou_sisaldus_kemikaalis,number,numeric,,"Kemikaalis sisalduva lahusti kogus, tonni/a"
EELIS/PostgREST,t_kemikaal_allikas_curr,cas_kood,string,character varying,,Saasteaine CAS nr
EELIS/PostgREST,t_kemikaal_allikas_curr,aine_nimetus,string,character varying,,Saasteaine nimetus
EELIS/PostgREST,t_kemikaal_allikas_curr,aine_kogus_aruanne_ta,number,numeric,,Heitkogus aruande aastal tonni/a
EELIS/PostgREST,t_kemikaal_allikas_curr,aine_arvestus_meetod,string,character varying,,Heitkoguse määramismeetod
EELIS/PostgREST,t_kemikaal_allikas_curr,valjumiskorgus_m,number,numeric,,"Väljumiskõrgus, m"
EELIS/PostgREST,t_kemikaal_allikas_curr,ava_labimoot_m,number,numeric,,"Ava läbimõõt, m"
EELIS/PostgREST,t_kemikaal_allikas_curr,joonkiirus_ms,number,numeric,,"Joonkiirus, m/s"
EELIS/PostgREST,t_kemikaal_allikas_curr,temperatuur_c,number,numeric,,"Temperatuur, °C"
EELIS/PostgREST,t_kemikaal_allikas_curr,pyydeseade_aine_luba,string,character varying,,Püütav saasteaine nimetus
EELIS/PostgREST,t_kemikaal_allikas_curr,ets_kohuslane,string,character varying,,"Käitise katekooria, kasvuhoonegaaside lubatud heitkoguse ühikutega kauplemise süsteemi kohustuslane"
EELIS/PostgREST,t_kemikaal_allikas_curr,ets_tegevusala,string,character varying,,"Käitise katekooria, kauplemissüsteemi kohustuslase tegevusala"
EELIS/PostgREST,t_kemikaal_allikas_curr,eprtr_kohuslane,string,character varying,,E-PRTRi registri kohuslane
EELIS/PostgREST,t_kemikaal_allikas_curr,heiteallikas_arv,integer,integer,,Heiteallikate arv tootmisterritooriumil
EELIS/PostgREST,t_kemikaal_allikas_curr,kaitis_tootajate_arv,integer,integer,,Käitise töötajate arv
EELIS/PostgREST,t_kemikaal_allikas_curr,emaettevote_nimi,string,character varying,,Emaettevõtte nimi
EELIS/PostgREST,t_kemikaal_allikas_curr,emaettevote_riik,string,character varying,,Emaettevõtte riik
EELIS/PostgREST,t_lammastik_allikas_curr,aruanne_id,integer,integer,,Aruande ID
EELIS/PostgREST,t_lammastik_allikas_curr,heiteallikas,string,character varying,,Heiteallikas
EELIS/PostgREST,t_lammastik_allikas_curr,aastaloom_aastalind_arv,number,double precision,,Aastaloomade või -lindude arv
EELIS/PostgREST,t_lammastik_allikas_curr,loom_lind_vanusegrupp,string,character varying,,Looma- või linnuliik või vanusegrupp (piimatoodang aastas)?
EELIS/PostgREST,t_lammastik_allikas_curr,sootmispaev_aasta,number,double precision,,Söötmispäevade arv heiteallika
EELIS/PostgREST,t_lammastik_allikas_curr,lammastik_mass_kg,number,double precision,,Lämmastiku mass väljaheites?
EELIS/PostgREST,t_lammastik_allikas_curr,lammastik_mass_soot_kg,integer,integer,,"Lämmastiku mass söödas, kg"
EELIS/PostgREST,t_lammastik_allikas_curr,lammastik_mass_piim_kg,integer,integer,,"Lämmastiku mass piimas, kg"
EELIS/PostgREST,t_lammastik_allikas_curr,lammastik_juurdekasv_soot_kg,integer,integer,,"Lämmastiku mass juurdekasvus, kg"
EELIS/PostgREST,t_lammastik_allikas_curr,lammastik_mass_loode_kg,integer,integer,,"Lämmastiku mass lootes, kg"
EELIS/PostgREST,t_lammastik_allikas_curr,lammastik_muna_soot_kg,integer,integer,,"Lämmastiku mass munades, kg"
EELIS/PostgREST,t_lammastik_allikas_curr,lammastik_valjaheide_soot_kg,integer,integer,,"Lämmastiku mass väljaheites, kg?"
EELIS/PostgREST,t_lammastik_allikas_curr,tegevusala_snap,string,character varying,,Tegevusala SNAP kood
EELIS/PostgREST,t_lammastik_allikas_curr,tegevusala_snap_name,string,character varying,,Tegevusala SNAP nimi
EELIS/PostgREST,t_lammastik_allikas_curr,aruanne_aasta,integer,smallint,,Aasta
EELIS/PostgREST,t_lammastik_allikas_curr,luba_number,string,character varying,,Keskkonnaloa number
EELIS/PostgREST,t_lammastik_allikas_curr,luba_versioon,integer,integer,,Loa versioon
EELIS/PostgREST,t_lammastik_allikas_curr,luba_liik,string,character varying,,Keskkonnaloa tüüp
EELIS/PostgREST,t_lammastik_allikas_curr,luba_algus,string,character varying,,Keskkonnaloa kehtivuse algus
EELIS/PostgREST,t_lammastik_allikas_curr,luba_lopp,string,character varying,,Keskkonnaloa kehtivuse lõpp
EELIS/PostgREST,t_lammastik_allikas_curr,luba_versioon_algus,string,date,,Loa versiooni kehtivuse algus
EELIS/PostgREST,t_lammastik_allikas_curr,luba_versioon_lopp,string,date,,Loa versiooni kehtivuse lõpp
EELIS/PostgREST,t_lammastik_allikas_curr,kaitaja_nimi,string,character varying,,Käitaja nimi (kehtiv)
EELIS/PostgREST,t_lammastik_allikas_curr,kaitaja_registrikood,string,character varying,,Käitaja registrikood
EELIS/PostgREST,t_lammastik_allikas_curr,aruande_esitaja_emtak_kood,string,character varying,,Aruande esitaja EMTAK kood
EELIS/PostgREST,t_lammastik_allikas_curr,aruande_esitaja_emtak_nimetus,string,character varying,,Aruande esitaja EMTAK nimetus
EELIS/PostgREST,t_lammastik_allikas_curr,kaitis_nimetus,string,character varying,,Käitise nimetus (kehtiv)
EELIS/PostgREST,t_lammastik_allikas_curr,tegevuskoht_aadress,string,character varying,,Käitise tegevuskoha aadress
EELIS/PostgREST,t_lammastik_allikas_curr,tegevuskoht_asula_kood_curr,string,character varying,,"Käitise tegevuskoha EHAK kood, kehtiv"
EELIS/PostgREST,t_lammastik_allikas_curr,tegevuskoht_asula_nimi_curr,string,character varying,,"Käitise tegevuskoha EHAK kirjeldus, kehtiv"
EELIS/PostgREST,t_lammastik_allikas_curr,tegevuskoht_kov_kood_curr,string,character varying,,Käitise tegevuskoha KOV kood
EELIS/PostgREST,t_lammastik_allikas_curr,tegevuskoht_kov_nimi_curr,string,character varying,,Käitise tegevuskoha KOV
EELIS/PostgREST,t_lammastik_allikas_curr,tegevuskoht_maakond_kood_curr,string,character varying,,Käitise tegevuskoha maakond kood
EELIS/PostgREST,t_lammastik_allikas_curr,tegevuskoht_maakond_nimi_curr,string,character varying,,Käitise tegevuskoha maakond
EELIS/PostgREST,t_lammastik_allikas_curr,tegevuskoht_x_lest97,number,double precision,,Käitise x-koordinaat
EELIS/PostgREST,t_lammastik_allikas_curr,tegevuskoht_y_lest97,number,double precision,,Käitise y-koordinaat
EELIS/PostgREST,t_lammastik_allikas_curr,tegevust_ei_toimunud,string,character varying,,Tegevust aruande aastal ei toimunud
EELIS/PostgREST,t_lammastik_allikas_curr,tegevust_ei_toimunud_selgitus,string,character varying,,Tegevust aruande aastal ei toimunud selgitus
EELIS/PostgREST,t_lammastik_allikas_curr,kaitis_pohitegevus_emtak,string,character varying,,Käitise põhitegevusala EMTAKi kood
EELIS/PostgREST,t_lammastik_allikas_curr,kaitis_pohitegevus_emtak_nimetus,string,character varying,,Käitise põhitegevusala nimetus
EELIS/PostgREST,t_lammastik_allikas_curr,kaitis_lisategevus_emtak_loend,string,character varying,,"Käitise muud tegevusalade EMTAKi koodid, millele luba antakse"
EELIS/PostgREST,t_lammastik_allikas_curr,kaitis_lisategevus_emtak_nimetus_loend,string,character varying,,"Käitise muud tegevusalade nimetused, millele luba antakse"
EELIS/PostgREST,t_lammastik_allikas_curr,ets_kohuslane,string,character varying,,"Käitise katekooria, kasvuhoonegaaside lubatud heitkoguse ühikutega kauplemise süsteemi kohustuslane"
EELIS/PostgREST,t_lammastik_allikas_curr,ets_tegevusala,string,character varying,,"Käitise katekooria, kauplemissüsteemi kohustuslase tegevusala"
EELIS/PostgREST,t_lammastik_allikas_curr,eprtr_kohuslane,string,character varying,,E-PRTRi registri kohuslane
EELIS/PostgREST,t_lammastik_allikas_curr,heiteallikas_arv,integer,integer,,Heiteallikate arv tootmisterritooriumil
EELIS/PostgREST,t_lammastik_allikas_curr,kaitis_tootajate_arv,integer,integer,,Käitise töötajate arv
EELIS/PostgREST,t_lammastik_allikas_curr,emaettevote_nimi,string,character varying,,Emaettevõtte nimi
EELIS/PostgREST,t_lammastik_allikas_curr,emaettevote_riik,string,character varying,,Emaettevõtte riik
EELIS/PostgREST,t_lammastik_allikas_curr,heiteallikas_number,string,character varying,,Heiteallika number
EELIS/PostgREST,t_lammastik_allikas_curr,heiteallikas_nimetus,string,character varying,,Heiteallika nimetus
EELIS/PostgREST,t_lammastik_allikas_curr,heiteallikas_nr_plaanil,string,character varying,,Heiteallika nr plaanil või kaardil
EELIS/PostgREST,t_lammastik_allikas_curr,heiteallikas_snap,string,character varying,,Heiteallika SNAP kood
EELIS/PostgREST,t_lammastik_allikas_curr,heiteallikas_snap_nimetus,string,character varying,,Heiteallika SNAP nimetus
EELIS/PostgREST,t_lammastik_allikas_curr,heiteallikas_x_lest97,integer,integer,,Heiteallika x-koordinaat
EELIS/PostgREST,t_lammastik_allikas_curr,heiteallikas_y_lest97,integer,integer,,Heiteallika y-koordinaat
EELIS/PostgREST,t_lammastik_allikas_curr,valjumiskorgus_m,number,numeric,,"Väljumiskõrgus, m"
EELIS/PostgREST,t_lammastik_allikas_curr,ava_labimoot_m,number,numeric,,"Ava läbimõõt, m"
EELIS/PostgREST,t_lammastik_allikas_curr,joonkiirus_ms,number,numeric,,"Joonkiirus, m/s"
EELIS/PostgREST,t_lammastik_allikas_curr,temperatuur_c,number,numeric,,"Temperatuur, °C"
EELIS/PostgREST,t_loom_allikas_curr,aruanne_id,integer,integer,,Aruande ID
EELIS/PostgREST,t_loom_allikas_curr,heiteallikas_kood,string,character varying,,Heiteallikas kood
EELIS/PostgREST,t_loom_allikas_curr,heiteallikas_nimetus_loom,string,character varying,,Heiteallikas nimetus
EELIS/PostgREST,t_loom_allikas_curr,aastaloom_aastalind_arv,number,double precision,,Aastaloomade või -lindude arv
EELIS/PostgREST,t_loom_allikas_curr,loom_lind_liik,string,character varying,,Looma- või linnuliik
EELIS/PostgREST,t_loom_allikas_curr,loom_lind_vanusegrupp,string,character varying,,Looma- ja linnuliik täpsemalt või vanusegrupp (piimatoodang aastas)
EELIS/PostgREST,t_loom_allikas_curr,sootmispaev_aasta,number,double precision,,"Söötmispäevade arv heiteallika, toodangu- või vanuserühma ja pidamisviiside kaupa"
EELIS/PostgREST,t_loom_allikas_curr,karjatamise_tegur_sk,number,double precision,,Karjatamistegur sk
EELIS/PostgREST,t_loom_allikas_curr,pidamine_viis,string,character varying,,"Pidamisviis, sõnniku eemaldamise tehnoloogia"
EELIS/PostgREST,t_loom_allikas_curr,sonnik_tyyp,string,character varying,,Sõnniku tüüp
EELIS/PostgREST,t_loom_allikas_curr,sonnik_hoidla_tyyp,string,character varying,,Sõnnikuhoidla tüüp
EELIS/PostgREST,t_loom_allikas_curr,lammastik_mass_kg,number,double precision,,"Lämmastiku mass väljaheites, heiteallika, toodangu- või vanuserühma ja pidamisviiside kaupa (kg)"
EELIS/PostgREST,t_loom_allikas_curr,hoone_tyyp,string,character varying,,Hoone tüüp
EELIS/PostgREST,t_loom_allikas_curr,cas_kood,string,character varying,,Välisõhku väljutatud saasteaine CASi kood
EELIS/PostgREST,t_loom_allikas_curr,aine_nimetus_val,string,character varying,,Saasteaine CAS nimetus
EELIS/PostgREST,t_loom_allikas_curr,tegevusala_snap,string,character varying,,Tegevusala SNAP kood
EELIS/PostgREST,t_loom_allikas_curr,tegevusala_snap_name,string,character varying,,Tegevusala SNAP nimetus
EELIS/PostgREST,t_loom_allikas_curr,aine_kogus,number,numeric,,Aine kogus
EELIS/PostgREST,t_loom_allikas_curr,aruanne_aasta,integer,smallint,,Aruande aasta
EELIS/PostgREST,t_loom_allikas_curr,luba_number,string,character varying,,Keskkonnaloa number
EELIS/PostgREST,t_loom_allikas_curr,luba_versioon,integer,integer,,Loa versioon
EELIS/PostgREST,t_loom_allikas_curr,luba_liik,string,character varying,,Keskkonnaloa tüüp
EELIS/PostgREST,t_loom_allikas_curr,luba_algus,string,character varying,,Keskkonnaloa kehtivuse algus
EELIS/PostgREST,t_loom_allikas_curr,luba_lopp,string,character varying,,Keskkonnaloa kehtivuse lõpp
EELIS/PostgREST,t_loom_allikas_curr,luba_versioon_algus,string,date,,Loa versiooni kehtivuse algus
EELIS/PostgREST,t_loom_allikas_curr,luba_versioon_lopp,string,date,,Loa versiooni kehtivuse lõpp
EELIS/PostgREST,t_loom_allikas_curr,kaitaja_nimi,string,character varying,,Käitaja nimi (kehtiv)
EELIS/PostgREST,t_loom_allikas_curr,kaitaja_registrikood,string,character varying,,Käitaja registrikood
EELIS/PostgREST,t_loom_allikas_curr,aruande_esitaja_emtak_kood,string,character varying,,Aruande esitaja EMTAK kood
EELIS/PostgREST,t_loom_allikas_curr,aruande_esitaja_emtak_nimetus,string,character varying,,Aruande esitaja EMTAK nimetus
EELIS/PostgREST,t_loom_allikas_curr,kaitis_nimetus,string,character varying,,Käitise nimetus (kehtiv)
EELIS/PostgREST,t_loom_allikas_curr,tegevuskoht_aadress,string,character varying,,Käitise tegevuskoha aadress
EELIS/PostgREST,t_loom_allikas_curr,tegevuskoht_asula_kood_curr,string,character varying,,"Käitise tegevuskoha EHAK kood, kehtiv"
EELIS/PostgREST,t_loom_allikas_curr,tegevuskoht_asula_nimi_curr,string,character varying,,"Käitise tegevuskoha EHAK kirjeldus, kehtiv"
EELIS/PostgREST,t_loom_allikas_curr,tegevuskoht_kov_kood_curr,string,character varying,,Käitise tegevuskoha KOV kood
EELIS/PostgREST,t_loom_allikas_curr,tegevuskoht_kov_nimi_curr,string,character varying,,Käitise tegevuskoha KOV
EELIS/PostgREST,t_loom_allikas_curr,tegevuskoht_maakond_kood_curr,string,character varying,,Käitise tegevuskoha maakond kood
EELIS/PostgREST,t_loom_allikas_curr,tegevuskoht_maakond_nimi_curr,string,character varying,,Käitise tegevuskoha maakond
EELIS/PostgREST,t_loom_allikas_curr,tegevuskoht_x_lest97,number,double precision,,Käitise x-koordinaat
EELIS/PostgREST,t_loom_allikas_curr,tegevuskoht_y_lest97,number,double precision,,Käitise y-koordinaat
EELIS/PostgREST,t_loom_allikas_curr,tegevust_ei_toimunud,string,character varying,,Tegevust aruande aastal ei toimunud
EELIS/PostgREST,t_loom_allikas_curr,tegevust_ei_toimunud_selgitus,string,character varying,,Tegevust aruande aastal ei toimunud selgitus
EELIS/PostgREST,t_loom_allikas_curr,kaitis_pohitegevus_emtak,string,character varying,,Käitise põhitegevusala EMTAKi kood
EELIS/PostgREST,t_loom_allikas_curr,kaitis_pohitegevus_emtak_nimetus,string,character varying,,Käitise põhitegevusala nimetus
EELIS/PostgREST,t_loom_allikas_curr,kaitis_lisategevus_emtak_loend,string,character varying,,"Käitise muud tegevusalade EMTAKi koodid, millele luba antakse"
EELIS/PostgREST,t_loom_allikas_curr,kaitis_lisategevus_emtak_nimetus_loend,string,character varying,,"Käitise muud tegevusalade nimetused, millele luba antakse"
EELIS/PostgREST,t_loom_allikas_curr,ets_kohuslane,string,character varying,,"Käitise katekooria, kasvuhoonegaaside lubatud heitkoguse ühikutega kauplemise süsteemi kohustuslane"
EELIS/PostgREST,t_loom_allikas_curr,ets_tegevusala,string,character varying,,"Käitise katekooria, kauplemissüsteemi kohustuslase tegevusala"
EELIS/PostgREST,t_loom_allikas_curr,eprtr_kohuslane,string,character varying,,E-PRTRi registri kohuslane
EELIS/PostgREST,t_loom_allikas_curr,heiteallikas_arv,integer,integer,,Heiteallikate arv tootmisterritooriumil
EELIS/PostgREST,t_loom_allikas_curr,kaitis_tootajate_arv,integer,integer,,Käitise töötajate arv
EELIS/PostgREST,t_loom_allikas_curr,emaettevote_nimi,string,character varying,,Emaettevõtte nimi
EELIS/PostgREST,t_loom_allikas_curr,emaettevote_riik,string,character varying,,Emaettevõtte riik
EELIS/PostgREST,t_loom_allikas_curr,heiteallikas_number,string,character varying,,Heiteallika number
EELIS/PostgREST,t_loom_allikas_curr,heiteallikas_nimetus,string,character varying,,Heiteallika nimetus
EELIS/PostgREST,t_loom_allikas_curr,heiteallikas_nimetus_reg,string,character varying,,Heiteallika nimetus heiteallikaregistris
EELIS/PostgREST,t_loom_allikas_curr,heiteallikas_x_lest97,integer,integer,,Heiteallika x-koordinaat
EELIS/PostgREST,t_loom_allikas_curr,heiteallikas_y_lest97,integer,integer,,Heiteallika y-koordinaat
EELIS/PostgREST,t_loom_allikas_curr,valjumiskorgus_m,number,numeric,,"Väljumiskõrgus, m"
EELIS/PostgREST,t_loom_allikas_curr,ava_labimoot_m,number,numeric,,"Ava läbimõõt, m"
EELIS/PostgREST,t_loom_allikas_curr,joonkiirus_ms,number,numeric,,"Joonkiirus, m/s"
EELIS/PostgREST,t_loom_allikas_curr,temperatuur_c,number,numeric,,"Temperatuur, °C"
EELIS/PostgREST,t_puudeseade_allikas_curr,aruanne_id,integer,integer,,Aruande ID
EELIS/PostgREST,t_puudeseade_allikas_curr,heiteallikas_number,string,character varying,,Heiteallika number
EELIS/PostgREST,t_puudeseade_allikas_curr,heiteallika_nimetus,string,character varying,,Heiteallika nimetus
EELIS/PostgREST,t_puudeseade_allikas_curr,pyydeseade_nimetus,string,character varying,,Püüdeseadme nimetus_aruanne
EELIS/PostgREST,t_puudeseade_allikas_curr,efektiivsus_kontroll_sagedus,string,character varying,,Efektiivsuse kontrollimise sagedus_aruanne
EELIS/PostgREST,t_puudeseade_allikas_curr,pyydeseade_arv,integer,integer,,Püüdeseadme arv
EELIS/PostgREST,t_puudeseade_allikas_curr,kirjeldus,string,text,,Püüdeseadme kirjeldus
EELIS/PostgREST,t_puudeseade_allikas_curr,saasteaine_cas_kood,string,character varying,,Püütava saasteaine CASi kood_aruanne
EELIS/PostgREST,t_puudeseade_allikas_curr,saasteaine_nimetus_val,string,character varying,,Aine nimetus
EELIS/PostgREST,t_puudeseade_allikas_curr,projekt_puhastusaste_kogus,number,double precision,,Projekteeritud puhastusaste_aruanne
EELIS/PostgREST,t_puudeseade_allikas_curr,tegelik_puhastusaste_kogus,number,double precision,,Tegelik puhastusaste_aruanne
EELIS/PostgREST,t_puudeseade_allikas_curr,aruanne_aasta,integer,smallint,,Aruande aasta
EELIS/PostgREST,t_puudeseade_allikas_curr,luba_number,string,character varying,,Keskkonnaloa number
EELIS/PostgREST,t_puudeseade_allikas_curr,luba_versioon,integer,integer,,Loa versioon
EELIS/PostgREST,t_puudeseade_allikas_curr,luba_liik,string,character varying,,Keskkonnaloa tüüp
EELIS/PostgREST,t_puudeseade_allikas_curr,luba_algus,string,character varying,,Keskkonnaloa kehtivuse algus
EELIS/PostgREST,t_puudeseade_allikas_curr,luba_lopp,string,character varying,,Keskkonnaloa kehtivuse lõpp
EELIS/PostgREST,t_puudeseade_allikas_curr,luba_versioon_algus,string,date,,Loa versiooni kehtivuse algus
EELIS/PostgREST,t_puudeseade_allikas_curr,luba_versioon_lopp,string,date,,Loa versiooni kehtivuse lõpp
EELIS/PostgREST,t_puudeseade_allikas_curr,kaitaja_nimi,string,character varying,,Käitaja nimi (kehtiv)
EELIS/PostgREST,t_puudeseade_allikas_curr,kaitaja_registrikood,string,character varying,,Käitaja registrikood
EELIS/PostgREST,t_puudeseade_allikas_curr,aruande_esitaja_emtak_kood,string,character varying,,Aruande esitaja EMTAK kood
EELIS/PostgREST,t_puudeseade_allikas_curr,aruande_esitaja_emtak_nimetus,string,character varying,,Aruande esitaja EMTAK nimetus
EELIS/PostgREST,t_puudeseade_allikas_curr,kaitis_nimetus,string,character varying,,Käitise nimetus (kehtiv)
EELIS/PostgREST,t_puudeseade_allikas_curr,tegevuskoht_aadress,string,character varying,,Käitise tegevuskoha aadress
EELIS/PostgREST,t_puudeseade_allikas_curr,tegevuskoht_asula_kood_curr,string,character varying,,"Käitise tegevuskoha EHAK kood, kehtiv"
EELIS/PostgREST,t_puudeseade_allikas_curr,tegevuskoht_asula_nimi_curr,string,character varying,,"Käitise tegevuskoha EHAK kirjeldus, kehtiv"
EELIS/PostgREST,t_puudeseade_allikas_curr,tegevuskoht_kov_kood_curr,string,character varying,,Käitise tegevuskoha KOV kood
EELIS/PostgREST,t_puudeseade_allikas_curr,tegevuskoht_kov_nimi_curr,string,character varying,,Käitise tegevuskoha KOV
EELIS/PostgREST,t_puudeseade_allikas_curr,tegevuskoht_maakond_kood_curr,string,character varying,,Käitise tegevuskoha maakond kood
EELIS/PostgREST,t_puudeseade_allikas_curr,tegevuskoht_maakond_nimi_curr,string,character varying,,Käitise tegevuskoha maakond
EELIS/PostgREST,t_puudeseade_allikas_curr,tegevuskoht_x_lest97,number,double precision,,Käitise x-koordinaat
EELIS/PostgREST,t_puudeseade_allikas_curr,tegevuskoht_y_lest97,number,double precision,,Käitise y-koordinaat
EELIS/PostgREST,t_puudeseade_allikas_curr,tegevust_ei_toimunud,string,character varying,,Tegevust aruande aastal ei toimunud
EELIS/PostgREST,t_puudeseade_allikas_curr,tegevust_ei_toimunud_selgitus,string,character varying,,Tegevust aruande aastal ei toimunud selgitus
EELIS/PostgREST,t_puudeseade_allikas_curr,kaitis_pohitegevus_emtak,string,character varying,,Käitise põhitegevusala EMTAKi kood
EELIS/PostgREST,t_puudeseade_allikas_curr,kaitis_pohitegevus_emtak_nimetus,string,character varying,,Käitise põhitegevusala nimetus
EELIS/PostgREST,t_puudeseade_allikas_curr,kaitis_lisategevus_emtak_loend,string,character varying,,"Käitise muud tegevusalade EMTAKi koodid, millele luba antakse"
EELIS/PostgREST,t_puudeseade_allikas_curr,kaitis_lisategevus_emtak_nimetus_loend,string,character varying,,"Käitise muud tegevusalade nimetused, millele luba antakse"
EELIS/PostgREST,t_puudeseade_allikas_curr,ets_kohuslane,string,character varying,,"Käitise katekooria, kasvuhoonegaaside lubatud heitkoguse ühikutega kauplemise süsteemi kohustuslane"
EELIS/PostgREST,t_puudeseade_allikas_curr,ets_tegevusala,string,character varying,,"Käitise katekooria, kauplemissüsteemi kohustuslase tegevusala"
EELIS/PostgREST,t_puudeseade_allikas_curr,eprtr_kohuslane,string,character varying,,E-PRTRi registri kohuslane
EELIS/PostgREST,t_puudeseade_allikas_curr,heiteallikas_arv,integer,integer,,Heiteallikate arv tootmisterritooriumil
EELIS/PostgREST,t_puudeseade_allikas_curr,kaitis_tootajate_arv,integer,integer,,Käitise töötajate arv
EELIS/PostgREST,t_puudeseade_allikas_curr,emaettevote_nimi,string,character varying,,Emaettevõtte nimi
EELIS/PostgREST,t_puudeseade_allikas_curr,emaettevote_riik,string,character varying,,Emaettevõtte riik
EELIS/PostgREST,t_puudeseade_allikas_curr,heiteallikas_nr_plaanil,string,character varying,,Heiteallika nr plaanil või kaardil
EELIS/PostgREST,t_puudeseade_allikas_curr,heiteallikas_snap,string,character varying,,Heiteallika SNAP kood
EELIS/PostgREST,t_puudeseade_allikas_curr,heiteallikas_snap_nimetus,string,character varying,,Heiteallika SNAP nimetus
EELIS/PostgREST,t_puudeseade_allikas_curr,heiteallikas_x_lest97,integer,integer,,Heiteallika x-koordinaat
EELIS/PostgREST,t_puudeseade_allikas_curr,heiteallikas_y_lest97,integer,integer,,Heiteallika y-koordinaat
EELIS/PostgREST,t_puudeseade_allikas_curr,valjumiskorgus_m,number,numeric,,"Väljumiskõrgus, m"
EELIS/PostgREST,t_puudeseade_allikas_curr,ava_labimoot_m,number,numeric,,"Ava läbimõõt, m"
EELIS/PostgREST,t_puudeseade_allikas_curr,joonkiirus_ms,number,numeric,,"Joonkiirus, m/s"
EELIS/PostgREST,t_puudeseade_allikas_curr,temperatuur_c,number,numeric,,"Temperatuur, °C"
EELIS/PostgREST,t_puudeseade_allikas_curr,pyydeseade_cas,string,character varying,,Püütav saasteaine CAS kood
EELIS/PostgREST,t_puudeseade_allikas_curr,pyydeseade_aine,string,character varying,,Püütav saasteaine nimetus
EELIS/PostgREST,t_soojatoodang_curr,aruanne_aasta,integer,smallint,,Aasta
EELIS/PostgREST,t_soojatoodang_curr,aruanne_id,integer,integer,,Aruande ID
EELIS/PostgREST,t_soojatoodang_curr,luba_number,string,character varying,,Keskkonnaloa number
EELIS/PostgREST,t_soojatoodang_curr,luba_versioon,integer,integer,,Loa versioon
EELIS/PostgREST,t_soojatoodang_curr,luba_liik,string,character varying,,Keskkonnaloa tüüp
EELIS/PostgREST,t_soojatoodang_curr,luba_algus,string,character varying,,Keskkonnaloa kehtivuse algus
EELIS/PostgREST,t_soojatoodang_curr,luba_lopp,string,character varying,,Keskkonnaloa kehtivuse lõpp
EELIS/PostgREST,t_soojatoodang_curr,luba_versioon_algus,string,date,,Loa versiooni kehtivuse algus
EELIS/PostgREST,t_soojatoodang_curr,luba_versioon_lopp,string,date,,Loa versiooni kehtivuse lõpp
EELIS/PostgREST,t_soojatoodang_curr,kaitaja_nimi,string,character varying,,Käitaja nimi (kehtiv)
EELIS/PostgREST,t_soojatoodang_curr,kaitaja_registrikood,string,character varying,,Käitaja registrikood
EELIS/PostgREST,t_soojatoodang_curr,aruande_esitaja_emtak_kood,string,character varying,,Aruande esitaja EMTAK kood
EELIS/PostgREST,t_soojatoodang_curr,aruande_esitaja_emtak_nimetus,string,character varying,,Aruande esitaja EMTAK nimetus
EELIS/PostgREST,t_soojatoodang_curr,kaitis_nimetus,string,character varying,,Käitise nimetus (kehtiv)
EELIS/PostgREST,t_soojatoodang_curr,tegevuskoht_aadress,string,character varying,,Käitise tegevuskoha aadress
EELIS/PostgREST,t_soojatoodang_curr,tegevuskoht_asula_kood_curr,string,character varying,,"Käitise tegevuskoha EHAK kood, kehtiv"
EELIS/PostgREST,t_soojatoodang_curr,tegevuskoht_asula_nimi_curr,string,character varying,,"Käitise tegevuskoha EHAK kirjeldus, kehtiv"
EELIS/PostgREST,t_soojatoodang_curr,tegevuskoht_kov_kood_curr,string,character varying,,Käitise tegevuskoha KOV kood
EELIS/PostgREST,t_soojatoodang_curr,tegevuskoht_kov_nimi_curr,string,character varying,,Käitise tegevuskoha KOV
EELIS/PostgREST,t_soojatoodang_curr,tegevuskoht_maakond_kood_curr,string,character varying,,Käitise tegevuskoha maakond kood
EELIS/PostgREST,t_soojatoodang_curr,tegevuskoht_maakond_nimi_curr,string,character varying,,Käitise tegevuskoha maakond
EELIS/PostgREST,t_soojatoodang_curr,tegevuskoht_x_lest97,number,double precision,,Käitise x-koordinaat
EELIS/PostgREST,t_soojatoodang_curr,tegevuskoht_y_lest97,number,double precision,,Käitise y-koordinaat
EELIS/PostgREST,t_soojatoodang_curr,kaitis_pohitegevus_emtak,string,character varying,,Käitise põhitegevusala EMTAKi kood
EELIS/PostgREST,t_soojatoodang_curr,kaitis_pohitegevus_emtak_nimetus,string,character varying,,Käitise põhitegevusala nimetus
EELIS/PostgREST,t_soojatoodang_curr,kaitis_lisategevus_emtak_loend,string,character varying,,"Käitise muud tegevusalade EMTAKi koodid, millele luba antakse"
EELIS/PostgREST,t_soojatoodang_curr,kaitis_lisategevus_emtak_nimetus_loend,string,character varying,,"Käitise muud tegevusalade nimetused, millele luba antakse"
EELIS/PostgREST,t_soojatoodang_curr,ets_kohuslane,string,character varying,,"Käitise katekooria, kasvuhoonegaaside lubatud heitkoguse ühikutega kauplemise süsteemi kohustuslane"
EELIS/PostgREST,t_soojatoodang_curr,ets_tegevusala,string,character varying,,"Käitise katekooria, kauplemissüsteemi kohustuslase tegevusala"
EELIS/PostgREST,t_soojatoodang_curr,eprtr_kohuslane,string,character varying,,E-PRTRi registri kohuslane
EELIS/PostgREST,t_soojatoodang_curr,heiteallikas_arv,integer,integer,,Heiteallikate arv tootmisterritooriumil
EELIS/PostgREST,t_soojatoodang_curr,kaitis_tootajate_arv,integer,integer,,Käitise töötajate arv
EELIS/PostgREST,t_soojatoodang_curr,emaettevote_nimi,string,character varying,,Emaettevõtte nimi
EELIS/PostgREST,t_soojatoodang_curr,emaettevote_riik,string,character varying,,Emaettevõtte riik
EELIS/PostgREST,t_soojatoodang_curr,snap,string,character varying,,Tegevusala SNAP
EELIS/PostgREST,t_soojatoodang_curr,kytus_liik,string,character varying,,Kütuse liik
EELIS/PostgREST,t_soojatoodang_curr,kytus_kn_kood,string,character varying,,Kasutatud kütuse kombineeritud nomenklatuuri kood
EELIS/PostgREST,t_soojatoodang_curr,kytus_kood,string,character varying,,Kütuse kood
EELIS/PostgREST,t_soojatoodang_curr,soojus_kokku,number,double precision,,"Ettevõtte poolt toodetud soojus, MWh/a"
EELIS/PostgREST,t_soojatoodang_curr,soojus_omatarve,number,double precision,,"Ettevõtte poolt omatarbeks toodetud soojus, MWh/a"
EELIS/PostgREST,t_soojatoodang_curr,soojus_myyk,number,double precision,,"Ettevõtte poolt müügiks toodetud soojus, MWh/a"
EELIS/PostgREST,t_soojatoodang_curr,elekter_kokku,number,double precision,,"Ettevõtte poolt toodetud elekter, MWh/a"
EELIS/PostgREST,t_soojatoodang_curr,elekter_omatarve,number,double precision,,"Ettevõtte poolt omatarbeks toodetud elekter, MWh/a"
EELIS/PostgREST,t_soojatoodang_curr,elekter_myyk,number,double precision,,"Ettevõtte poolt müügiks toodetud elekter, MWh/a"
EELIS/PostgREST,t_soojatoodang_curr,kytus_kogus,number,double precision,,Soojuse ja/või elektri tootmiseks seadmes kasutatud kütuse kogus
EELIS/PostgREST,t_soojatoodang_curr,kytus_yhik,string,character varying,,Kasutatud kütuse ühik
EELIS/PostgREST,t_soojatoodang_curr,kytus_nimetus_val,string,character varying,,Kasutatud kütuse nimetus
EELIS/PostgREST,t_tankla_allikas_curr,aruanne_id,integer,integer,,Aruande ID
EELIS/PostgREST,t_tankla_allikas_curr,heiteallikas,string,character varying,,Heiteallika number
EELIS/PostgREST,t_tankla_allikas_curr,tegevusala_snap,string,character varying,,Tegevusala SNAP
EELIS/PostgREST,t_tankla_allikas_curr,tegevusala_snap_name,string,character varying,,Tegevusala SNAP nimetus
EELIS/PostgREST,t_tankla_allikas_curr,kytus_liik,string,character varying,,Kütuse liik
EELIS/PostgREST,t_tankla_allikas_curr,muu_saadus_nimetus,string,character varying,,"Muu naftasaaduse, mootori- või vedelkütuse, kütusekomponendi või kütusesarnase toote nimetus"
EELIS/PostgREST,t_tankla_allikas_curr,kytus_laadimine_liik,string,character varying,,Laadimise liik
EELIS/PostgREST,t_tankla_allikas_curr,kaive_kogus,number,double precision,,Laadimiskäive aruandeaastal
EELIS/PostgREST,t_tankla_allikas_curr,kaive_kogus_yhik,string,character varying,,Mõõtühik
EELIS/PostgREST,t_tankla_allikas_curr,loy_heitkogus,number,numeric,,"LOÜde heitkogus laadimise liigi kaupa (t/a; täpsus 0,001)"
EELIS/PostgREST,t_tankla_allikas_curr,loy_arvestus_meetod,string,character varying,,Heitkoguse määramismeetod
EELIS/PostgREST,t_tankla_allikas_curr,loy_heitkogus_bensiin_kokku,number,numeric,,LOÜde bensiini laadimisest kokku
EELIS/PostgREST,t_tankla_allikas_curr,aruanne_aasta,integer,smallint,,Aasta
EELIS/PostgREST,t_tankla_allikas_curr,luba_number,string,character varying,,Keskkonnaloa number
EELIS/PostgREST,t_tankla_allikas_curr,luba_versioon,integer,integer,,Loa versioon
EELIS/PostgREST,t_tankla_allikas_curr,luba_liik,string,character varying,,Keskkonnaloa tüüp
EELIS/PostgREST,t_tankla_allikas_curr,luba_algus,string,character varying,,Keskkonnaloa kehtivuse algus
EELIS/PostgREST,t_tankla_allikas_curr,luba_lopp,string,character varying,,Keskkonnaloa kehtivuse lõpp
EELIS/PostgREST,t_tankla_allikas_curr,luba_versioon_algus,string,date,,Loa versiooni kehtivuse algus
EELIS/PostgREST,t_tankla_allikas_curr,luba_versioon_lopp,string,date,,Loa versiooni kehtivuse lõpp
EELIS/PostgREST,t_tankla_allikas_curr,kaitaja_nimi,string,character varying,,Käitaja nimi (kehtiv)
EELIS/PostgREST,t_tankla_allikas_curr,kaitaja_registrikood,string,character varying,,Käitaja registrikood
EELIS/PostgREST,t_tankla_allikas_curr,aruande_esitaja_emtak_kood,string,character varying,,Aruande esitaja EMTAK kood
EELIS/PostgREST,t_tankla_allikas_curr,aruande_esitaja_emtak_nimetus,string,character varying,,Aruande esitaja EMTAK nimetus
EELIS/PostgREST,t_tankla_allikas_curr,kaitis_nimetus,string,character varying,,Käitise nimetus (kehtiv)
EELIS/PostgREST,t_tankla_allikas_curr,tegevuskoht_aadress,string,character varying,,Käitise tegevuskoha aadress
EELIS/PostgREST,t_tankla_allikas_curr,tegevuskoht_asula_kood_curr,string,character varying,,"Käitise tegevuskoha EHAK kood, kehtiv"
EELIS/PostgREST,t_tankla_allikas_curr,tegevuskoht_asula_nimi_curr,string,character varying,,"Käitise tegevuskoha EHAK kirjeldus, kehtiv"
EELIS/PostgREST,t_tankla_allikas_curr,tegevuskoht_kov_kood_curr,string,character varying,,Käitise tegevuskoha KOV kood
EELIS/PostgREST,t_tankla_allikas_curr,tegevuskoht_kov_nimi_curr,string,character varying,,Käitise tegevuskoha KOV
EELIS/PostgREST,t_tankla_allikas_curr,tegevuskoht_maakond_kood_curr,string,character varying,,Käitise tegevuskoha maakond kood
EELIS/PostgREST,t_tankla_allikas_curr,tegevuskoht_maakond_nimi_curr,string,character varying,,Käitise tegevuskoha maakond
EELIS/PostgREST,t_tankla_allikas_curr,tegevuskoht_x_lest97,number,double precision,,Käitise x-koordinaat
EELIS/PostgREST,t_tankla_allikas_curr,tegevuskoht_y_lest97,number,double precision,,Käitise y-koordinaat
EELIS/PostgREST,t_tankla_allikas_curr,tegevust_ei_toimunud,string,character varying,,Tegevust aruande aastal ei toimunud
EELIS/PostgREST,t_tankla_allikas_curr,tegevust_ei_toimunud_selgitus,string,character varying,,Tegevust aruande aastal ei toimunud selgitus
EELIS/PostgREST,t_tankla_allikas_curr,kaitis_pohitegevus_emtak,string,character varying,,Käitise põhitegevusala EMTAKi kood
EELIS/PostgREST,t_tankla_allikas_curr,kaitis_pohitegevus_emtak_nimetus,string,character varying,,Käitise põhitegevusala nimetus
EELIS/PostgREST,t_tankla_allikas_curr,kaitis_lisategevus_emtak_loend,string,character varying,,"Käitise muud tegevusalade EMTAKi koodid, millele luba antakse"
EELIS/PostgREST,t_tankla_allikas_curr,kaitis_lisategevus_emtak_nimetus_loend,string,character varying,,"Käitise muud tegevusalade nimetused, millele luba antakse"
EELIS/PostgREST,t_tankla_allikas_curr,ets_kohuslane,string,character varying,,"Käitise katekooria, kasvuhoonegaaside lubatud heitkoguse ühikutega kauplemise süsteemi kohustuslane"
EELIS/PostgREST,t_tankla_allikas_curr,ets_tegevusala,string,character varying,,"Käitise katekooria, kauplemissüsteemi kohustuslase tegevusala"
EELIS/PostgREST,t_tankla_allikas_curr,eprtr_kohuslane,string,character varying,,E-PRTRi registri kohuslane
EELIS/PostgREST,t_tankla_allikas_curr,heiteallikas_arv,integer,integer,,Heiteallikate arv tootmisterritooriumil
EELIS/PostgREST,t_tankla_allikas_curr,kaitis_tootajate_arv,integer,integer,,Käitise töötajate arv
EELIS/PostgREST,t_tankla_allikas_curr,emaettevote_nimi,string,character varying,,Emaettevõtte nimi
EELIS/PostgREST,t_tankla_allikas_curr,emaettevote_riik,string,character varying,,Emaettevõtte riik
EELIS/PostgREST,t_tankla_allikas_curr,heiteallikas_nr_plaanil,string,character varying,,Heiteallika nr plaanil või kaardil
EELIS/PostgREST,t_tankla_allikas_curr,heiteallikas_x_lest97,integer,integer,,Heiteallika x-koordinaat
EELIS/PostgREST,t_tankla_allikas_curr,heiteallikas_y_lest97,integer,integer,,Heiteallika y-koordinaat
EELIS/PostgREST,t_tankla_allikas_curr,heiteallikas_asula_kood_curr,string,character varying,,Heiteallika asula kood
EELIS/PostgREST,t_tankla_allikas_curr,heiteallikas_asula_nimi_curr,string,character varying,,Heiteallika asula
EELIS/PostgREST,t_tankla_allikas_curr,heiteallikas_kov_kood_curr,string,character varying,,Heiteallika KOV kood
EELIS/PostgREST,t_tankla_allikas_curr,heiteallikas_kov_nimi_curr,string,character varying,,Heiteallika KOV
EELIS/PostgREST,t_tankla_allikas_curr,heiteallikas_maakond_kood_curr,string,character varying,,Heiteallika maakonna kood
EELIS/PostgREST,t_tankla_allikas_curr,heiteallikas_maakond_nimi_curr,string,character varying,,Heiteallika maakond
EELIS/PostgREST,t_tankla_allikas_curr,valjumiskorgus_m,number,numeric,,"Väljumiskõrgus, m"
EELIS/PostgREST,t_tankla_allikas_curr,ava_labimoot_m,number,numeric,,"Ava läbimõõt, m"
EELIS/PostgREST,t_tankla_allikas_curr,joonkiirus_ms,number,numeric,,"Joonkiirus, m/s"
EELIS/PostgREST,t_tankla_allikas_curr,temperatuur_c,number,numeric,,"Temperatuur, °C"
EELIS/PostgREST,t_ths_kemikaal_kaitis_curr,aruanne_id,integer,integer,,Aruande ID
EELIS/PostgREST,t_ths_kemikaal_kaitis_curr,heiteallikad,string,text,,Loend heiteallikatest
EELIS/PostgREST,t_ths_kemikaal_kaitis_curr,tegevusala_lahustid_hinnang,string,character varying,,Lahustite tegevusala
EELIS/PostgREST,t_ths_kemikaal_kaitis_curr,lahusti_korduskasutus,string,character varying,,Tegevusalal toimub lahusti korduskasutust 
EELIS/PostgREST,t_ths_kemikaal_kaitis_curr,lahusti_korduskasutus_kogus,number,double precision,,"Korduskasutatav lahusti kogus, t"
EELIS/PostgREST,t_ths_kemikaal_kaitis_curr,kogu_kasutatav_lahusti_kogus,number,double precision,,"Kogu aastane kasutatav lahusti kogus, t/a"
EELIS/PostgREST,t_ths_kemikaal_kaitis_curr,tegevusala_lou_heide_kokku,number,double precision,,"Tegevusala LOÜde(lenduvate orgaaniliste ühendite) heitkogus kokku, t/a"
EELIS/PostgREST,t_ths_kemikaal_kaitis_curr,kynnis_yletatud,string,character varying,,Ületab THS(Tööstusheiete seadus) §113 künniskogust
EELIS/PostgREST,t_ths_kemikaal_kaitis_curr,lahustikogus,number,double precision,,"Kemikaalides sisalduv lahustite kogus, t"
EELIS/PostgREST,t_ths_kemikaal_kaitis_curr,tegevusala_lahustid,string,character varying,,Lahustite kasutamise tegevusala
EELIS/PostgREST,t_ths_kemikaal_kaitis_curr,tegevus_tapsustus_lahustid,string,character varying,,Tegevuse täpsustus
EELIS/PostgREST,t_ths_kemikaal_kaitis_curr,lou_piirvaartus_valjuv_gaas,integer,integer,,Heide väljuvates gaasides (mg C/Nm³; mg/Nm³) - piirväärtus
EELIS/PostgREST,t_ths_kemikaal_kaitis_curr,lou_tegelik_vaartus_valjuv_gaas,number,double precision,,Heide väljuvates gaasides (mg C/Nm³; mg/Nm³) - tegelik
EELIS/PostgREST,t_ths_kemikaal_kaitis_curr,lou_mootyhik_valjuv_gaas,string,character varying,,Heide väljuvates gaasides (mg C/Nm³; mg/Nm³) - mõõtühik
EELIS/PostgREST,t_ths_kemikaal_kaitis_curr,lou_piirvaartus_kontrollimatu,integer,integer,,"Kontrollimatu heide, % lahustite sisendist - piirväärtus"
EELIS/PostgREST,t_ths_kemikaal_kaitis_curr,lou_tegelik_vaartus_kontrollimatu,number,double precision,,"Kontrollimatu heide, % lahustite sisendist - tegelik"
EELIS/PostgREST,t_ths_kemikaal_kaitis_curr,summaarne_heide_lou_piirvaartus,integer,integer,,Summaarne heide - piirväärtus
EELIS/PostgREST,t_ths_kemikaal_kaitis_curr,summaarne_heide_lou_tegelik,number,double precision,,Summaarne heide - tegelik
EELIS/PostgREST,t_ths_kemikaal_kaitis_curr,summaarne_heide_mootyhik,string,character varying,,Summaarne heide - mõõtühik
EELIS/PostgREST,t_ths_kemikaal_kaitis_curr,summaarne_heide_prots_piirvaartus,number,double precision,,"Summaarne heide, % lahustite sisendist - piirväärtus"
EELIS/PostgREST,t_ths_kemikaal_kaitis_curr,summaarne_heide_prots_tegelik,number,double precision,,"Summaarne heide, % lahustite sisendist - tegelik"
EELIS/PostgREST,t_ths_kemikaal_kaitis_curr,lou_tonni_aastas,number,double precision,,"LOÜ-de(lenduvate orgaaniliste ühendite) summaarne heitkogus tonnides (täpsus 0,001)"
EELIS/PostgREST,t_ths_kemikaal_kaitis_curr,aruanne_aasta,integer,smallint,,Aasta
EELIS/PostgREST,t_ths_kemikaal_kaitis_curr,luba_number,string,character varying,,Keskkonnaloa number
EELIS/PostgREST,t_ths_kemikaal_kaitis_curr,luba_versioon,integer,integer,,Loa versioon
EELIS/PostgREST,t_ths_kemikaal_kaitis_curr,luba_liik,string,character varying,,Keskkonnaloa tüüp
EELIS/PostgREST,t_ths_kemikaal_kaitis_curr,luba_algus,string,character varying,,Keskkonnaloa kehtivuse algus
EELIS/PostgREST,t_ths_kemikaal_kaitis_curr,luba_lopp,string,character varying,,Keskkonnaloa kehtivuse lõpp
EELIS/PostgREST,t_ths_kemikaal_kaitis_curr,luba_versioon_algus,string,date,,Loa versiooni kehtivuse algus
EELIS/PostgREST,t_ths_kemikaal_kaitis_curr,luba_versioon_lopp,string,date,,Loa versiooni kehtivuse lõpp
EELIS/PostgREST,t_ths_kemikaal_kaitis_curr,kaitaja_nimi,string,character varying,,Käitaja nimi (kehtiv)
EELIS/PostgREST,t_ths_kemikaal_kaitis_curr,kaitaja_registrikood,string,character varying,,Käitaja registrikood
EELIS/PostgREST,t_ths_kemikaal_kaitis_curr,aruande_esitaja_emtak_kood,string,character varying,,Aruande esitaja EMTAK kood
EELIS/PostgREST,t_ths_kemikaal_kaitis_curr,aruande_esitaja_emtak_nimetus,string,character varying,,Aruande esitaja EMTAK nimetus
EELIS/PostgREST,t_ths_kemikaal_kaitis_curr,kaitis_nimetus,string,character varying,,Käitise nimetus (kehtiv)
EELIS/PostgREST,t_ths_kemikaal_kaitis_curr,tegevuskoht_aadress,string,character varying,,Käitise tegevuskoha aadress
EELIS/PostgREST,t_ths_kemikaal_kaitis_curr,tegevuskoht_asula_kood_curr,string,character varying,,"Käitise tegevuskoha EHAK kood, kehtiv"
EELIS/PostgREST,t_ths_kemikaal_kaitis_curr,tegevuskoht_asula_nimi_curr,string,character varying,,"Käitise tegevuskoha EHAK kirjeldus, kehtiv"
EELIS/PostgREST,t_ths_kemikaal_kaitis_curr,tegevuskoht_kov_kood_curr,string,character varying,,Käitise tegevuskoha KOV kood
EELIS/PostgREST,t_ths_kemikaal_kaitis_curr,tegevuskoht_kov_nimi_curr,string,character varying,,Käitise tegevuskoha KOV
EELIS/PostgREST,t_ths_kemikaal_kaitis_curr,tegevuskoht_maakond_kood_curr,string,character varying,,Käitise tegevuskoha maakond kood
EELIS/PostgREST,t_ths_kemikaal_kaitis_curr,tegevuskoht_maakond_nimi_curr,string,character varying,,Käitise tegevuskoha maakond
EELIS/PostgREST,t_ths_kemikaal_kaitis_curr,tegevuskoht_x_lest97,number,double precision,,Käitise x-koordinaat
EELIS/PostgREST,t_ths_kemikaal_kaitis_curr,tegevuskoht_y_lest97,number,double precision,,Käitise y-koordinaat
EELIS/PostgREST,t_ths_kemikaal_kaitis_curr,tegevust_ei_toimunud,string,character varying,,Tegevust aruande aastal ei toimunud
EELIS/PostgREST,t_ths_kemikaal_kaitis_curr,tegevust_ei_toimunud_selgitus,string,character varying,,Tegevust aruande aastal ei toimunud selgitus
EELIS/PostgREST,t_ths_kemikaal_kaitis_curr,kaitis_pohitegevus_emtak,string,character varying,,Käitise põhitegevusala EMTAKi kood
EELIS/PostgREST,t_ths_kemikaal_kaitis_curr,kaitis_pohitegevus_emtak_nimetus,string,character varying,,Käitise põhitegevusala nimetus
EELIS/PostgREST,t_ths_kemikaal_kaitis_curr,kaitis_lisategevus_emtak_loend,string,character varying,,"Käitise muud tegevusalade EMTAKi koodid, millele luba antakse"
EELIS/PostgREST,t_ths_kemikaal_kaitis_curr,kaitis_lisategevus_emtak_nimetus_loend,string,character varying,,"Käitise muud tegevusalade nimetused, millele luba antakse"
EELIS/PostgREST,t_ths_kemikaal_kaitis_curr,ets_kohuslane,string,character varying,,"Käitise katekooria, kasvuhoonegaaside lubatud heitkoguse ühikutega kauplemise süsteemi kohustuslane"
EELIS/PostgREST,t_ths_kemikaal_kaitis_curr,ets_tegevusala,string,character varying,,"Käitise katekooria, kauplemissüsteemi kohustuslase tegevusala"
EELIS/PostgREST,t_ths_kemikaal_kaitis_curr,eprtr_kohuslane,string,character varying,,E-PRTRi registri kohuslane
EELIS/PostgREST,t_ths_kemikaal_kaitis_curr,heiteallikas_arv,integer,integer,,Heiteallikate arv tootmisterritooriumil
EELIS/PostgREST,t_ths_kemikaal_kaitis_curr,kaitis_tootajate_arv,integer,integer,,Käitise töötajate arv
EELIS/PostgREST,t_ths_kemikaal_kaitis_curr,emaettevote_nimi,string,character varying,,Emaettevõtte nimi
EELIS/PostgREST,t_ths_kemikaal_kaitis_curr,emaettevote_riik,string,character varying,,Emaettevõtte riik
EstModel,assessment-units,code,string,sample,,
EstModel,assessment-units,name,string,sample,,
EstModel,assessment-units,area,number,sample,,
EstModel,countries,code,string,sample,,
EstModel,countries,name,string,sample,,
EstModel,countries,area,number,sample,,
EstModel,districts,code,string,sample,,
EstModel,districts,name,string,sample,,
EstModel,districts,area,number,sample,,
EstModel,stations,code,string,sample,,
EstModel,stations,name,string,sample,,
EstModel,stations,area,number,sample,,
EstModel,stations,overlapArea,number,sample,,
EstModel,stations,countryArea,number,sample,,
EstModel,stations,calculationArea,number,sample,,
EstModel,stations,distance,number,sample,,
EstModel,stations,type,string,sample,,
EstModel,subdistricts,code,string,sample,,
EstModel,subdistricts,name,string,sample,,
EstModel,subdistricts,area,number,sample,,
Ilmateenistus,ilma_andmed/rss/hoiatused_rss.php,title,element,sample,,
Ilmateenistus,ilma_andmed/rss/hoiatused_rss.php,description,element,sample,,
Ilmateenistus,ilma_andmed/rss/hoiatused_rss.php,link,element,sample,,
Ilmateenistus,ilma_andmed/xml/forecast.php,@date,attribute,sample,,
Ilmateenistus,ilma_andmed/xml/forecast.php,night,element,sample,,
Ilmateenistus,ilma_andmed/xml/forecast.php,day,element,sample,,
Ilmateenistus,ilma_andmed/xml/observations.php,name,element,sample,,
Ilmateenistus,ilma_andmed/xml/observations.php,wmocode,element,sample,,
Ilmateenistus,ilma_andmed/xml/observations.php,longitude,element,sample,,
Ilmateenistus,ilma_andmed/xml/observations.php,latitude,element,sample,,
Ilmateenistus,ilma_andmed/xml/observations.php,phenomenon,element,sample,,
Ilmateenistus,ilma_andmed/xml/observations.php,visibility,element,sample,,
Ilmateenistus,ilma_andmed/xml/observations.php,precipitations,element,sample,,
Ilmateenistus,ilma_andmed/xml/observations.php,airpressure,element,sample,,
Ilmateenistus,ilma_andmed/xml/observations.php,relativehumidity,element,sample,,
Ilmateenistus,ilma_andmed/xml/observations.php,airtemperature,element,sample,,
Ilmateenistus,ilma_andmed/xml/observations.php,winddirection,element,sample,,
Ilmateenistus,ilma_andmed/xml/observations.php,windspeed,element,sample,,
Ilmateenistus,ilma_andmed/xml/observations.php,windspeedmax,element,sample,,
Ilmateenistus,ilma_andmed/xml/observations.php,waterlevel,element,sample,,
Ilmateenistus,ilma_andmed/xml/observations.php,waterlevel_eh2000,element,sample,,
Ilmateenistus,ilma_andmed/xml/observations.php,watertemperature,element,sample,,
Ilmateenistus,ilma_andmed/xml/observations.php,uvindex,element,sample,,
Ilmateenistus,ilma_andmed/xml/observations.php,sunshineduration,element,sample,,
Ilmateenistus,ilma_andmed/xml/observations.php,globalradiation,element,sample,,
KAIA,api/lists/active,uniqueId,string,sample,,
KAIA,api/lists/active,displayName,object,sample,,
KAIA,api/lists/active,fields,object,sample,,
KAIA,api/lists/active,contentTypes,object,sample,,
KAIA,api/lists/active,error,null,sample,,
KAIA,api/lists/archive,uniqueId,string,sample,,
KAIA,api/lists/archive,displayName,object,sample,,
KAIA,api/lists/archive,fields,object,sample,,
KAIA,api/lists/archive,contentTypes,object,sample,,
KAIA,api/lists/archive,error,null,sample,,
